transaction_id,item,quantity,price_per_unit,total_spent,payment_method,location,transaction_date,year,month,day
1961373,coffee,2.0,2.0,4.0,credit card,takeaway,2023-09-08,2023.0,9.0,8.0
4977031,cake,4.0,3.0,12.0,cash,in-store,2023-05-16,2023.0,5.0,16.0
4271903,cookie,4.0,1.0,4.0,credit card,in-store,2023-07-19,2023.0,7.0,19.0
7034554,salad,2.0,5.0,10.0,,,2023-04-27,2023.0,4.0,27.0
3160411,coffee,2.0,2.0,4.0,digital wallet,in-store,2023-06-11,2023.0,6.0,11.0
2602893,smoothie,5.0,4.0,20.0,credit card,,2023-03-31,2023.0,3.0,31.0
4433211,,3.0,3.0,9.0,,takeaway,2023-10-06,2023.0,10.0,6.0
6699534,sandwich,4.0,4.0,16.0,cash,,2023-10-28,2023.0,10.0,28.0
4717867,,5.0,3.0,15.0,,takeaway,2023-07-28,2023.0,7.0,28.0
2064365,sandwich,5.0,4.0,20.0,,in-store,2023-12-31,2023.0,12.0,31.0
2548360,salad,5.0,5.0,25.0,cash,takeaway,2023-11-07,2023.0,11.0,7.0
3051279,sandwich,2.0,4.0,8.0,credit card,takeaway,,,,
7619095,sandwich,2.0,4.0,8.0,cash,in-store,2023-05-03,2023.0,5.0,3.0
9437049,cookie,5.0,1.0,5.0,,takeaway,2023-06-01,2023.0,6.0,1.0
8915701,,2.0,1.5,3.0,,in-store,2023-03-21,2023.0,3.0,21.0
2847255,salad,3.0,5.0,15.0,credit card,in-store,2023-11-15,2023.0,11.0,15.0
3765707,sandwich,1.0,4.0,4.0,,,2023-06-10,2023.0,6.0,10.0
6769710,juice,2.0,3.0,6.0,cash,in-store,2023-02-24,2023.0,2.0,24.0
8876618,cake,5.0,3.0,15.0,cash,,2023-03-25,2023.0,3.0,25.0
3709394,juice,4.0,3.0,12.0,cash,takeaway,2023-01-15,2023.0,1.0,15.0
3522028,smoothie,,4.0,,cash,in-store,2023-04-04,2023.0,4.0,4.0
3567645,smoothie,4.0,4.0,16.0,credit card,takeaway,2023-03-30,2023.0,3.0,30.0
5132361,sandwich,3.0,4.0,12.0,digital wallet,takeaway,2023-12-01,2023.0,12.0,1.0
2616390,sandwich,2.0,4.0,8.0,,,2023-09-18,2023.0,9.0,18.0
9400181,sandwich,5.0,4.0,20.0,cash,in-store,2023-06-03,2023.0,6.0,3.0
7958992,smoothie,3.0,4.0,12.0,,,2023-12-13,2023.0,12.0,13.0
5183041,cookie,5.0,1.0,5.0,credit card,in-store,2023-04-20,2023.0,4.0,20.0
5695074,juice,4.0,3.0,12.0,credit card,takeaway,2023-04-10,2023.0,4.0,10.0
8467949,smoothie,5.0,4.0,20.0,credit card,,2023-03-11,2023.0,3.0,11.0
7640952,cake,4.0,3.0,12.0,digital wallet,takeaway,,,,
1736287,,5.0,2.0,10.0,digital wallet,,2023-06-02,2023.0,6.0,2.0
8927252,,2.0,1.0,2.0,credit card,,2023-11-06,2023.0,11.0,6.0
9677376,smoothie,4.0,4.0,16.0,,in-store,2023-08-15,2023.0,8.0,15.0
7710508,,5.0,1.0,5.0,cash,,,,,
8853997,smoothie,2.0,4.0,8.0,digital wallet,takeaway,2023-10-09,2023.0,10.0,9.0
9130559,sandwich,1.0,4.0,4.0,credit card,,2023-05-28,2023.0,5.0,28.0
6855453,,4.0,3.0,12.0,,in-store,2023-07-17,2023.0,7.0,17.0
1080432,salad,2.0,5.0,10.0,credit card,in-store,2023-04-29,2023.0,4.0,29.0
2655815,smoothie,4.0,4.0,16.0,,takeaway,2023-06-08,2023.0,6.0,8.0
6688524,coffee,4.0,2.0,8.0,,,2023-06-29,2023.0,6.0,29.0
2083138,smoothie,3.0,4.0,12.0,,in-store,2023-04-17,2023.0,4.0,17.0
2427584,sandwich,4.0,4.0,16.0,,takeaway,2023-12-22,2023.0,12.0,22.0
6650263,tea,2.0,1.5,3.0,,takeaway,2023-01-10,2023.0,1.0,10.0
9620080,juice,4.0,3.0,12.0,,takeaway,2023-10-02,2023.0,10.0,2.0
1491578,cookie,2.0,1.0,2.0,,,2023-02-23,2023.0,2.0,23.0
5455792,salad,3.0,5.0,15.0,cash,,2023-03-22,2023.0,3.0,22.0
8078640,juice,4.0,3.0,12.0,digital wallet,in-store,2023-11-03,2023.0,11.0,3.0
9499313,juice,5.0,3.0,15.0,,,2023-03-02,2023.0,3.0,2.0
8201146,juice,5.0,3.0,15.0,cash,,2023-06-26,2023.0,6.0,26.0
8230936,cake,3.0,3.0,9.0,,,2023-05-02,2023.0,5.0,2.0
7742742,cake,5.0,3.0,15.0,,takeaway,2023-09-05,2023.0,9.0,5.0
6342161,salad,5.0,5.0,25.0,,takeaway,2023-01-08,2023.0,1.0,8.0
8914892,,5.0,5.0,25.0,digital wallet,,2023-03-15,2023.0,3.0,15.0
3363746,smoothie,3.0,4.0,12.0,credit card,,2023-11-25,2023.0,11.0,25.0
8614868,smoothie,5.0,4.0,20.0,digital wallet,takeaway,2023-12-05,2023.0,12.0,5.0
5522862,cookie,,1.0,,credit card,takeaway,2023-03-19,2023.0,3.0,19.0
3578141,cake,5.0,,,,takeaway,2023-06-27,2023.0,6.0,27.0
2080895,cake,,3.0,,digital wallet,in-store,2023-04-19,2023.0,4.0,19.0
6421134,sandwich,4.0,4.0,16.0,cash,takeaway,2023-11-03,2023.0,11.0,3.0
8813311,juice,5.0,3.0,15.0,,in-store,2023-10-07,2023.0,10.0,7.0
9023317,salad,1.0,5.0,5.0,,,2023-09-30,2023.0,9.0,30.0
8051289,,1.0,3.0,3.0,,in-store,2023-10-09,2023.0,10.0,9.0
2537617,sandwich,1.0,4.0,4.0,cash,,2023-05-27,2023.0,5.0,27.0
9099694,,3.0,5.0,15.0,,takeaway,2023-11-18,2023.0,11.0,18.0
9230615,smoothie,4.0,4.0,16.0,digital wallet,,2023-06-01,2023.0,6.0,1.0
4987129,sandwich,3.0,,,,in-store,2023-10-20,2023.0,10.0,20.0
8501819,juice,,3.0,,cash,,2023-03-30,2023.0,3.0,30.0
3068204,cookie,1.0,1.0,1.0,credit card,takeaway,2023-10-03,2023.0,10.0,3.0
8427104,salad,2.0,,,,in-store,2023-10-27,2023.0,10.0,27.0
8471743,,5.0,3.0,15.0,digital wallet,in-store,2023-04-06,2023.0,4.0,6.0
2621580,tea,2.0,1.5,3.0,cash,in-store,2023-03-22,2023.0,3.0,22.0
4726376,cake,2.0,3.0,6.0,credit card,in-store,2023-01-31,2023.0,1.0,31.0
6044979,,1.0,1.0,1.0,cash,in-store,2023-12-08,2023.0,12.0,8.0
4238417,salad,2.0,5.0,10.0,,,2023-06-19,2023.0,6.0,19.0
1900620,smoothie,2.0,4.0,8.0,credit card,,2023-12-14,2023.0,12.0,14.0
6420335,coffee,1.0,2.0,2.0,cash,takeaway,2023-07-16,2023.0,7.0,16.0
3858209,sandwich,4.0,4.0,16.0,cash,,2023-02-22,2023.0,2.0,22.0
2091733,salad,1.0,5.0,5.0,,in-store,,,,
8735480,tea,5.0,1.5,7.5,cash,,2023-06-02,2023.0,6.0,2.0
3829165,juice,4.0,3.0,12.0,cash,in-store,2023-06-15,2023.0,6.0,15.0
3748616,coffee,2.0,2.0,4.0,credit card,in-store,2023-12-09,2023.0,12.0,9.0
1993289,sandwich,2.0,4.0,8.0,,in-store,2023-04-18,2023.0,4.0,18.0
2123367,cookie,2.0,1.0,2.0,,,2023-11-07,2023.0,11.0,7.0
5266394,cake,3.0,3.0,9.0,cash,in-store,2023-10-28,2023.0,10.0,28.0
5107946,cake,4.0,3.0,12.0,credit card,,2023-12-22,2023.0,12.0,22.0
8035512,tea,3.0,,,cash,,2023-10-29,2023.0,10.0,29.0
8718498,cake,5.0,3.0,15.0,credit card,,2023-04-30,2023.0,4.0,30.0
3955361,cookie,5.0,1.0,5.0,,takeaway,2023-04-02,2023.0,4.0,2.0
9487821,,1.0,5.0,5.0,digital wallet,takeaway,2023-05-24,2023.0,5.0,24.0
4132730,,5.0,1.0,5.0,,in-store,2023-03-12,2023.0,3.0,12.0
8976658,tea,2.0,1.5,3.0,credit card,in-store,2023-08-16,2023.0,8.0,16.0
5455936,,5.0,3.0,15.0,,in-store,2023-10-28,2023.0,10.0,28.0
2725602,juice,5.0,3.0,15.0,credit card,,2023-09-10,2023.0,9.0,10.0
3011323,coffee,3.0,2.0,6.0,credit card,,2023-03-07,2023.0,3.0,7.0
6289610,juice,3.0,3.0,9.0,cash,takeaway,2023-08-07,2023.0,8.0,7.0
8268061,salad,3.0,5.0,15.0,,takeaway,2023-08-20,2023.0,8.0,20.0
5220895,salad,5.0,5.0,25.0,cash,in-store,2023-06-10,2023.0,6.0,10.0
3085509,coffee,4.0,2.0,8.0,digital wallet,in-store,2023-04-15,2023.0,4.0,15.0
9999113,juice,4.0,3.0,12.0,cash,takeaway,2023-05-27,2023.0,5.0,27.0
8779771,coffee,4.0,2.0,8.0,cash,in-store,2023-07-25,2023.0,7.0,25.0
9517146,,5.0,5.0,25.0,cash,takeaway,2023-10-30,2023.0,10.0,30.0
1621920,salad,3.0,5.0,15.0,,takeaway,2023-10-28,2023.0,10.0,28.0
3808639,juice,2.0,3.0,6.0,digital wallet,takeaway,2023-12-15,2023.0,12.0,15.0
7028009,cake,4.0,3.0,12.0,,takeaway,,,,
7447872,juice,2.0,,,,,,,,
6955416,salad,4.0,5.0,20.0,,in-store,2023-02-25,2023.0,2.0,25.0
3775339,cookie,3.0,1.0,3.0,credit card,,2023-04-03,2023.0,4.0,3.0
9547091,cookie,3.0,1.0,3.0,credit card,,2023-10-08,2023.0,10.0,8.0
4358673,cookie,5.0,1.0,5.0,digital wallet,takeaway,2023-12-28,2023.0,12.0,28.0
4174591,tea,4.0,1.5,6.0,digital wallet,,2023-08-30,2023.0,8.0,30.0
3398520,sandwich,1.0,4.0,4.0,,in-store,2023-02-03,2023.0,2.0,3.0
6171384,smoothie,2.0,4.0,8.0,credit card,,2023-09-12,2023.0,9.0,12.0
2530938,smoothie,5.0,4.0,20.0,,takeaway,2023-04-27,2023.0,4.0,27.0
3314971,juice,3.0,3.0,9.0,digital wallet,,2023-05-04,2023.0,5.0,4.0
3092382,coffee,5.0,2.0,10.0,digital wallet,,2023-02-21,2023.0,2.0,21.0
1001832,salad,2.0,5.0,10.0,cash,takeaway,,,,
1535311,juice,3.0,3.0,9.0,cash,,2023-03-16,2023.0,3.0,16.0
2148617,juice,,3.0,,digital wallet,,2023-01-10,2023.0,1.0,10.0
4633784,,5.0,,,,in-store,2023-02-06,2023.0,2.0,6.0
4368416,salad,2.0,5.0,10.0,credit card,takeaway,2023-02-24,2023.0,2.0,24.0
9790731,cake,2.0,3.0,6.0,,,2023-06-02,2023.0,6.0,2.0
9339456,coffee,3.0,2.0,6.0,,takeaway,2023-03-29,2023.0,3.0,29.0
5179020,cake,2.0,3.0,6.0,,takeaway,2023-06-18,2023.0,6.0,18.0
6258471,coffee,5.0,2.0,10.0,digital wallet,in-store,2023-09-23,2023.0,9.0,23.0
7945375,juice,3.0,3.0,9.0,,,2023-01-14,2023.0,1.0,14.0
4685453,tea,4.0,1.5,6.0,cash,in-store,2023-09-14,2023.0,9.0,14.0
9646452,juice,5.0,3.0,15.0,credit card,,2023-09-16,2023.0,9.0,16.0
9096052,smoothie,4.0,4.0,16.0,credit card,takeaway,2023-12-28,2023.0,12.0,28.0
5916991,juice,2.0,3.0,6.0,digital wallet,takeaway,2023-02-06,2023.0,2.0,6.0
3407169,sandwich,2.0,4.0,8.0,cash,in-store,2023-03-11,2023.0,3.0,11.0
2277042,tea,1.0,1.5,1.5,cash,,2023-04-08,2023.0,4.0,8.0
9273729,tea,1.0,1.5,1.5,,,2023-12-19,2023.0,12.0,19.0
2181545,juice,4.0,3.0,12.0,credit card,takeaway,2023-07-14,2023.0,7.0,14.0
1150033,juice,5.0,3.0,15.0,cash,in-store,2023-04-18,2023.0,4.0,18.0
1443912,juice,2.0,3.0,6.0,,,2023-06-08,2023.0,6.0,8.0
8700451,tea,5.0,1.5,7.5,credit card,takeaway,2023-12-12,2023.0,12.0,12.0
6380550,coffee,5.0,2.0,10.0,cash,in-store,2023-01-05,2023.0,1.0,5.0
4885518,salad,3.0,5.0,15.0,credit card,in-store,2023-06-10,2023.0,6.0,10.0
3972167,sandwich,5.0,4.0,20.0,,in-store,2023-01-23,2023.0,1.0,23.0
4878378,tea,1.0,1.5,1.5,credit card,,2023-02-20,2023.0,2.0,20.0
2484241,cake,3.0,,,digital wallet,,2023-07-19,2023.0,7.0,19.0
2368126,cake,5.0,3.0,15.0,,in-store,2023-12-06,2023.0,12.0,6.0
7943008,coffee,1.0,2.0,2.0,credit card,,,,,
8495063,juice,1.0,3.0,3.0,cash,,2023-05-31,2023.0,5.0,31.0
4811133,salad,2.0,5.0,10.0,cash,,2023-08-11,2023.0,8.0,11.0
8729570,tea,5.0,1.5,7.5,,in-store,2023-09-03,2023.0,9.0,3.0
7623634,cake,2.0,3.0,6.0,credit card,in-store,2023-07-11,2023.0,7.0,11.0
9336980,salad,4.0,,,cash,in-store,2023-06-06,2023.0,6.0,6.0
3424331,cake,4.0,3.0,12.0,,,2023-01-18,2023.0,1.0,18.0
5072031,cake,2.0,3.0,6.0,cash,takeaway,2023-03-23,2023.0,3.0,23.0
8687151,salad,5.0,5.0,25.0,cash,,2023-06-10,2023.0,6.0,10.0
4031509,,4.0,,,credit card,takeaway,2023-01-04,2023.0,1.0,4.0
5265095,coffee,1.0,2.0,2.0,,,2023-06-23,2023.0,6.0,23.0
6541415,,,3.0,,cash,in-store,2023-11-25,2023.0,11.0,25.0
4108138,coffee,5.0,2.0,10.0,cash,,2023-08-03,2023.0,8.0,3.0
1909796,smoothie,2.0,4.0,8.0,,takeaway,2023-07-12,2023.0,7.0,12.0
1928241,coffee,3.0,2.0,6.0,cash,in-store,2023-04-30,2023.0,4.0,30.0
4283157,salad,5.0,5.0,25.0,digital wallet,in-store,2023-11-25,2023.0,11.0,25.0
8013032,coffee,2.0,2.0,4.0,credit card,,2023-03-07,2023.0,3.0,7.0
8301424,juice,2.0,3.0,6.0,,,2023-06-27,2023.0,6.0,27.0
1093800,sandwich,3.0,4.0,12.0,cash,takeaway,,,,
7965998,juice,1.0,,,credit card,in-store,2023-11-02,2023.0,11.0,2.0
9238666,cookie,1.0,,,,takeaway,2023-07-31,2023.0,7.0,31.0
1631695,tea,2.0,1.5,3.0,,in-store,2023-09-19,2023.0,9.0,19.0
1435086,cake,5.0,,,,,2023-02-09,2023.0,2.0,9.0
3226832,,5.0,4.0,20.0,cash,,2023-09-04,2023.0,9.0,4.0
1648671,sandwich,3.0,4.0,12.0,cash,takeaway,2023-05-21,2023.0,5.0,21.0
4062737,cake,3.0,3.0,9.0,cash,in-store,2023-07-02,2023.0,7.0,2.0
3494565,,2.0,4.0,8.0,,,2023-07-10,2023.0,7.0,10.0
9249507,cookie,4.0,1.0,4.0,credit card,in-store,2023-11-21,2023.0,11.0,21.0
4689500,sandwich,4.0,4.0,16.0,,,2023-12-02,2023.0,12.0,2.0
8989148,tea,2.0,1.5,3.0,,,2023-11-25,2023.0,11.0,25.0
8316826,coffee,3.0,2.0,6.0,,in-store,2023-04-17,2023.0,4.0,17.0
9836934,cookie,3.0,1.0,3.0,digital wallet,in-store,2023-03-13,2023.0,3.0,13.0
8005489,cake,3.0,3.0,9.0,,in-store,2023-08-12,2023.0,8.0,12.0
6463132,cookie,5.0,1.0,5.0,credit card,takeaway,,,,
3925836,cookie,3.0,1.0,3.0,digital wallet,in-store,2023-02-16,2023.0,2.0,16.0
1896955,salad,,5.0,,,in-store,2023-09-23,2023.0,9.0,23.0
5075974,smoothie,,4.0,,digital wallet,,2023-04-11,2023.0,4.0,11.0
3978874,smoothie,5.0,4.0,20.0,credit card,in-store,2023-03-13,2023.0,3.0,13.0
8955912,sandwich,1.0,4.0,4.0,,,2023-11-07,2023.0,11.0,7.0
1136554,smoothie,3.0,4.0,12.0,,takeaway,2023-03-26,2023.0,3.0,26.0
8007337,cake,2.0,3.0,6.0,digital wallet,takeaway,2023-11-01,2023.0,11.0,1.0
8129834,salad,1.0,5.0,5.0,cash,,2023-07-22,2023.0,7.0,22.0
3831848,,1.0,4.0,4.0,digital wallet,takeaway,2023-11-03,2023.0,11.0,3.0
5365809,cake,3.0,3.0,9.0,cash,in-store,2023-09-14,2023.0,9.0,14.0
8166407,smoothie,2.0,,,,,2023-07-26,2023.0,7.0,26.0
6629480,smoothie,5.0,4.0,20.0,credit card,in-store,2023-02-28,2023.0,2.0,28.0
3833797,coffee,4.0,2.0,8.0,,in-store,2023-01-27,2023.0,1.0,27.0
2643815,cookie,,1.0,,,,2023-12-06,2023.0,12.0,6.0
2996519,cake,5.0,3.0,15.0,cash,,2023-01-19,2023.0,1.0,19.0
8810894,smoothie,1.0,4.0,4.0,,,2023-02-20,2023.0,2.0,20.0
7412722,juice,4.0,3.0,12.0,cash,in-store,2023-04-07,2023.0,4.0,7.0
3937509,smoothie,2.0,4.0,8.0,,in-store,2023-03-20,2023.0,3.0,20.0
6000201,cookie,3.0,1.0,3.0,cash,takeaway,2023-02-16,2023.0,2.0,16.0
1714274,cookie,4.0,1.0,4.0,,in-store,2023-12-27,2023.0,12.0,27.0
3800182,tea,2.0,,,cash,in-store,2023-10-26,2023.0,10.0,26.0
5115080,,5.0,3.0,15.0,credit card,,2023-02-18,2023.0,2.0,18.0
9788956,juice,,3.0,,,,2023-04-11,2023.0,4.0,11.0
6311602,juice,3.0,3.0,9.0,credit card,,2023-05-15,2023.0,5.0,15.0
2950680,coffee,2.0,2.0,4.0,credit card,takeaway,2023-12-10,2023.0,12.0,10.0
6749847,cake,2.0,3.0,6.0,credit card,,2023-08-15,2023.0,8.0,15.0
2143187,smoothie,1.0,4.0,4.0,,in-store,2023-04-21,2023.0,4.0,21.0
8964522,,3.0,3.0,9.0,credit card,takeaway,2023-10-28,2023.0,10.0,28.0
4088917,coffee,3.0,2.0,6.0,cash,takeaway,2023-02-04,2023.0,2.0,4.0
3779366,cookie,1.0,1.0,1.0,digital wallet,in-store,2023-04-15,2023.0,4.0,15.0
7724048,smoothie,1.0,4.0,4.0,,in-store,2023-11-12,2023.0,11.0,12.0
2698591,tea,5.0,1.5,7.5,,,2023-08-05,2023.0,8.0,5.0
3171373,smoothie,3.0,4.0,12.0,credit card,in-store,2023-05-10,2023.0,5.0,10.0
4129248,sandwich,2.0,4.0,8.0,credit card,,,,,
6498163,smoothie,5.0,4.0,20.0,,in-store,2023-07-15,2023.0,7.0,15.0
6717827,,3.0,5.0,15.0,digital wallet,,2023-11-15,2023.0,11.0,15.0
9089898,salad,3.0,,,credit card,,2023-01-11,2023.0,1.0,11.0
8587583,cake,1.0,,,,,2023-10-01,2023.0,10.0,1.0
8693704,salad,,5.0,,cash,in-store,2023-05-04,2023.0,5.0,4.0
3857960,salad,4.0,5.0,20.0,cash,in-store,2023-04-26,2023.0,4.0,26.0
3499124,,4.0,4.0,16.0,credit card,,2023-08-25,2023.0,8.0,25.0
9250710,salad,1.0,5.0,5.0,cash,in-store,2023-05-28,2023.0,5.0,28.0
7058377,juice,1.0,3.0,3.0,,takeaway,2023-04-30,2023.0,4.0,30.0
6766492,salad,1.0,5.0,5.0,,,2023-01-14,2023.0,1.0,14.0
9879996,coffee,4.0,2.0,8.0,digital wallet,in-store,2023-03-01,2023.0,3.0,1.0
4291940,cake,3.0,3.0,9.0,credit card,in-store,2023-11-13,2023.0,11.0,13.0
7433461,cookie,2.0,1.0,2.0,digital wallet,,2023-07-09,2023.0,7.0,9.0
4068262,salad,2.0,5.0,10.0,credit card,,2023-05-13,2023.0,5.0,13.0
5761073,cookie,1.0,1.0,1.0,cash,in-store,,,,
5047447,salad,1.0,5.0,5.0,digital wallet,takeaway,2023-12-27,2023.0,12.0,27.0
6623508,cookie,5.0,1.0,5.0,digital wallet,takeaway,2023-05-18,2023.0,5.0,18.0
2651216,,3.0,4.0,12.0,,,2023-04-04,2023.0,4.0,4.0
9350833,cake,1.0,,,cash,takeaway,2023-01-17,2023.0,1.0,17.0
8377564,cake,5.0,3.0,15.0,,in-store,2023-07-14,2023.0,7.0,14.0
7031118,salad,1.0,5.0,5.0,credit card,,2023-03-29,2023.0,3.0,29.0
2230167,cake,4.0,3.0,12.0,digital wallet,takeaway,2023-09-22,2023.0,9.0,22.0
6446616,tea,3.0,1.5,4.5,,,2023-09-30,2023.0,9.0,30.0
1721827,cake,4.0,3.0,12.0,digital wallet,,2023-08-22,2023.0,8.0,22.0
6334895,smoothie,1.0,4.0,4.0,credit card,,2023-07-27,2023.0,7.0,27.0
7077119,,1.0,4.0,4.0,digital wallet,in-store,2023-12-30,2023.0,12.0,30.0
8562645,salad,,5.0,,,in-store,2023-05-18,2023.0,5.0,18.0
4700144,coffee,4.0,2.0,8.0,,in-store,2023-12-21,2023.0,12.0,21.0
5526852,sandwich,5.0,4.0,20.0,digital wallet,in-store,2023-09-28,2023.0,9.0,28.0
6846228,salad,3.0,,,,in-store,2023-11-16,2023.0,11.0,16.0
8570890,juice,4.0,3.0,12.0,,,2023-04-14,2023.0,4.0,14.0
3205009,,2.0,1.5,3.0,cash,in-store,2023-01-03,2023.0,1.0,3.0
3786188,tea,3.0,1.5,4.5,credit card,in-store,2023-10-20,2023.0,10.0,20.0
4530804,coffee,4.0,2.0,8.0,,,2023-01-12,2023.0,1.0,12.0
9642066,sandwich,3.0,4.0,12.0,credit card,in-store,2023-08-31,2023.0,8.0,31.0
7328294,juice,2.0,3.0,6.0,cash,,2023-07-07,2023.0,7.0,7.0
1908636,tea,2.0,1.5,3.0,,,,,,
9238066,,5.0,1.5,7.5,digital wallet,in-store,2023-09-15,2023.0,9.0,15.0
5415901,cake,2.0,3.0,6.0,digital wallet,,2023-10-21,2023.0,10.0,21.0
6714420,,2.0,3.0,6.0,credit card,takeaway,2023-03-30,2023.0,3.0,30.0
6616971,juice,2.0,3.0,6.0,digital wallet,takeaway,2023-09-02,2023.0,9.0,2.0
7803615,salad,3.0,5.0,15.0,cash,in-store,2023-12-13,2023.0,12.0,13.0
7549542,cookie,5.0,1.0,5.0,,takeaway,,,,
3544789,tea,4.0,1.5,6.0,,in-store,2023-07-14,2023.0,7.0,14.0
1583597,salad,1.0,5.0,5.0,cash,in-store,2023-05-10,2023.0,5.0,10.0
8472308,cookie,2.0,1.0,2.0,digital wallet,takeaway,2023-08-19,2023.0,8.0,19.0
1967565,smoothie,5.0,4.0,20.0,credit card,takeaway,2023-03-31,2023.0,3.0,31.0
2029497,sandwich,2.0,4.0,8.0,cash,takeaway,2023-01-06,2023.0,1.0,6.0
8929774,,3.0,3.0,9.0,cash,,2023-10-02,2023.0,10.0,2.0
5003018,cookie,4.0,1.0,4.0,digital wallet,,,,,
7852990,sandwich,5.0,4.0,20.0,digital wallet,takeaway,2023-07-10,2023.0,7.0,10.0
2534066,salad,2.0,5.0,10.0,cash,,2023-10-13,2023.0,10.0,13.0
2059647,tea,1.0,1.5,1.5,digital wallet,in-store,2023-05-29,2023.0,5.0,29.0
2485183,smoothie,5.0,4.0,20.0,cash,in-store,2023-07-07,2023.0,7.0,7.0
7374846,sandwich,1.0,4.0,4.0,credit card,,2023-05-29,2023.0,5.0,29.0
9401522,sandwich,4.0,4.0,16.0,digital wallet,in-store,2023-11-16,2023.0,11.0,16.0
8250651,sandwich,4.0,4.0,16.0,digital wallet,in-store,2023-03-13,2023.0,3.0,13.0
7191245,cake,4.0,3.0,12.0,,takeaway,2023-05-22,2023.0,5.0,22.0
8982764,cake,5.0,3.0,15.0,digital wallet,takeaway,2023-11-23,2023.0,11.0,23.0
8669422,,4.0,3.0,12.0,cash,takeaway,2023-10-15,2023.0,10.0,15.0
1153869,smoothie,5.0,4.0,20.0,credit card,takeaway,2023-11-03,2023.0,11.0,3.0
5043774,sandwich,3.0,4.0,12.0,cash,,2023-06-08,2023.0,6.0,8.0
1746320,salad,1.0,5.0,5.0,cash,,2023-11-14,2023.0,11.0,14.0
1077129,cookie,1.0,1.0,1.0,,in-store,2023-09-12,2023.0,9.0,12.0
4865338,sandwich,,4.0,,,in-store,2023-11-26,2023.0,11.0,26.0
5616583,smoothie,1.0,4.0,4.0,,,2023-10-13,2023.0,10.0,13.0
2078474,cookie,2.0,1.0,2.0,,takeaway,2023-11-03,2023.0,11.0,3.0
2130245,smoothie,5.0,4.0,20.0,credit card,,2023-11-13,2023.0,11.0,13.0
3229409,juice,,3.0,,cash,takeaway,2023-04-15,2023.0,4.0,15.0
9076216,cake,1.0,3.0,3.0,cash,,2023-12-17,2023.0,12.0,17.0
6371987,tea,5.0,1.5,7.5,,takeaway,2023-03-13,2023.0,3.0,13.0
9913877,,2.0,2.0,4.0,credit card,,2023-05-09,2023.0,5.0,9.0
2084377,smoothie,1.0,4.0,4.0,credit card,,2023-10-22,2023.0,10.0,22.0
1842675,,4.0,1.0,4.0,credit card,takeaway,2023-06-23,2023.0,6.0,23.0
8605813,cookie,1.0,1.0,1.0,,,2023-06-30,2023.0,6.0,30.0
9755352,sandwich,5.0,4.0,20.0,,in-store,2023-05-13,2023.0,5.0,13.0
7550498,juice,5.0,3.0,15.0,,in-store,,,,
2305908,coffee,,2.0,,cash,,2023-04-25,2023.0,4.0,25.0
6953697,,3.0,4.0,12.0,,takeaway,2023-05-27,2023.0,5.0,27.0
3495950,,4.0,,,credit card,in-store,2023-02-19,2023.0,2.0,19.0
7557340,tea,5.0,1.5,7.5,credit card,in-store,2023-12-11,2023.0,12.0,11.0
1157817,smoothie,1.0,4.0,4.0,digital wallet,in-store,2023-04-25,2023.0,4.0,25.0
2020318,tea,3.0,1.5,4.5,digital wallet,in-store,2023-10-12,2023.0,10.0,12.0
8692094,coffee,5.0,2.0,10.0,,takeaway,2023-08-30,2023.0,8.0,30.0
5307411,cake,3.0,3.0,9.0,digital wallet,takeaway,2023-10-21,2023.0,10.0,21.0
9703120,coffee,3.0,2.0,6.0,credit card,,2023-11-02,2023.0,11.0,2.0
1289133,juice,1.0,3.0,3.0,cash,,2023-09-19,2023.0,9.0,19.0
2031459,cake,3.0,3.0,9.0,cash,takeaway,2023-07-04,2023.0,7.0,4.0
1333682,smoothie,1.0,4.0,4.0,digital wallet,,2023-01-28,2023.0,1.0,28.0
2256622,cookie,2.0,,,cash,in-store,2023-10-04,2023.0,10.0,4.0
1623966,tea,2.0,1.5,3.0,cash,takeaway,,,,
4912930,smoothie,3.0,4.0,12.0,credit card,in-store,2023-02-26,2023.0,2.0,26.0
4942692,coffee,2.0,2.0,4.0,,takeaway,2023-01-15,2023.0,1.0,15.0
3723007,tea,3.0,1.5,4.5,digital wallet,in-store,2023-05-18,2023.0,5.0,18.0
7922392,sandwich,3.0,4.0,12.0,,,2023-05-03,2023.0,5.0,3.0
7498727,salad,3.0,5.0,15.0,cash,,2023-11-06,2023.0,11.0,6.0
1222338,cookie,1.0,1.0,1.0,,in-store,2023-10-11,2023.0,10.0,11.0
6878866,smoothie,3.0,4.0,12.0,credit card,,2023-02-25,2023.0,2.0,25.0
1260335,cookie,4.0,1.0,4.0,digital wallet,in-store,,,,
9223242,smoothie,2.0,4.0,8.0,,,2023-09-10,2023.0,9.0,10.0
6244211,smoothie,2.0,4.0,8.0,,,2023-08-11,2023.0,8.0,11.0
5446858,,1.0,1.0,1.0,cash,in-store,2023-11-07,2023.0,11.0,7.0
4612864,tea,3.0,1.5,4.5,,,2023-02-14,2023.0,2.0,14.0
5411381,cookie,,1.0,,,,2023-04-28,2023.0,4.0,28.0
3047598,cookie,1.0,1.0,1.0,,,2023-09-06,2023.0,9.0,6.0
5754317,coffee,2.0,,,credit card,takeaway,2023-01-10,2023.0,1.0,10.0
7496926,sandwich,3.0,4.0,12.0,,in-store,2023-04-23,2023.0,4.0,23.0
1726858,smoothie,3.0,4.0,12.0,cash,in-store,,,,
7559388,salad,4.0,5.0,20.0,digital wallet,takeaway,2023-02-26,2023.0,2.0,26.0
8540499,cookie,3.0,1.0,3.0,cash,in-store,2023-01-22,2023.0,1.0,22.0
4225756,cookie,3.0,1.0,3.0,,in-store,2023-03-10,2023.0,3.0,10.0
6795640,cookie,4.0,1.0,4.0,digital wallet,takeaway,2023-01-28,2023.0,1.0,28.0
6702428,coffee,5.0,2.0,10.0,cash,takeaway,2023-08-11,2023.0,8.0,11.0
8955259,,2.0,4.0,8.0,credit card,,2023-11-18,2023.0,11.0,18.0
4639319,coffee,5.0,2.0,10.0,cash,,2023-01-09,2023.0,1.0,9.0
5997803,coffee,5.0,2.0,10.0,,in-store,2023-12-03,2023.0,12.0,3.0
1340956,,4.0,2.0,8.0,,,2023-10-26,2023.0,10.0,26.0
1259671,sandwich,,4.0,,digital wallet,in-store,2023-10-08,2023.0,10.0,8.0
8319993,juice,1.0,3.0,3.0,digital wallet,,2023-08-06,2023.0,8.0,6.0
8894157,sandwich,4.0,4.0,16.0,credit card,,,,,
5523450,salad,5.0,5.0,25.0,credit card,takeaway,2023-07-02,2023.0,7.0,2.0
7838964,sandwich,3.0,4.0,12.0,credit card,in-store,2023-06-15,2023.0,6.0,15.0
2773987,smoothie,5.0,4.0,20.0,,,2023-01-11,2023.0,1.0,11.0
1158829,tea,1.0,,,credit card,,2023-10-02,2023.0,10.0,2.0
2523298,,4.0,,,,in-store,2023-03-25,2023.0,3.0,25.0
8685737,smoothie,2.0,4.0,8.0,,in-store,2023-11-02,2023.0,11.0,2.0
5634135,cookie,2.0,,,,,2023-01-27,2023.0,1.0,27.0
1524626,smoothie,2.0,4.0,8.0,digital wallet,,2023-12-29,2023.0,12.0,29.0
7275407,smoothie,2.0,4.0,8.0,digital wallet,in-store,2023-10-20,2023.0,10.0,20.0
2889622,juice,4.0,3.0,12.0,credit card,,2023-11-01,2023.0,11.0,1.0
6849113,cookie,,1.0,,credit card,,2023-07-14,2023.0,7.0,14.0
2265316,cookie,,1.0,,credit card,in-store,2023-12-29,2023.0,12.0,29.0
9472241,salad,3.0,5.0,15.0,cash,takeaway,2023-06-30,2023.0,6.0,30.0
7345414,salad,1.0,,,,,2023-02-15,2023.0,2.0,15.0
4473352,cake,1.0,3.0,3.0,,in-store,2023-11-16,2023.0,11.0,16.0
2814363,tea,2.0,1.5,3.0,,,2023-07-02,2023.0,7.0,2.0
1846004,juice,3.0,3.0,9.0,cash,in-store,2023-05-21,2023.0,5.0,21.0
7140471,cake,1.0,3.0,3.0,credit card,,2023-05-25,2023.0,5.0,25.0
3119542,smoothie,1.0,4.0,4.0,credit card,,2023-10-31,2023.0,10.0,31.0
7773968,sandwich,5.0,4.0,20.0,digital wallet,takeaway,2023-02-24,2023.0,2.0,24.0
9081088,tea,2.0,1.5,3.0,cash,takeaway,2023-02-27,2023.0,2.0,27.0
8559167,sandwich,5.0,4.0,20.0,,takeaway,2023-12-09,2023.0,12.0,9.0
1130191,smoothie,2.0,4.0,8.0,cash,in-store,2023-04-06,2023.0,4.0,6.0
5215451,sandwich,5.0,4.0,20.0,digital wallet,,2023-11-02,2023.0,11.0,2.0
1040764,coffee,3.0,2.0,6.0,cash,takeaway,2023-07-27,2023.0,7.0,27.0
5457133,juice,5.0,3.0,15.0,,in-store,2023-03-03,2023.0,3.0,3.0
8365478,,3.0,4.0,12.0,cash,takeaway,2023-02-06,2023.0,2.0,6.0
2100697,coffee,3.0,2.0,6.0,digital wallet,takeaway,2023-09-19,2023.0,9.0,19.0
7676968,smoothie,4.0,4.0,16.0,,in-store,2023-02-21,2023.0,2.0,21.0
5726998,cake,3.0,3.0,9.0,credit card,,2023-08-12,2023.0,8.0,12.0
4134594,sandwich,3.0,4.0,12.0,digital wallet,in-store,2023-09-27,2023.0,9.0,27.0
5079340,cookie,4.0,1.0,4.0,cash,in-store,2023-08-18,2023.0,8.0,18.0
8276635,,4.0,4.0,16.0,digital wallet,takeaway,2023-12-16,2023.0,12.0,16.0
1380601,tea,4.0,1.5,6.0,digital wallet,in-store,2023-03-11,2023.0,3.0,11.0
3959152,juice,1.0,3.0,3.0,,in-store,2023-05-21,2023.0,5.0,21.0
7776739,tea,2.0,1.5,3.0,,takeaway,2023-02-23,2023.0,2.0,23.0
7569615,,2.0,3.0,6.0,cash,takeaway,2023-06-07,2023.0,6.0,7.0
8703771,cake,5.0,3.0,15.0,,in-store,2023-05-12,2023.0,5.0,12.0
2052395,smoothie,3.0,4.0,12.0,credit card,in-store,2023-07-06,2023.0,7.0,6.0
9421441,,2.0,4.0,8.0,cash,,2023-06-20,2023.0,6.0,20.0
9065402,,1.0,5.0,5.0,cash,takeaway,2023-12-22,2023.0,12.0,22.0
3638955,cookie,2.0,,,cash,takeaway,2023-09-02,2023.0,9.0,2.0
2635532,,4.0,4.0,16.0,cash,takeaway,2023-01-14,2023.0,1.0,14.0
8256593,salad,2.0,5.0,10.0,digital wallet,takeaway,2023-08-09,2023.0,8.0,9.0
9271457,cake,3.0,3.0,9.0,digital wallet,in-store,2023-02-27,2023.0,2.0,27.0
5392603,coffee,1.0,2.0,2.0,cash,in-store,2023-05-14,2023.0,5.0,14.0
6319728,coffee,,2.0,,credit card,in-store,2023-07-18,2023.0,7.0,18.0
9263299,cookie,2.0,1.0,2.0,credit card,takeaway,2023-10-08,2023.0,10.0,8.0
2301505,cake,5.0,3.0,15.0,digital wallet,,2023-03-21,2023.0,3.0,21.0
5895177,cake,5.0,3.0,15.0,,,2023-08-16,2023.0,8.0,16.0
8751516,tea,3.0,1.5,4.5,cash,takeaway,,,,
8147357,tea,5.0,1.5,7.5,,takeaway,2023-04-20,2023.0,4.0,20.0
1436343,cookie,1.0,1.0,1.0,credit card,in-store,2023-11-26,2023.0,11.0,26.0
2214698,salad,4.0,5.0,20.0,credit card,,2023-10-10,2023.0,10.0,10.0
7480234,salad,1.0,5.0,5.0,cash,takeaway,2023-05-10,2023.0,5.0,10.0
3283097,,5.0,2.0,10.0,cash,takeaway,2023-02-28,2023.0,2.0,28.0
2633602,,2.0,3.0,6.0,digital wallet,in-store,2023-02-02,2023.0,2.0,2.0
3093219,juice,5.0,3.0,15.0,cash,,2023-01-28,2023.0,1.0,28.0
3515730,,1.0,1.0,1.0,credit card,,2023-08-14,2023.0,8.0,14.0
3665733,coffee,5.0,2.0,10.0,cash,takeaway,,,,
4010658,tea,5.0,1.5,7.5,,,2023-09-26,2023.0,9.0,26.0
1454467,juice,3.0,3.0,9.0,cash,in-store,2023-03-15,2023.0,3.0,15.0
2598728,cake,2.0,3.0,6.0,credit card,,2023-01-13,2023.0,1.0,13.0
3390285,tea,2.0,1.5,3.0,,takeaway,2023-02-06,2023.0,2.0,6.0
8224079,cookie,5.0,1.0,5.0,cash,in-store,2023-10-16,2023.0,10.0,16.0
1916339,cake,1.0,3.0,3.0,cash,in-store,2023-07-15,2023.0,7.0,15.0
8611035,sandwich,5.0,4.0,20.0,digital wallet,in-store,2023-05-28,2023.0,5.0,28.0
3595735,tea,4.0,1.5,6.0,digital wallet,takeaway,2023-03-26,2023.0,3.0,26.0
4884822,cookie,1.0,1.0,1.0,credit card,,2023-04-23,2023.0,4.0,23.0
3668051,cake,1.0,3.0,3.0,,,2023-11-17,2023.0,11.0,17.0
6169633,salad,4.0,5.0,20.0,credit card,takeaway,2023-12-20,2023.0,12.0,20.0
3884811,coffee,4.0,2.0,8.0,credit card,,2023-06-10,2023.0,6.0,10.0
7050740,,1.0,3.0,3.0,cash,takeaway,2023-07-12,2023.0,7.0,12.0
1234097,cookie,4.0,,,cash,,2023-12-04,2023.0,12.0,4.0
4518102,tea,5.0,1.5,7.5,credit card,in-store,2023-02-08,2023.0,2.0,8.0
5939055,coffee,3.0,2.0,6.0,,takeaway,2023-10-21,2023.0,10.0,21.0
7809183,,4.0,1.0,4.0,digital wallet,takeaway,2023-09-08,2023.0,9.0,8.0
6071202,,1.0,1.0,1.0,cash,in-store,2023-06-07,2023.0,6.0,7.0
8158496,tea,4.0,1.5,6.0,cash,,2023-06-19,2023.0,6.0,19.0
2726848,cake,5.0,3.0,15.0,credit card,,2023-09-11,2023.0,9.0,11.0
3666858,cake,4.0,3.0,12.0,credit card,in-store,2023-12-27,2023.0,12.0,27.0
5499915,cookie,2.0,1.0,2.0,digital wallet,takeaway,2023-02-01,2023.0,2.0,1.0
4660753,juice,,3.0,,credit card,takeaway,2023-10-04,2023.0,10.0,4.0
8089522,sandwich,4.0,,,cash,takeaway,2023-02-12,2023.0,2.0,12.0
1564754,salad,3.0,5.0,15.0,digital wallet,in-store,2023-03-14,2023.0,3.0,14.0
1824506,cake,1.0,3.0,3.0,cash,in-store,2023-03-02,2023.0,3.0,2.0
3229758,coffee,4.0,2.0,8.0,cash,takeaway,,,,
3677592,sandwich,2.0,4.0,8.0,cash,,2023-05-29,2023.0,5.0,29.0
1002457,cookie,5.0,1.0,5.0,digital wallet,takeaway,2023-09-29,2023.0,9.0,29.0
8056263,smoothie,5.0,4.0,20.0,,in-store,2023-04-20,2023.0,4.0,20.0
4732351,sandwich,1.0,4.0,4.0,digital wallet,in-store,2023-04-22,2023.0,4.0,22.0
8049191,cake,3.0,3.0,9.0,credit card,,2023-07-31,2023.0,7.0,31.0
4980036,cake,2.0,3.0,6.0,cash,takeaway,2023-01-05,2023.0,1.0,5.0
3022839,coffee,5.0,2.0,10.0,digital wallet,takeaway,2023-08-25,2023.0,8.0,25.0
7701070,coffee,5.0,2.0,10.0,credit card,takeaway,2023-07-28,2023.0,7.0,28.0
8048037,sandwich,2.0,4.0,8.0,digital wallet,takeaway,2023-03-31,2023.0,3.0,31.0
4619029,sandwich,3.0,4.0,12.0,credit card,in-store,,,,
4444463,cake,4.0,3.0,12.0,,,2023-05-16,2023.0,5.0,16.0
1887522,sandwich,4.0,4.0,16.0,cash,in-store,2023-02-20,2023.0,2.0,20.0
6908953,tea,1.0,1.5,1.5,,in-store,2023-12-08,2023.0,12.0,8.0
4759769,sandwich,1.0,4.0,4.0,,in-store,2023-08-03,2023.0,8.0,3.0
2254479,tea,2.0,1.5,3.0,,takeaway,2023-08-03,2023.0,8.0,3.0
7555408,salad,2.0,5.0,10.0,,in-store,2023-06-06,2023.0,6.0,6.0
6857943,cake,5.0,3.0,15.0,,takeaway,2023-01-08,2023.0,1.0,8.0
4796350,,,4.0,,,takeaway,,,,
9552845,sandwich,3.0,4.0,12.0,cash,,2023-02-18,2023.0,2.0,18.0
6769465,juice,5.0,3.0,15.0,digital wallet,in-store,2023-06-13,2023.0,6.0,13.0
7438831,coffee,5.0,,,,,2023-12-24,2023.0,12.0,24.0
3871837,tea,,1.5,,digital wallet,takeaway,2023-12-15,2023.0,12.0,15.0
3656762,sandwich,2.0,4.0,8.0,,takeaway,2023-07-31,2023.0,7.0,31.0
4980282,cake,1.0,3.0,3.0,digital wallet,in-store,2023-10-22,2023.0,10.0,22.0
3580786,tea,1.0,,,,in-store,2023-03-28,2023.0,3.0,28.0
4355728,,4.0,3.0,12.0,credit card,,2023-03-06,2023.0,3.0,6.0
2508476,smoothie,5.0,4.0,20.0,cash,,2023-04-14,2023.0,4.0,14.0
1325631,cake,4.0,,,credit card,in-store,2023-02-11,2023.0,2.0,11.0
8209125,cookie,3.0,1.0,3.0,credit card,takeaway,2023-01-30,2023.0,1.0,30.0
1751164,salad,2.0,5.0,10.0,cash,,2023-09-11,2023.0,9.0,11.0
3730415,cake,4.0,3.0,12.0,credit card,takeaway,2023-04-09,2023.0,4.0,9.0
4134253,tea,4.0,1.5,6.0,cash,in-store,2023-10-07,2023.0,10.0,7.0
3256497,coffee,2.0,2.0,4.0,cash,,2023-08-20,2023.0,8.0,20.0
8763180,smoothie,1.0,4.0,4.0,,takeaway,2023-04-16,2023.0,4.0,16.0
3219175,sandwich,5.0,4.0,20.0,,,2023-02-23,2023.0,2.0,23.0
6234872,smoothie,1.0,4.0,4.0,,,2023-12-23,2023.0,12.0,23.0
7919440,tea,4.0,1.5,6.0,cash,,2023-08-19,2023.0,8.0,19.0
7558641,coffee,1.0,2.0,2.0,digital wallet,in-store,2023-12-22,2023.0,12.0,22.0
9940220,juice,2.0,3.0,6.0,,takeaway,2023-03-05,2023.0,3.0,5.0
8805984,juice,2.0,3.0,6.0,credit card,takeaway,,,,
2130483,tea,4.0,1.5,6.0,cash,,2023-11-25,2023.0,11.0,25.0
1972584,sandwich,5.0,4.0,20.0,digital wallet,,2023-07-10,2023.0,7.0,10.0
3150792,coffee,5.0,2.0,10.0,cash,,2023-07-02,2023.0,7.0,2.0
2980008,cake,3.0,3.0,9.0,digital wallet,,2023-11-17,2023.0,11.0,17.0
5511805,juice,1.0,3.0,3.0,,takeaway,2023-06-03,2023.0,6.0,3.0
7292548,cookie,4.0,1.0,4.0,digital wallet,,2023-03-24,2023.0,3.0,24.0
2169664,smoothie,1.0,4.0,4.0,cash,,2023-07-23,2023.0,7.0,23.0
3234877,coffee,4.0,2.0,8.0,cash,takeaway,2023-07-29,2023.0,7.0,29.0
6368719,cake,4.0,3.0,12.0,credit card,takeaway,2023-01-03,2023.0,1.0,3.0
8852585,sandwich,4.0,4.0,16.0,credit card,takeaway,2023-01-05,2023.0,1.0,5.0
9201010,salad,1.0,5.0,5.0,credit card,takeaway,2023-03-15,2023.0,3.0,15.0
7817014,cookie,1.0,1.0,1.0,digital wallet,takeaway,,,,
2873990,sandwich,2.0,4.0,8.0,,,2023-03-12,2023.0,3.0,12.0
3088796,sandwich,4.0,4.0,16.0,credit card,,2023-08-16,2023.0,8.0,16.0
3414935,coffee,4.0,2.0,8.0,,in-store,2023-08-03,2023.0,8.0,3.0
3607652,salad,4.0,5.0,20.0,digital wallet,in-store,2023-06-05,2023.0,6.0,5.0
8502094,juice,5.0,3.0,15.0,credit card,in-store,2023-03-21,2023.0,3.0,21.0
9068244,sandwich,5.0,4.0,20.0,digital wallet,takeaway,2023-10-19,2023.0,10.0,19.0
2696664,cookie,5.0,1.0,5.0,,in-store,2023-01-07,2023.0,1.0,7.0
7661609,,1.0,3.0,3.0,,in-store,2023-11-29,2023.0,11.0,29.0
7633490,cookie,1.0,1.0,1.0,cash,takeaway,2023-10-27,2023.0,10.0,27.0
9292230,tea,4.0,1.5,6.0,credit card,in-store,2023-07-14,2023.0,7.0,14.0
1664665,,3.0,3.0,9.0,credit card,in-store,2023-05-21,2023.0,5.0,21.0
5081978,cake,1.0,3.0,3.0,,in-store,2023-10-19,2023.0,10.0,19.0
7314409,smoothie,5.0,4.0,20.0,credit card,,2023-08-06,2023.0,8.0,6.0
4573576,,2.0,3.0,6.0,cash,in-store,2023-07-05,2023.0,7.0,5.0
5645919,coffee,3.0,,,credit card,,2023-01-17,2023.0,1.0,17.0
8006668,tea,4.0,1.5,6.0,credit card,in-store,2023-12-22,2023.0,12.0,22.0
8818168,juice,4.0,,,digital wallet,,2023-07-20,2023.0,7.0,20.0
4369043,juice,2.0,3.0,6.0,cash,,2023-03-25,2023.0,3.0,25.0
3560062,cookie,1.0,1.0,1.0,cash,in-store,2023-03-20,2023.0,3.0,20.0
4769307,tea,5.0,1.5,7.5,digital wallet,,2023-12-24,2023.0,12.0,24.0
7270652,sandwich,1.0,4.0,4.0,,takeaway,2023-05-14,2023.0,5.0,14.0
4991815,cake,5.0,3.0,15.0,cash,,2023-11-06,2023.0,11.0,6.0
6360132,sandwich,4.0,4.0,16.0,cash,takeaway,2023-09-16,2023.0,9.0,16.0
8199829,cake,2.0,3.0,6.0,credit card,,2023-07-29,2023.0,7.0,29.0
9166449,,4.0,1.0,4.0,,takeaway,2023-07-31,2023.0,7.0,31.0
7864939,sandwich,3.0,4.0,12.0,digital wallet,in-store,2023-08-19,2023.0,8.0,19.0
2640701,salad,3.0,5.0,15.0,,takeaway,2023-05-07,2023.0,5.0,7.0
3740963,salad,2.0,5.0,10.0,digital wallet,takeaway,2023-01-22,2023.0,1.0,22.0
8101633,sandwich,2.0,4.0,8.0,,in-store,2023-08-10,2023.0,8.0,10.0
6063966,juice,2.0,3.0,6.0,digital wallet,takeaway,2023-10-24,2023.0,10.0,24.0
3779640,tea,1.0,1.5,1.5,digital wallet,in-store,2023-05-16,2023.0,5.0,16.0
8278833,cake,3.0,3.0,9.0,,,2023-02-26,2023.0,2.0,26.0
8778598,sandwich,3.0,4.0,12.0,cash,,2023-09-02,2023.0,9.0,2.0
7550103,cake,5.0,3.0,15.0,,takeaway,2023-01-19,2023.0,1.0,19.0
3664656,cookie,5.0,1.0,5.0,,takeaway,2023-08-13,2023.0,8.0,13.0
7296560,juice,2.0,3.0,6.0,,,2023-10-20,2023.0,10.0,20.0
8136881,salad,3.0,5.0,15.0,cash,in-store,2023-08-28,2023.0,8.0,28.0
3981449,smoothie,2.0,4.0,8.0,cash,in-store,2023-06-21,2023.0,6.0,21.0
5427506,cake,,3.0,,cash,takeaway,2023-09-15,2023.0,9.0,15.0
2641386,sandwich,3.0,4.0,12.0,,takeaway,2023-03-25,2023.0,3.0,25.0
1485417,cookie,3.0,1.0,3.0,cash,in-store,,,,
4033802,tea,3.0,1.5,4.5,cash,takeaway,2023-03-02,2023.0,3.0,2.0
7752124,,3.0,4.0,12.0,credit card,,2023-12-09,2023.0,12.0,9.0
9762324,cake,2.0,3.0,6.0,cash,in-store,,,,
1628509,smoothie,5.0,4.0,20.0,,takeaway,,,,
8259257,tea,,1.5,,,in-store,2023-12-13,2023.0,12.0,13.0
4183823,sandwich,4.0,4.0,16.0,credit card,,2023-03-28,2023.0,3.0,28.0
2239041,,4.0,1.5,6.0,,in-store,2023-10-24,2023.0,10.0,24.0
4696439,cookie,1.0,1.0,1.0,cash,in-store,2023-05-27,2023.0,5.0,27.0
8826983,smoothie,5.0,4.0,20.0,cash,in-store,2023-01-14,2023.0,1.0,14.0
8267034,juice,2.0,3.0,6.0,,takeaway,2023-06-20,2023.0,6.0,20.0
1959334,coffee,3.0,2.0,6.0,,,2023-06-29,2023.0,6.0,29.0
6842808,tea,2.0,1.5,3.0,,,2023-10-22,2023.0,10.0,22.0
2947822,cake,4.0,3.0,12.0,digital wallet,in-store,2023-10-27,2023.0,10.0,27.0
5531712,,2.0,1.5,3.0,cash,,2023-01-09,2023.0,1.0,9.0
2148838,sandwich,2.0,4.0,8.0,credit card,,2023-08-05,2023.0,8.0,5.0
1330506,cookie,3.0,1.0,3.0,digital wallet,,2023-11-10,2023.0,11.0,10.0
5898743,juice,4.0,3.0,12.0,,takeaway,,,,
8957369,salad,4.0,5.0,20.0,digital wallet,,2023-10-18,2023.0,10.0,18.0
9340653,smoothie,1.0,4.0,4.0,digital wallet,,2023-10-19,2023.0,10.0,19.0
2493446,sandwich,1.0,4.0,4.0,cash,takeaway,2023-05-19,2023.0,5.0,19.0
4538354,juice,3.0,3.0,9.0,cash,takeaway,2023-04-21,2023.0,4.0,21.0
7098730,cake,2.0,3.0,6.0,digital wallet,,2023-11-10,2023.0,11.0,10.0
7533411,cookie,,1.0,,digital wallet,in-store,2023-11-09,2023.0,11.0,9.0
2690314,tea,5.0,1.5,7.5,cash,in-store,2023-08-10,2023.0,8.0,10.0
8171171,coffee,1.0,2.0,2.0,,takeaway,2023-05-13,2023.0,5.0,13.0
3791639,,4.0,3.0,12.0,digital wallet,,,,,
2968827,salad,5.0,5.0,25.0,digital wallet,takeaway,2023-09-14,2023.0,9.0,14.0
4546375,,1.0,5.0,5.0,credit card,,2023-02-20,2023.0,2.0,20.0
1387401,cookie,4.0,1.0,4.0,cash,in-store,2023-10-19,2023.0,10.0,19.0
6727029,tea,2.0,1.5,3.0,,takeaway,2023-07-07,2023.0,7.0,7.0
3917193,juice,5.0,3.0,15.0,credit card,takeaway,2023-11-17,2023.0,11.0,17.0
8518516,sandwich,4.0,4.0,16.0,,,2023-08-16,2023.0,8.0,16.0
2062854,sandwich,4.0,4.0,16.0,digital wallet,takeaway,2023-12-01,2023.0,12.0,1.0
4075863,smoothie,3.0,4.0,12.0,cash,takeaway,2023-05-21,2023.0,5.0,21.0
5624860,tea,3.0,1.5,4.5,credit card,takeaway,2023-08-22,2023.0,8.0,22.0
4621665,smoothie,5.0,,,,,2023-01-17,2023.0,1.0,17.0
6669417,salad,5.0,5.0,25.0,,takeaway,2023-01-03,2023.0,1.0,3.0
7837381,sandwich,5.0,4.0,20.0,,takeaway,2023-07-17,2023.0,7.0,17.0
1725926,juice,5.0,3.0,15.0,credit card,,2023-12-23,2023.0,12.0,23.0
3403173,salad,1.0,5.0,5.0,,,2023-06-24,2023.0,6.0,24.0
4186681,,4.0,,,digital wallet,,2023-05-24,2023.0,5.0,24.0
4152036,,,3.0,,cash,,,,,
4059912,,3.0,4.0,12.0,,,2023-04-21,2023.0,4.0,21.0
3381656,cake,5.0,3.0,15.0,cash,takeaway,2023-10-26,2023.0,10.0,26.0
9956154,cake,4.0,3.0,12.0,,in-store,2023-05-11,2023.0,5.0,11.0
7110444,,4.0,5.0,20.0,cash,,2023-12-07,2023.0,12.0,7.0
6250692,sandwich,1.0,4.0,4.0,,,2023-09-01,2023.0,9.0,1.0
1183995,salad,5.0,5.0,25.0,digital wallet,takeaway,2023-03-28,2023.0,3.0,28.0
9452225,tea,1.0,1.5,1.5,,in-store,2023-02-26,2023.0,2.0,26.0
9113574,coffee,4.0,2.0,8.0,,in-store,2023-01-04,2023.0,1.0,4.0
5813015,cookie,5.0,1.0,5.0,digital wallet,,2023-10-07,2023.0,10.0,7.0
3213035,smoothie,4.0,4.0,16.0,,in-store,2023-05-21,2023.0,5.0,21.0
3789752,juice,3.0,,,digital wallet,takeaway,2023-12-16,2023.0,12.0,16.0
7578769,sandwich,5.0,4.0,20.0,digital wallet,takeaway,2023-01-30,2023.0,1.0,30.0
3515664,coffee,2.0,2.0,4.0,cash,takeaway,2023-09-25,2023.0,9.0,25.0
6209258,juice,1.0,3.0,3.0,credit card,,2023-03-06,2023.0,3.0,6.0
8594004,cookie,4.0,1.0,4.0,credit card,,2023-02-25,2023.0,2.0,25.0
6422433,sandwich,5.0,4.0,20.0,digital wallet,takeaway,2023-05-09,2023.0,5.0,9.0
2865033,coffee,2.0,2.0,4.0,cash,,2023-08-03,2023.0,8.0,3.0
5547519,salad,4.0,5.0,20.0,,in-store,2023-05-13,2023.0,5.0,13.0
2392263,salad,5.0,5.0,25.0,,takeaway,2023-02-08,2023.0,2.0,8.0
3810451,juice,4.0,3.0,12.0,,,,,,
4669664,cookie,1.0,1.0,1.0,digital wallet,in-store,2023-12-21,2023.0,12.0,21.0
9470612,cake,3.0,3.0,9.0,,takeaway,2023-04-30,2023.0,4.0,30.0
7507962,smoothie,4.0,,,,,2023-06-22,2023.0,6.0,22.0
1109715,cake,1.0,,,,in-store,2023-07-15,2023.0,7.0,15.0
8320245,tea,3.0,1.5,4.5,,takeaway,2023-04-09,2023.0,4.0,9.0
5904646,smoothie,1.0,4.0,4.0,,,2023-03-26,2023.0,3.0,26.0
4498526,smoothie,3.0,4.0,12.0,credit card,,2023-06-20,2023.0,6.0,20.0
2744907,salad,2.0,5.0,10.0,digital wallet,,,,,
5209585,tea,2.0,1.5,3.0,,takeaway,2023-08-12,2023.0,8.0,12.0
2213556,coffee,1.0,2.0,2.0,cash,in-store,2023-05-30,2023.0,5.0,30.0
3826038,salad,1.0,5.0,5.0,cash,takeaway,2023-10-20,2023.0,10.0,20.0
7596587,tea,3.0,1.5,4.5,credit card,,2023-02-08,2023.0,2.0,8.0
7380277,sandwich,4.0,4.0,16.0,digital wallet,takeaway,2023-04-24,2023.0,4.0,24.0
1353479,smoothie,4.0,4.0,16.0,cash,,2023-09-20,2023.0,9.0,20.0
6054137,juice,3.0,3.0,9.0,,in-store,2023-05-09,2023.0,5.0,9.0
7609853,sandwich,,4.0,,digital wallet,in-store,2023-04-22,2023.0,4.0,22.0
9266394,cookie,2.0,1.0,2.0,credit card,in-store,2023-07-12,2023.0,7.0,12.0
5448157,,3.0,1.0,3.0,credit card,,2023-01-11,2023.0,1.0,11.0
8298311,tea,2.0,1.5,3.0,digital wallet,in-store,,,,
6744866,tea,4.0,1.5,6.0,,takeaway,,,,
6152588,coffee,3.0,2.0,6.0,cash,takeaway,2023-11-21,2023.0,11.0,21.0
6569656,,5.0,1.0,5.0,cash,,2023-02-28,2023.0,2.0,28.0
2156206,smoothie,2.0,4.0,8.0,,,2023-02-04,2023.0,2.0,4.0
3142258,salad,4.0,5.0,20.0,,takeaway,2023-11-03,2023.0,11.0,3.0
5739806,smoothie,3.0,4.0,12.0,credit card,in-store,2023-09-18,2023.0,9.0,18.0
9228978,coffee,5.0,2.0,10.0,digital wallet,in-store,2023-02-09,2023.0,2.0,9.0
5897205,cookie,1.0,1.0,1.0,,in-store,2023-06-10,2023.0,6.0,10.0
1556652,cake,5.0,3.0,15.0,digital wallet,,2023-04-06,2023.0,4.0,6.0
8608765,salad,4.0,5.0,20.0,credit card,,2023-09-02,2023.0,9.0,2.0
8764825,smoothie,3.0,4.0,12.0,cash,,,,,
7353972,,4.0,3.0,12.0,cash,in-store,2023-02-02,2023.0,2.0,2.0
1124753,salad,4.0,5.0,20.0,digital wallet,in-store,2023-10-19,2023.0,10.0,19.0
9410981,cookie,2.0,1.0,2.0,,takeaway,2023-02-07,2023.0,2.0,7.0
9349962,,4.0,4.0,16.0,,in-store,,,,
7611120,juice,2.0,3.0,6.0,cash,takeaway,2023-03-30,2023.0,3.0,30.0
2106959,sandwich,5.0,4.0,20.0,digital wallet,,2023-09-05,2023.0,9.0,5.0
2237115,coffee,1.0,2.0,2.0,,takeaway,2023-01-13,2023.0,1.0,13.0
6836137,cake,4.0,3.0,12.0,,in-store,2023-08-30,2023.0,8.0,30.0
6316959,tea,2.0,1.5,3.0,cash,in-store,2023-11-10,2023.0,11.0,10.0
2265984,cookie,5.0,1.0,5.0,credit card,takeaway,2023-10-18,2023.0,10.0,18.0
6352917,salad,5.0,5.0,25.0,cash,,2023-05-05,2023.0,5.0,5.0
9564123,cake,4.0,3.0,12.0,credit card,,2023-03-23,2023.0,3.0,23.0
3946544,cake,5.0,3.0,15.0,credit card,,,,,
1123138,salad,1.0,5.0,5.0,cash,in-store,2023-02-10,2023.0,2.0,10.0
9212503,salad,2.0,5.0,10.0,digital wallet,takeaway,2023-10-08,2023.0,10.0,8.0
1921262,sandwich,,4.0,,,,2023-11-24,2023.0,11.0,24.0
1259824,cookie,,1.0,,digital wallet,takeaway,2023-04-29,2023.0,4.0,29.0
6868049,juice,5.0,3.0,15.0,digital wallet,,,,,
2806243,salad,4.0,5.0,20.0,digital wallet,takeaway,2023-01-14,2023.0,1.0,14.0
9759896,tea,4.0,1.5,6.0,,,2023-12-02,2023.0,12.0,2.0
7560807,salad,2.0,5.0,10.0,credit card,,2023-04-16,2023.0,4.0,16.0
3286932,cookie,1.0,1.0,1.0,digital wallet,takeaway,2023-07-11,2023.0,7.0,11.0
3481470,salad,4.0,5.0,20.0,credit card,in-store,2023-12-24,2023.0,12.0,24.0
9907327,salad,,5.0,,credit card,,2023-10-07,2023.0,10.0,7.0
3469469,cookie,1.0,1.0,1.0,digital wallet,in-store,2023-10-25,2023.0,10.0,25.0
2681833,,3.0,1.0,3.0,digital wallet,in-store,2023-10-05,2023.0,10.0,5.0
3179966,tea,2.0,1.5,3.0,digital wallet,,2023-05-27,2023.0,5.0,27.0
9289174,cake,,,,digital wallet,in-store,2023-12-30,2023.0,12.0,30.0
3629351,cake,1.0,3.0,3.0,digital wallet,,2023-07-21,2023.0,7.0,21.0
3142836,cake,2.0,3.0,6.0,cash,,2023-11-01,2023.0,11.0,1.0
4998786,cake,5.0,3.0,15.0,credit card,takeaway,2023-10-25,2023.0,10.0,25.0
7228816,salad,1.0,,,,in-store,2023-04-21,2023.0,4.0,21.0
6904590,coffee,4.0,2.0,8.0,credit card,,2023-02-19,2023.0,2.0,19.0
2126408,cookie,3.0,1.0,3.0,cash,takeaway,2023-10-19,2023.0,10.0,19.0
8664315,salad,2.0,5.0,10.0,cash,,2023-08-14,2023.0,8.0,14.0
8958593,juice,5.0,3.0,15.0,digital wallet,in-store,2023-07-08,2023.0,7.0,8.0
2383598,sandwich,2.0,4.0,8.0,digital wallet,in-store,2023-09-19,2023.0,9.0,19.0
2211685,smoothie,1.0,4.0,4.0,credit card,in-store,2023-06-06,2023.0,6.0,6.0
1503602,tea,5.0,1.5,7.5,digital wallet,,2023-12-16,2023.0,12.0,16.0
2962976,juice,,3.0,,,,2023-03-17,2023.0,3.0,17.0
8716752,juice,1.0,3.0,3.0,,in-store,2023-12-05,2023.0,12.0,5.0
4266787,juice,4.0,,,credit card,takeaway,2023-01-12,2023.0,1.0,12.0
5933480,sandwich,3.0,4.0,12.0,digital wallet,in-store,2023-09-04,2023.0,9.0,4.0
8255965,juice,,3.0,,,in-store,2023-11-16,2023.0,11.0,16.0
4364091,smoothie,1.0,4.0,4.0,,takeaway,2023-04-14,2023.0,4.0,14.0
9203920,,4.0,3.0,12.0,,takeaway,2023-11-01,2023.0,11.0,1.0
8964812,salad,4.0,,,digital wallet,,2023-10-14,2023.0,10.0,14.0
6721531,tea,4.0,1.5,6.0,,in-store,2023-03-06,2023.0,3.0,6.0
5447508,sandwich,3.0,4.0,12.0,digital wallet,takeaway,2023-06-28,2023.0,6.0,28.0
5686113,sandwich,5.0,4.0,20.0,digital wallet,in-store,2023-09-09,2023.0,9.0,9.0
9239779,salad,1.0,5.0,5.0,cash,,2023-01-09,2023.0,1.0,9.0
9265319,salad,3.0,5.0,15.0,cash,,2023-11-15,2023.0,11.0,15.0
9265313,cake,3.0,3.0,9.0,,in-store,2023-10-01,2023.0,10.0,1.0
3397609,smoothie,2.0,4.0,8.0,digital wallet,in-store,2023-07-22,2023.0,7.0,22.0
9347203,sandwich,5.0,4.0,20.0,cash,in-store,2023-04-15,2023.0,4.0,15.0
2132186,salad,1.0,5.0,5.0,credit card,,2023-02-01,2023.0,2.0,1.0
3383926,cake,3.0,3.0,9.0,cash,takeaway,2023-07-08,2023.0,7.0,8.0
6905718,salad,5.0,5.0,25.0,credit card,in-store,2023-02-20,2023.0,2.0,20.0
3130548,cookie,4.0,1.0,4.0,,takeaway,2023-08-21,2023.0,8.0,21.0
9356512,salad,,5.0,,credit card,,2023-06-06,2023.0,6.0,6.0
7993951,tea,2.0,1.5,3.0,digital wallet,takeaway,2023-12-14,2023.0,12.0,14.0
6362093,,3.0,2.0,6.0,,,2023-03-19,2023.0,3.0,19.0
4876440,cookie,3.0,1.0,3.0,,takeaway,2023-07-01,2023.0,7.0,1.0
9323513,cake,3.0,3.0,9.0,,takeaway,2023-05-04,2023.0,5.0,4.0
9097641,cake,4.0,3.0,12.0,cash,takeaway,2023-12-16,2023.0,12.0,16.0
1775884,juice,4.0,3.0,12.0,cash,,2023-10-08,2023.0,10.0,8.0
8536115,cake,1.0,3.0,3.0,credit card,takeaway,2023-07-11,2023.0,7.0,11.0
8032010,tea,1.0,1.5,1.5,cash,,2023-06-14,2023.0,6.0,14.0
2915281,cookie,1.0,1.0,1.0,digital wallet,in-store,2023-07-01,2023.0,7.0,1.0
3468006,smoothie,3.0,4.0,12.0,credit card,takeaway,2023-07-28,2023.0,7.0,28.0
7604541,juice,4.0,3.0,12.0,credit card,in-store,2023-04-16,2023.0,4.0,16.0
7806146,cake,3.0,,,digital wallet,in-store,2023-01-30,2023.0,1.0,30.0
9238689,cake,1.0,3.0,3.0,digital wallet,in-store,2023-03-09,2023.0,3.0,9.0
2601689,salad,4.0,5.0,20.0,digital wallet,takeaway,2023-01-14,2023.0,1.0,14.0
6428182,cake,5.0,3.0,15.0,cash,in-store,2023-11-10,2023.0,11.0,10.0
6830557,coffee,3.0,2.0,6.0,digital wallet,takeaway,2023-11-08,2023.0,11.0,8.0
6371264,smoothie,5.0,4.0,20.0,cash,takeaway,2023-02-27,2023.0,2.0,27.0
4663299,,4.0,4.0,16.0,digital wallet,in-store,2023-12-26,2023.0,12.0,26.0
9236713,cookie,5.0,1.0,5.0,cash,in-store,2023-09-13,2023.0,9.0,13.0
1079239,smoothie,1.0,,,,takeaway,2023-02-08,2023.0,2.0,8.0
4690833,cake,1.0,3.0,3.0,cash,takeaway,2023-05-23,2023.0,5.0,23.0
7946489,juice,1.0,3.0,3.0,cash,takeaway,2023-09-11,2023.0,9.0,11.0
8661288,salad,2.0,5.0,10.0,digital wallet,takeaway,2023-01-27,2023.0,1.0,27.0
7187207,coffee,5.0,2.0,10.0,cash,,2023-02-18,2023.0,2.0,18.0
4679409,,,2.0,,,in-store,2023-03-25,2023.0,3.0,25.0
2866147,juice,2.0,3.0,6.0,,takeaway,2023-08-28,2023.0,8.0,28.0
5637677,,2.0,3.0,6.0,digital wallet,takeaway,2023-08-24,2023.0,8.0,24.0
7444541,salad,2.0,5.0,10.0,cash,,2023-11-29,2023.0,11.0,29.0
6046604,cookie,5.0,1.0,5.0,credit card,,2023-06-29,2023.0,6.0,29.0
6111710,salad,3.0,5.0,15.0,credit card,in-store,2023-06-18,2023.0,6.0,18.0
5476465,cake,,3.0,,cash,in-store,2023-06-23,2023.0,6.0,23.0
1773873,salad,5.0,5.0,25.0,credit card,takeaway,2023-06-10,2023.0,6.0,10.0
7688650,tea,2.0,1.5,3.0,,,2023-10-26,2023.0,10.0,26.0
4570711,sandwich,4.0,4.0,16.0,credit card,in-store,2023-12-11,2023.0,12.0,11.0
5242469,coffee,4.0,2.0,8.0,credit card,takeaway,2023-04-01,2023.0,4.0,1.0
2977414,cake,4.0,3.0,12.0,,,2023-06-09,2023.0,6.0,9.0
8938144,coffee,2.0,2.0,4.0,credit card,,2023-01-27,2023.0,1.0,27.0
6434414,,1.0,2.0,2.0,digital wallet,takeaway,2023-03-10,2023.0,3.0,10.0
1655100,cake,4.0,3.0,12.0,credit card,takeaway,2023-12-20,2023.0,12.0,20.0
1526864,smoothie,3.0,4.0,12.0,digital wallet,in-store,2023-01-27,2023.0,1.0,27.0
1279428,salad,1.0,5.0,5.0,digital wallet,,2023-03-02,2023.0,3.0,2.0
9866728,juice,1.0,3.0,3.0,cash,in-store,2023-10-26,2023.0,10.0,26.0
1706201,coffee,3.0,2.0,6.0,credit card,in-store,2023-08-23,2023.0,8.0,23.0
2498488,smoothie,2.0,4.0,8.0,digital wallet,takeaway,2023-12-06,2023.0,12.0,6.0
5387067,salad,3.0,5.0,15.0,credit card,,2023-06-11,2023.0,6.0,11.0
4431179,sandwich,3.0,4.0,12.0,digital wallet,takeaway,2023-08-13,2023.0,8.0,13.0
5051924,tea,5.0,1.5,7.5,,,2023-05-23,2023.0,5.0,23.0
9033890,salad,1.0,5.0,5.0,,takeaway,2023-08-05,2023.0,8.0,5.0
1777959,tea,5.0,1.5,7.5,,takeaway,2023-10-18,2023.0,10.0,18.0
3574059,cake,1.0,3.0,3.0,,,2023-01-18,2023.0,1.0,18.0
8386792,coffee,,2.0,,,in-store,2023-10-05,2023.0,10.0,5.0
2108894,sandwich,4.0,4.0,16.0,credit card,in-store,2023-10-30,2023.0,10.0,30.0
6347472,tea,1.0,1.5,1.5,digital wallet,in-store,2023-03-22,2023.0,3.0,22.0
8699110,salad,3.0,5.0,15.0,,takeaway,2023-10-11,2023.0,10.0,11.0
7188412,sandwich,1.0,4.0,4.0,,takeaway,2023-08-08,2023.0,8.0,8.0
6178152,,5.0,1.5,7.5,,,2023-12-26,2023.0,12.0,26.0
3477767,cookie,3.0,,,digital wallet,,,,,
8345723,sandwich,1.0,4.0,4.0,digital wallet,takeaway,2023-08-27,2023.0,8.0,27.0
9989415,smoothie,5.0,,,credit card,takeaway,2023-05-26,2023.0,5.0,26.0
4476634,tea,2.0,1.5,3.0,credit card,,2023-06-16,2023.0,6.0,16.0
1932897,cookie,1.0,1.0,1.0,,takeaway,,,,
2178964,tea,4.0,1.5,6.0,cash,takeaway,2023-12-25,2023.0,12.0,25.0
5213542,,,2.0,,credit card,in-store,2023-08-21,2023.0,8.0,21.0
7889745,sandwich,4.0,4.0,16.0,,,2023-01-25,2023.0,1.0,25.0
7020671,coffee,1.0,2.0,2.0,,,2023-09-01,2023.0,9.0,1.0
8297135,,2.0,4.0,8.0,,,2023-09-16,2023.0,9.0,16.0
6581437,coffee,5.0,2.0,10.0,digital wallet,takeaway,2023-10-23,2023.0,10.0,23.0
1347965,cookie,5.0,1.0,5.0,,in-store,2023-02-19,2023.0,2.0,19.0
6128621,salad,3.0,5.0,15.0,digital wallet,in-store,2023-11-10,2023.0,11.0,10.0
5758199,coffee,4.0,2.0,8.0,credit card,,2023-06-11,2023.0,6.0,11.0
3145041,tea,5.0,1.5,7.5,,,2023-09-23,2023.0,9.0,23.0
9960577,sandwich,1.0,4.0,4.0,cash,,2023-06-24,2023.0,6.0,24.0
1349738,sandwich,3.0,4.0,12.0,cash,,2023-03-26,2023.0,3.0,26.0
4512118,coffee,2.0,2.0,4.0,digital wallet,takeaway,2023-04-20,2023.0,4.0,20.0
5763254,coffee,3.0,,,digital wallet,takeaway,2023-09-15,2023.0,9.0,15.0
8167279,salad,5.0,5.0,25.0,,in-store,,,,
8696094,sandwich,,4.0,,,takeaway,2023-05-14,2023.0,5.0,14.0
8114990,juice,1.0,3.0,3.0,,,2023-02-27,2023.0,2.0,27.0
4961655,juice,5.0,3.0,15.0,cash,takeaway,2023-05-06,2023.0,5.0,6.0
5595352,juice,1.0,3.0,3.0,cash,in-store,2023-02-20,2023.0,2.0,20.0
2070818,smoothie,5.0,4.0,20.0,,takeaway,2023-06-05,2023.0,6.0,5.0
1090854,cookie,,1.0,,credit card,in-store,2023-01-07,2023.0,1.0,7.0
2004851,salad,5.0,5.0,25.0,credit card,,,,,
1869814,tea,1.0,1.5,1.5,digital wallet,takeaway,2023-05-24,2023.0,5.0,24.0
8296518,,2.0,4.0,8.0,credit card,in-store,2023-02-08,2023.0,2.0,8.0
6910915,tea,4.0,1.5,6.0,digital wallet,takeaway,2023-05-06,2023.0,5.0,6.0
3183527,coffee,3.0,2.0,6.0,digital wallet,,2023-10-26,2023.0,10.0,26.0
6916047,coffee,2.0,2.0,4.0,digital wallet,in-store,,,,
5787508,,3.0,,,credit card,takeaway,2023-07-23,2023.0,7.0,23.0
2611960,sandwich,3.0,4.0,12.0,credit card,,2023-09-11,2023.0,9.0,11.0
7923140,coffee,2.0,2.0,4.0,digital wallet,,2023-04-02,2023.0,4.0,2.0
5229169,juice,2.0,3.0,6.0,credit card,takeaway,2023-09-08,2023.0,9.0,8.0
1018880,smoothie,5.0,4.0,20.0,digital wallet,,2023-07-15,2023.0,7.0,15.0
4074732,salad,3.0,,,credit card,,2023-04-09,2023.0,4.0,9.0
9409728,tea,2.0,1.5,3.0,,in-store,2023-03-06,2023.0,3.0,6.0
5840223,tea,4.0,,,cash,,2023-12-20,2023.0,12.0,20.0
5576265,smoothie,4.0,4.0,16.0,credit card,takeaway,2023-04-08,2023.0,4.0,8.0
7399897,,4.0,3.0,12.0,,takeaway,2023-11-14,2023.0,11.0,14.0
5098938,tea,5.0,1.5,7.5,,,2023-05-06,2023.0,5.0,6.0
6119823,tea,2.0,1.5,3.0,,takeaway,2023-06-13,2023.0,6.0,13.0
7308222,salad,2.0,,,,takeaway,2023-03-09,2023.0,3.0,9.0
5408625,cookie,5.0,1.0,5.0,cash,,2023-08-14,2023.0,8.0,14.0
5969754,tea,4.0,1.5,6.0,,takeaway,2023-01-29,2023.0,1.0,29.0
5740553,salad,5.0,5.0,25.0,,in-store,2023-08-29,2023.0,8.0,29.0
4809497,tea,4.0,1.5,6.0,cash,in-store,,,,
2392934,,2.0,2.0,4.0,,in-store,2023-11-25,2023.0,11.0,25.0
5728991,salad,,5.0,,,,2023-01-01,2023.0,1.0,1.0
7608816,,3.0,3.0,9.0,digital wallet,in-store,2023-11-07,2023.0,11.0,7.0
1046394,smoothie,1.0,4.0,4.0,cash,in-store,2023-04-29,2023.0,4.0,29.0
3228823,,5.0,1.5,7.5,,,2023-01-06,2023.0,1.0,6.0
2269396,coffee,3.0,2.0,6.0,digital wallet,in-store,2023-10-26,2023.0,10.0,26.0
9263967,cookie,3.0,1.0,3.0,credit card,in-store,2023-09-14,2023.0,9.0,14.0
6540946,juice,4.0,3.0,12.0,digital wallet,,2023-10-08,2023.0,10.0,8.0
2914088,salad,5.0,5.0,25.0,cash,in-store,2023-03-22,2023.0,3.0,22.0
6571898,juice,3.0,3.0,9.0,digital wallet,takeaway,2023-02-02,2023.0,2.0,2.0
7109358,salad,,5.0,,digital wallet,,2023-05-02,2023.0,5.0,2.0
4498370,smoothie,4.0,4.0,16.0,,,2023-07-24,2023.0,7.0,24.0
4015710,juice,4.0,,,cash,,2023-05-18,2023.0,5.0,18.0
4600048,cookie,,1.0,,cash,,2023-10-30,2023.0,10.0,30.0
2108486,juice,4.0,3.0,12.0,digital wallet,takeaway,2023-12-28,2023.0,12.0,28.0
7019782,smoothie,,4.0,,,,2023-10-16,2023.0,10.0,16.0
5228270,juice,3.0,3.0,9.0,,takeaway,2023-04-12,2023.0,4.0,12.0
4387303,cookie,1.0,1.0,1.0,,,2023-06-27,2023.0,6.0,27.0
4637016,salad,3.0,5.0,15.0,credit card,in-store,,,,
7786214,smoothie,1.0,,,credit card,,2023-11-25,2023.0,11.0,25.0
9587884,tea,2.0,1.5,3.0,,,2023-01-05,2023.0,1.0,5.0
4625910,juice,1.0,3.0,3.0,,,2023-01-17,2023.0,1.0,17.0
8250731,cookie,2.0,1.0,2.0,cash,,2023-08-24,2023.0,8.0,24.0
3605929,smoothie,2.0,4.0,8.0,credit card,,2023-04-26,2023.0,4.0,26.0
4953450,cookie,4.0,1.0,4.0,,in-store,2023-03-10,2023.0,3.0,10.0
5315441,smoothie,5.0,4.0,20.0,digital wallet,in-store,2023-10-31,2023.0,10.0,31.0
9196322,cookie,4.0,1.0,4.0,digital wallet,in-store,2023-08-12,2023.0,8.0,12.0
4009547,juice,4.0,3.0,12.0,credit card,,2023-05-13,2023.0,5.0,13.0
3394710,sandwich,,4.0,,digital wallet,in-store,2023-10-22,2023.0,10.0,22.0
8354174,,3.0,2.0,6.0,credit card,,2023-12-29,2023.0,12.0,29.0
5931292,,2.0,4.0,8.0,credit card,in-store,2023-12-18,2023.0,12.0,18.0
2109416,sandwich,1.0,4.0,4.0,,in-store,2023-09-21,2023.0,9.0,21.0
8776606,,4.0,5.0,20.0,digital wallet,takeaway,2023-07-24,2023.0,7.0,24.0
1063366,juice,3.0,3.0,9.0,,,2023-03-20,2023.0,3.0,20.0
2393500,juice,1.0,,,credit card,in-store,2023-12-15,2023.0,12.0,15.0
9738758,coffee,1.0,2.0,2.0,cash,in-store,2023-12-31,2023.0,12.0,31.0
7838465,sandwich,3.0,4.0,12.0,credit card,takeaway,2023-06-15,2023.0,6.0,15.0
2447261,cookie,3.0,1.0,3.0,credit card,takeaway,2023-10-15,2023.0,10.0,15.0
6609947,,3.0,3.0,9.0,digital wallet,in-store,2023-05-29,2023.0,5.0,29.0
9036453,,1.0,4.0,4.0,digital wallet,takeaway,2023-02-08,2023.0,2.0,8.0
2611990,cookie,,1.0,,digital wallet,takeaway,2023-10-25,2023.0,10.0,25.0
1460963,coffee,3.0,2.0,6.0,cash,in-store,2023-02-10,2023.0,2.0,10.0
1713128,smoothie,3.0,4.0,12.0,credit card,,2023-05-01,2023.0,5.0,1.0
4501168,,1.0,1.5,1.5,,in-store,2023-06-28,2023.0,6.0,28.0
2840323,tea,4.0,1.5,6.0,credit card,,2023-05-07,2023.0,5.0,7.0
6691767,salad,2.0,5.0,10.0,cash,takeaway,2023-02-05,2023.0,2.0,5.0
7280191,coffee,3.0,2.0,6.0,,takeaway,2023-08-23,2023.0,8.0,23.0
6932070,tea,4.0,1.5,6.0,credit card,in-store,2023-06-10,2023.0,6.0,10.0
3502743,,5.0,4.0,20.0,,,2023-02-28,2023.0,2.0,28.0
2815335,juice,5.0,3.0,15.0,cash,,2023-03-30,2023.0,3.0,30.0
4916272,tea,3.0,1.5,4.5,,,2023-03-03,2023.0,3.0,3.0
7940202,,1.0,,,digital wallet,,2023-07-23,2023.0,7.0,23.0
5489408,cookie,1.0,1.0,1.0,,in-store,2023-05-02,2023.0,5.0,2.0
4640977,cookie,3.0,1.0,3.0,credit card,in-store,2023-02-11,2023.0,2.0,11.0
8563346,,3.0,2.0,6.0,credit card,,2023-10-24,2023.0,10.0,24.0
3172751,juice,5.0,3.0,15.0,credit card,,,,,
7896721,cake,3.0,3.0,9.0,credit card,takeaway,2023-04-22,2023.0,4.0,22.0
8973563,coffee,1.0,2.0,2.0,,,2023-10-08,2023.0,10.0,8.0
4827371,salad,2.0,5.0,10.0,,takeaway,2023-06-20,2023.0,6.0,20.0
1559313,smoothie,2.0,4.0,8.0,credit card,,2023-12-02,2023.0,12.0,2.0
7384923,sandwich,2.0,4.0,8.0,,takeaway,2023-01-24,2023.0,1.0,24.0
7906197,sandwich,5.0,4.0,20.0,credit card,in-store,2023-01-02,2023.0,1.0,2.0
9018535,cookie,2.0,,,digital wallet,takeaway,2023-05-05,2023.0,5.0,5.0
9103318,sandwich,2.0,4.0,8.0,,,2023-11-13,2023.0,11.0,13.0
8066743,tea,3.0,1.5,4.5,cash,takeaway,2023-11-13,2023.0,11.0,13.0
9658677,cake,,3.0,,cash,takeaway,,,,
8647575,tea,,1.5,,cash,,2023-02-08,2023.0,2.0,8.0
6376175,juice,4.0,,,digital wallet,takeaway,2023-02-24,2023.0,2.0,24.0
9840274,sandwich,5.0,4.0,20.0,,takeaway,2023-02-25,2023.0,2.0,25.0
4912458,cake,4.0,3.0,12.0,,takeaway,2023-06-12,2023.0,6.0,12.0
7982985,cookie,1.0,1.0,1.0,credit card,,2023-01-27,2023.0,1.0,27.0
2855581,coffee,4.0,2.0,8.0,credit card,,2023-10-23,2023.0,10.0,23.0
7585348,cake,3.0,3.0,9.0,credit card,takeaway,2023-03-16,2023.0,3.0,16.0
8249251,cake,,3.0,,,in-store,2023-01-01,2023.0,1.0,1.0
4005014,sandwich,1.0,4.0,4.0,digital wallet,takeaway,2023-07-10,2023.0,7.0,10.0
3106215,smoothie,3.0,4.0,12.0,,takeaway,2023-04-15,2023.0,4.0,15.0
4478185,cake,2.0,3.0,6.0,cash,in-store,2023-08-25,2023.0,8.0,25.0
7815651,salad,1.0,,,cash,in-store,2023-01-16,2023.0,1.0,16.0
3461209,juice,4.0,3.0,12.0,credit card,in-store,2023-04-26,2023.0,4.0,26.0
9498325,salad,1.0,5.0,5.0,,,2023-04-04,2023.0,4.0,4.0
1026827,cookie,4.0,1.0,4.0,digital wallet,in-store,2023-01-02,2023.0,1.0,2.0
4479052,salad,,5.0,,digital wallet,in-store,2023-12-05,2023.0,12.0,5.0
7269513,salad,3.0,5.0,15.0,cash,,2023-05-12,2023.0,5.0,12.0
5134545,tea,5.0,1.5,7.5,digital wallet,,2023-10-17,2023.0,10.0,17.0
7997144,juice,4.0,3.0,12.0,credit card,,2023-02-25,2023.0,2.0,25.0
7315198,salad,2.0,,,,,2023-09-23,2023.0,9.0,23.0
4339682,salad,5.0,5.0,25.0,,in-store,2023-03-04,2023.0,3.0,4.0
3363831,juice,3.0,3.0,9.0,digital wallet,,2023-05-10,2023.0,5.0,10.0
5369555,juice,4.0,3.0,12.0,cash,takeaway,2023-02-24,2023.0,2.0,24.0
6208034,cake,1.0,3.0,3.0,digital wallet,,2023-08-29,2023.0,8.0,29.0
8187656,tea,4.0,1.5,6.0,credit card,takeaway,2023-05-01,2023.0,5.0,1.0
6463415,coffee,3.0,2.0,6.0,digital wallet,in-store,2023-04-12,2023.0,4.0,12.0
1461895,juice,5.0,3.0,15.0,,,2023-06-17,2023.0,6.0,17.0
3197752,smoothie,2.0,4.0,8.0,,,2023-03-10,2023.0,3.0,10.0
3112175,coffee,4.0,2.0,8.0,cash,,2023-03-16,2023.0,3.0,16.0
6439579,tea,5.0,1.5,7.5,credit card,,2023-03-23,2023.0,3.0,23.0
4944121,,2.0,2.0,4.0,,,2023-05-29,2023.0,5.0,29.0
5590805,cake,1.0,3.0,3.0,,takeaway,2023-01-25,2023.0,1.0,25.0
4634772,juice,3.0,3.0,9.0,credit card,in-store,2023-01-12,2023.0,1.0,12.0
3519066,cake,1.0,3.0,3.0,,takeaway,2023-11-08,2023.0,11.0,8.0
8034156,sandwich,1.0,4.0,4.0,cash,in-store,2023-07-22,2023.0,7.0,22.0
2163229,cookie,4.0,1.0,4.0,cash,takeaway,2023-12-21,2023.0,12.0,21.0
4109764,juice,3.0,3.0,9.0,credit card,,2023-07-12,2023.0,7.0,12.0
1343750,cookie,2.0,1.0,2.0,digital wallet,takeaway,2023-02-15,2023.0,2.0,15.0
6387964,tea,5.0,1.5,7.5,digital wallet,,2023-08-07,2023.0,8.0,7.0
2743397,cake,2.0,3.0,6.0,digital wallet,,2023-10-03,2023.0,10.0,3.0
8022689,tea,1.0,1.5,1.5,cash,takeaway,2023-06-15,2023.0,6.0,15.0
9392028,salad,5.0,,,credit card,in-store,2023-01-13,2023.0,1.0,13.0
3547825,cookie,3.0,1.0,3.0,,takeaway,2023-09-04,2023.0,9.0,4.0
9101792,coffee,5.0,2.0,10.0,cash,,2023-06-13,2023.0,6.0,13.0
3463928,,4.0,1.5,6.0,credit card,in-store,2023-06-07,2023.0,6.0,7.0
8503406,smoothie,2.0,4.0,8.0,digital wallet,,2023-02-15,2023.0,2.0,15.0
1992966,smoothie,5.0,4.0,20.0,,in-store,2023-08-09,2023.0,8.0,9.0
2179458,,1.0,3.0,3.0,cash,in-store,2023-10-23,2023.0,10.0,23.0
5648512,,4.0,3.0,12.0,,takeaway,2023-01-30,2023.0,1.0,30.0
8689416,juice,5.0,3.0,15.0,,,2023-03-19,2023.0,3.0,19.0
1964555,smoothie,2.0,4.0,8.0,digital wallet,,2023-04-11,2023.0,4.0,11.0
9402247,salad,3.0,,,digital wallet,,,,,
8868960,salad,5.0,5.0,25.0,,,,,,
1794862,cake,2.0,3.0,6.0,cash,,2023-07-16,2023.0,7.0,16.0
5780615,smoothie,3.0,4.0,12.0,cash,,2023-12-24,2023.0,12.0,24.0
2416816,smoothie,5.0,4.0,20.0,digital wallet,in-store,2023-10-19,2023.0,10.0,19.0
8005682,coffee,2.0,2.0,4.0,credit card,,2023-03-16,2023.0,3.0,16.0
1778707,salad,5.0,5.0,25.0,credit card,takeaway,2023-03-26,2023.0,3.0,26.0
9959813,sandwich,4.0,4.0,16.0,digital wallet,,2023-09-05,2023.0,9.0,5.0
7675823,tea,5.0,1.5,7.5,,,,,,
3110343,tea,,1.5,,digital wallet,takeaway,2023-06-24,2023.0,6.0,24.0
7913451,sandwich,5.0,4.0,20.0,credit card,,2023-12-05,2023.0,12.0,5.0
1901729,cake,2.0,3.0,6.0,,takeaway,2023-03-18,2023.0,3.0,18.0
5934059,juice,,3.0,,,,2023-09-26,2023.0,9.0,26.0
8717428,salad,3.0,5.0,15.0,digital wallet,,,,,
2098878,juice,2.0,3.0,6.0,,takeaway,2023-08-19,2023.0,8.0,19.0
9536472,juice,5.0,3.0,15.0,,,2023-11-12,2023.0,11.0,12.0
6696913,cake,4.0,3.0,12.0,,,2023-10-22,2023.0,10.0,22.0
9561832,,3.0,4.0,12.0,digital wallet,,2023-10-29,2023.0,10.0,29.0
8888153,coffee,5.0,2.0,10.0,,,2023-12-16,2023.0,12.0,16.0
3790025,,1.0,4.0,4.0,cash,,2023-10-07,2023.0,10.0,7.0
2820693,salad,3.0,,,cash,takeaway,2023-05-05,2023.0,5.0,5.0
5661147,cake,1.0,3.0,3.0,,takeaway,2023-11-06,2023.0,11.0,6.0
3746260,smoothie,5.0,4.0,20.0,digital wallet,takeaway,2023-08-26,2023.0,8.0,26.0
7805035,smoothie,3.0,4.0,12.0,,in-store,2023-05-18,2023.0,5.0,18.0
2058243,smoothie,5.0,4.0,20.0,,takeaway,2023-03-19,2023.0,3.0,19.0
5710748,salad,1.0,5.0,5.0,,,2023-10-31,2023.0,10.0,31.0
3725837,coffee,5.0,2.0,10.0,cash,in-store,2023-10-22,2023.0,10.0,22.0
5132327,smoothie,,4.0,,cash,,2023-01-25,2023.0,1.0,25.0
1575608,sandwich,,,,,takeaway,2023-01-05,2023.0,1.0,5.0
4594922,salad,2.0,5.0,10.0,credit card,takeaway,2023-06-19,2023.0,6.0,19.0
5163686,salad,5.0,5.0,25.0,credit card,in-store,2023-05-29,2023.0,5.0,29.0
5445318,cookie,1.0,1.0,1.0,digital wallet,,2023-02-16,2023.0,2.0,16.0
2391446,sandwich,3.0,4.0,12.0,,in-store,2023-12-06,2023.0,12.0,6.0
2826603,salad,2.0,5.0,10.0,digital wallet,takeaway,2023-06-22,2023.0,6.0,22.0
3489940,,3.0,1.0,3.0,credit card,,2023-12-15,2023.0,12.0,15.0
2526667,,3.0,3.0,9.0,digital wallet,in-store,2023-06-10,2023.0,6.0,10.0
3760598,cake,3.0,3.0,9.0,digital wallet,in-store,2023-10-24,2023.0,10.0,24.0
7679707,tea,1.0,1.5,1.5,credit card,in-store,2023-07-22,2023.0,7.0,22.0
3831364,tea,1.0,1.5,1.5,digital wallet,,2023-03-03,2023.0,3.0,3.0
5038513,cookie,2.0,,,digital wallet,takeaway,2023-10-24,2023.0,10.0,24.0
5007619,cake,5.0,3.0,15.0,credit card,in-store,2023-07-05,2023.0,7.0,5.0
5124870,tea,1.0,1.5,1.5,digital wallet,,2023-08-11,2023.0,8.0,11.0
8229546,smoothie,2.0,4.0,8.0,cash,,2023-10-16,2023.0,10.0,16.0
3173923,cookie,2.0,1.0,2.0,digital wallet,,2023-06-29,2023.0,6.0,29.0
8460786,coffee,1.0,2.0,2.0,cash,,2023-05-17,2023.0,5.0,17.0
7078232,,5.0,3.0,15.0,digital wallet,takeaway,2023-11-21,2023.0,11.0,21.0
7833800,coffee,2.0,2.0,4.0,,takeaway,,,,
9625287,juice,2.0,3.0,6.0,cash,in-store,2023-07-08,2023.0,7.0,8.0
3135132,sandwich,4.0,4.0,16.0,credit card,takeaway,,,,
4779440,cookie,1.0,1.0,1.0,,,2023-07-12,2023.0,7.0,12.0
7337979,coffee,1.0,2.0,2.0,digital wallet,in-store,2023-05-27,2023.0,5.0,27.0
1713098,smoothie,4.0,4.0,16.0,,,2023-11-22,2023.0,11.0,22.0
5325729,coffee,5.0,2.0,10.0,digital wallet,,2023-05-04,2023.0,5.0,4.0
5630457,smoothie,1.0,4.0,4.0,credit card,takeaway,2023-03-01,2023.0,3.0,1.0
4167859,coffee,5.0,2.0,10.0,,takeaway,2023-08-17,2023.0,8.0,17.0
4487966,juice,3.0,3.0,9.0,cash,in-store,2023-08-10,2023.0,8.0,10.0
1122140,sandwich,4.0,4.0,16.0,cash,,2023-06-19,2023.0,6.0,19.0
7484682,juice,1.0,3.0,3.0,cash,,2023-12-28,2023.0,12.0,28.0
5182042,sandwich,4.0,4.0,16.0,,takeaway,2023-02-25,2023.0,2.0,25.0
4040989,sandwich,1.0,4.0,4.0,,,2023-03-02,2023.0,3.0,2.0
2190793,,4.0,1.0,4.0,credit card,takeaway,2023-07-29,2023.0,7.0,29.0
3663712,tea,4.0,1.5,6.0,digital wallet,takeaway,2023-09-22,2023.0,9.0,22.0
9140598,juice,1.0,3.0,3.0,digital wallet,takeaway,2023-07-10,2023.0,7.0,10.0
5657259,,2.0,1.5,3.0,,in-store,2023-03-03,2023.0,3.0,3.0
4316299,tea,2.0,1.5,3.0,credit card,in-store,,,,
5601300,coffee,2.0,2.0,4.0,digital wallet,,2023-02-24,2023.0,2.0,24.0
9904662,smoothie,1.0,4.0,4.0,,in-store,2023-11-19,2023.0,11.0,19.0
3696194,salad,2.0,5.0,10.0,credit card,in-store,2023-11-27,2023.0,11.0,27.0
2964638,salad,2.0,5.0,10.0,digital wallet,in-store,2023-09-28,2023.0,9.0,28.0
8336656,salad,5.0,5.0,25.0,cash,takeaway,2023-12-02,2023.0,12.0,2.0
2024121,juice,5.0,3.0,15.0,digital wallet,in-store,2023-11-06,2023.0,11.0,6.0
6287890,tea,5.0,1.5,7.5,credit card,takeaway,2023-02-07,2023.0,2.0,7.0
4712887,tea,5.0,1.5,7.5,credit card,,2023-01-04,2023.0,1.0,4.0
4336892,cookie,2.0,1.0,2.0,,in-store,2023-06-04,2023.0,6.0,4.0
5447694,smoothie,1.0,4.0,4.0,digital wallet,in-store,2023-11-18,2023.0,11.0,18.0
2492058,smoothie,5.0,4.0,20.0,cash,,2023-09-22,2023.0,9.0,22.0
3439712,juice,4.0,3.0,12.0,,in-store,2023-04-04,2023.0,4.0,4.0
5350401,sandwich,2.0,4.0,8.0,digital wallet,in-store,2023-10-28,2023.0,10.0,28.0
8999006,smoothie,1.0,4.0,4.0,cash,,2023-02-07,2023.0,2.0,7.0
8514689,juice,5.0,3.0,15.0,,,2023-04-15,2023.0,4.0,15.0
1866028,tea,5.0,1.5,7.5,credit card,takeaway,2023-06-12,2023.0,6.0,12.0
8379141,salad,1.0,5.0,5.0,,in-store,2023-10-01,2023.0,10.0,1.0
9152264,cake,1.0,3.0,3.0,digital wallet,takeaway,2023-03-15,2023.0,3.0,15.0
2287941,,1.0,1.0,1.0,,,2023-09-22,2023.0,9.0,22.0
3794585,sandwich,1.0,4.0,4.0,credit card,in-store,2023-02-10,2023.0,2.0,10.0
3856427,juice,4.0,3.0,12.0,,in-store,2023-03-25,2023.0,3.0,25.0
9890874,sandwich,5.0,4.0,20.0,cash,in-store,2023-09-02,2023.0,9.0,2.0
3945716,tea,2.0,1.5,3.0,,,2023-09-17,2023.0,9.0,17.0
6254003,,2.0,5.0,10.0,,,2023-11-02,2023.0,11.0,2.0
3101575,coffee,,2.0,,,takeaway,2023-12-03,2023.0,12.0,3.0
4874685,smoothie,,4.0,,credit card,in-store,,,,
6269119,,2.0,3.0,6.0,digital wallet,takeaway,2023-07-19,2023.0,7.0,19.0
6024625,coffee,5.0,2.0,10.0,digital wallet,takeaway,2023-09-13,2023.0,9.0,13.0
7470910,salad,2.0,5.0,10.0,cash,in-store,2023-11-22,2023.0,11.0,22.0
9911345,cookie,,1.0,,digital wallet,,2023-04-14,2023.0,4.0,14.0
1116119,smoothie,4.0,4.0,16.0,digital wallet,in-store,2023-08-07,2023.0,8.0,7.0
3471223,coffee,1.0,2.0,2.0,digital wallet,in-store,2023-10-08,2023.0,10.0,8.0
4491072,smoothie,4.0,4.0,16.0,credit card,,2023-12-03,2023.0,12.0,3.0
2053993,tea,2.0,1.5,3.0,,takeaway,2023-09-21,2023.0,9.0,21.0
9086709,cake,1.0,,,,in-store,2023-05-04,2023.0,5.0,4.0
1646009,,4.0,5.0,20.0,credit card,,2023-10-11,2023.0,10.0,11.0
8692653,juice,,3.0,,cash,takeaway,2023-11-01,2023.0,11.0,1.0
5021925,tea,4.0,1.5,6.0,cash,in-store,2023-05-07,2023.0,5.0,7.0
1104849,,4.0,4.0,16.0,digital wallet,takeaway,2023-07-05,2023.0,7.0,5.0
6358073,sandwich,3.0,4.0,12.0,,,,,,
7764154,salad,2.0,5.0,10.0,credit card,takeaway,2023-12-09,2023.0,12.0,9.0
5410185,,3.0,3.0,9.0,,in-store,2023-02-22,2023.0,2.0,22.0
5651348,,3.0,5.0,15.0,cash,takeaway,2023-11-04,2023.0,11.0,4.0
2178735,juice,3.0,3.0,9.0,credit card,takeaway,2023-07-24,2023.0,7.0,24.0
4125165,coffee,5.0,2.0,10.0,cash,,2023-04-16,2023.0,4.0,16.0
5014959,cookie,2.0,1.0,2.0,credit card,in-store,2023-11-28,2023.0,11.0,28.0
8811565,juice,5.0,3.0,15.0,credit card,,2023-10-01,2023.0,10.0,1.0
9868382,coffee,2.0,2.0,4.0,digital wallet,,2023-06-02,2023.0,6.0,2.0
2924611,juice,3.0,3.0,9.0,cash,,2023-04-19,2023.0,4.0,19.0
7063124,cake,1.0,,,,takeaway,2023-04-10,2023.0,4.0,10.0
2291079,coffee,,2.0,,cash,,2023-10-07,2023.0,10.0,7.0
5348445,salad,5.0,5.0,25.0,digital wallet,in-store,2023-11-15,2023.0,11.0,15.0
8920751,tea,2.0,1.5,3.0,,,2023-04-20,2023.0,4.0,20.0
7215985,tea,4.0,1.5,6.0,credit card,in-store,2023-08-07,2023.0,8.0,7.0
7448296,cookie,1.0,1.0,1.0,credit card,in-store,2023-11-15,2023.0,11.0,15.0
2625324,coffee,1.0,2.0,2.0,,,2023-09-02,2023.0,9.0,2.0
3542902,smoothie,1.0,4.0,4.0,,in-store,2023-06-10,2023.0,6.0,10.0
1494608,tea,3.0,1.5,4.5,credit card,in-store,2023-05-07,2023.0,5.0,7.0
7615147,sandwich,4.0,4.0,16.0,cash,in-store,2023-05-19,2023.0,5.0,19.0
7225428,tea,,,,credit card,takeaway,2023-03-07,2023.0,3.0,7.0
3426892,salad,4.0,5.0,20.0,credit card,,2023-05-23,2023.0,5.0,23.0
5892508,smoothie,1.0,4.0,4.0,credit card,takeaway,2023-03-21,2023.0,3.0,21.0
5546684,coffee,1.0,2.0,2.0,credit card,in-store,2023-10-02,2023.0,10.0,2.0
6846047,salad,,5.0,,digital wallet,,2023-04-02,2023.0,4.0,2.0
5373527,sandwich,2.0,4.0,8.0,,,2023-06-26,2023.0,6.0,26.0
6402128,sandwich,4.0,4.0,16.0,digital wallet,in-store,2023-11-09,2023.0,11.0,9.0
5009706,sandwich,2.0,4.0,8.0,digital wallet,in-store,2023-09-20,2023.0,9.0,20.0
7223120,juice,1.0,3.0,3.0,,,2023-03-13,2023.0,3.0,13.0
1991104,juice,2.0,,,digital wallet,takeaway,2023-11-29,2023.0,11.0,29.0
3380698,coffee,3.0,2.0,6.0,credit card,takeaway,2023-12-15,2023.0,12.0,15.0
9084554,,4.0,4.0,16.0,credit card,in-store,2023-06-08,2023.0,6.0,8.0
2996948,smoothie,3.0,4.0,12.0,,,2023-06-25,2023.0,6.0,25.0
1148945,coffee,1.0,2.0,2.0,,,2023-09-05,2023.0,9.0,5.0
2078577,tea,4.0,1.5,6.0,credit card,,2023-01-31,2023.0,1.0,31.0
4007285,sandwich,5.0,4.0,20.0,digital wallet,,2023-01-16,2023.0,1.0,16.0
2336708,,2.0,3.0,6.0,cash,in-store,2023-06-16,2023.0,6.0,16.0
1512118,salad,4.0,5.0,20.0,cash,in-store,2023-03-01,2023.0,3.0,1.0
6077816,cake,3.0,3.0,9.0,credit card,,2023-09-26,2023.0,9.0,26.0
5136936,cake,3.0,3.0,9.0,cash,,2023-08-24,2023.0,8.0,24.0
8623443,,3.0,5.0,15.0,credit card,in-store,2023-09-04,2023.0,9.0,4.0
5654490,tea,4.0,1.5,6.0,credit card,,2023-05-22,2023.0,5.0,22.0
4033888,sandwich,2.0,4.0,8.0,cash,in-store,2023-02-04,2023.0,2.0,4.0
4591512,tea,2.0,1.5,3.0,,,2023-08-11,2023.0,8.0,11.0
6886495,cookie,4.0,1.0,4.0,cash,,2023-08-07,2023.0,8.0,7.0
9218683,cake,2.0,3.0,6.0,digital wallet,in-store,,,,
2153529,cookie,1.0,1.0,1.0,credit card,,2023-09-11,2023.0,9.0,11.0
7880148,cake,3.0,3.0,9.0,credit card,takeaway,2023-12-12,2023.0,12.0,12.0
3688181,cake,1.0,3.0,3.0,,takeaway,2023-08-23,2023.0,8.0,23.0
2482129,juice,1.0,3.0,3.0,cash,,2023-12-12,2023.0,12.0,12.0
4187420,cake,3.0,3.0,9.0,digital wallet,in-store,2023-01-31,2023.0,1.0,31.0
4146452,smoothie,1.0,4.0,4.0,,takeaway,2023-05-31,2023.0,5.0,31.0
9553579,cake,2.0,3.0,6.0,credit card,in-store,2023-10-03,2023.0,10.0,3.0
3854285,salad,3.0,5.0,15.0,cash,takeaway,2023-07-18,2023.0,7.0,18.0
5614488,sandwich,1.0,4.0,4.0,credit card,takeaway,2023-07-22,2023.0,7.0,22.0
6187083,cake,5.0,3.0,15.0,,in-store,2023-06-02,2023.0,6.0,2.0
1521486,salad,4.0,5.0,20.0,,,2023-01-28,2023.0,1.0,28.0
6868182,,5.0,4.0,20.0,credit card,,2023-01-02,2023.0,1.0,2.0
6035534,salad,4.0,5.0,20.0,credit card,in-store,2023-12-18,2023.0,12.0,18.0
8781128,sandwich,5.0,4.0,20.0,digital wallet,takeaway,,,,
7670743,salad,4.0,5.0,20.0,,in-store,2023-04-28,2023.0,4.0,28.0
7201724,salad,1.0,5.0,5.0,cash,takeaway,2023-03-20,2023.0,3.0,20.0
2881199,smoothie,,4.0,,digital wallet,,2023-03-05,2023.0,3.0,5.0
3616362,smoothie,5.0,4.0,20.0,digital wallet,in-store,2023-12-02,2023.0,12.0,2.0
6113876,cake,3.0,3.0,9.0,cash,in-store,2023-03-01,2023.0,3.0,1.0
6007079,,2.0,1.0,2.0,credit card,in-store,2023-10-09,2023.0,10.0,9.0
3163383,tea,2.0,1.5,3.0,,in-store,2023-10-24,2023.0,10.0,24.0
1413304,,5.0,5.0,25.0,,takeaway,2023-03-17,2023.0,3.0,17.0
4907812,sandwich,,4.0,,digital wallet,in-store,2023-08-11,2023.0,8.0,11.0
7894514,cake,1.0,3.0,3.0,,,2023-09-25,2023.0,9.0,25.0
6450138,cake,1.0,3.0,3.0,credit card,takeaway,2023-04-13,2023.0,4.0,13.0
9874588,sandwich,2.0,4.0,8.0,,takeaway,2023-06-04,2023.0,6.0,4.0
6732989,salad,2.0,5.0,10.0,credit card,,2023-04-29,2023.0,4.0,29.0
5442610,juice,2.0,3.0,6.0,,takeaway,2023-12-10,2023.0,12.0,10.0
2155368,,2.0,1.0,2.0,digital wallet,takeaway,2023-02-06,2023.0,2.0,6.0
5236892,,1.0,3.0,3.0,digital wallet,takeaway,2023-03-09,2023.0,3.0,9.0
9328595,tea,2.0,1.5,3.0,cash,,2023-10-24,2023.0,10.0,24.0
1324930,sandwich,5.0,4.0,20.0,credit card,takeaway,2023-01-11,2023.0,1.0,11.0
6148397,tea,4.0,1.5,6.0,,in-store,2023-03-20,2023.0,3.0,20.0
8298711,coffee,3.0,2.0,6.0,,takeaway,2023-01-26,2023.0,1.0,26.0
7085875,juice,3.0,3.0,9.0,digital wallet,in-store,2023-08-23,2023.0,8.0,23.0
3857768,coffee,2.0,2.0,4.0,credit card,,2023-01-04,2023.0,1.0,4.0
5474440,cake,2.0,3.0,6.0,credit card,,2023-11-08,2023.0,11.0,8.0
6057379,salad,5.0,5.0,25.0,credit card,takeaway,2023-03-18,2023.0,3.0,18.0
4637070,tea,3.0,1.5,4.5,credit card,,2023-06-13,2023.0,6.0,13.0
9313535,cookie,1.0,1.0,1.0,digital wallet,takeaway,2023-06-04,2023.0,6.0,4.0
8161873,,1.0,1.5,1.5,digital wallet,,2023-02-08,2023.0,2.0,8.0
5441196,tea,,1.5,,cash,,2023-05-24,2023.0,5.0,24.0
9626053,salad,1.0,5.0,5.0,cash,takeaway,2023-08-11,2023.0,8.0,11.0
7026504,,5.0,4.0,20.0,,,2023-03-29,2023.0,3.0,29.0
4114843,sandwich,,4.0,,cash,,2023-05-17,2023.0,5.0,17.0
6622954,smoothie,2.0,4.0,8.0,,in-store,2023-01-13,2023.0,1.0,13.0
5509088,sandwich,3.0,4.0,12.0,digital wallet,,2023-08-28,2023.0,8.0,28.0
5583534,cookie,2.0,1.0,2.0,cash,takeaway,2023-10-31,2023.0,10.0,31.0
1438257,salad,4.0,5.0,20.0,credit card,takeaway,2023-06-13,2023.0,6.0,13.0
6428593,tea,5.0,1.5,7.5,,,2023-09-06,2023.0,9.0,6.0
4257830,cookie,5.0,1.0,5.0,,in-store,2023-08-04,2023.0,8.0,4.0
8780340,cake,5.0,3.0,15.0,credit card,,2023-08-29,2023.0,8.0,29.0
5801294,salad,1.0,5.0,5.0,,,2023-10-20,2023.0,10.0,20.0
4315988,,2.0,5.0,10.0,cash,takeaway,2023-04-12,2023.0,4.0,12.0
3963927,sandwich,4.0,4.0,16.0,credit card,in-store,2023-01-03,2023.0,1.0,3.0
2906443,cake,4.0,3.0,12.0,,,2023-08-14,2023.0,8.0,14.0
2660295,cookie,3.0,1.0,3.0,,,2023-12-06,2023.0,12.0,6.0
7023528,tea,5.0,1.5,7.5,cash,in-store,2023-10-28,2023.0,10.0,28.0
5419862,juice,5.0,3.0,15.0,digital wallet,,2023-05-29,2023.0,5.0,29.0
9124680,cookie,2.0,1.0,2.0,cash,takeaway,2023-10-03,2023.0,10.0,3.0
7853635,salad,3.0,5.0,15.0,digital wallet,takeaway,2023-02-16,2023.0,2.0,16.0
2009893,smoothie,3.0,4.0,12.0,,,2023-12-06,2023.0,12.0,6.0
3516263,cake,2.0,3.0,6.0,digital wallet,in-store,2023-09-23,2023.0,9.0,23.0
1591640,cake,2.0,3.0,6.0,cash,in-store,2023-05-26,2023.0,5.0,26.0
9358958,smoothie,1.0,4.0,4.0,,takeaway,2023-05-08,2023.0,5.0,8.0
3008336,,5.0,4.0,20.0,credit card,,2023-07-27,2023.0,7.0,27.0
7401710,sandwich,5.0,4.0,20.0,cash,,2023-10-24,2023.0,10.0,24.0
2176727,tea,1.0,1.5,1.5,,takeaway,2023-07-26,2023.0,7.0,26.0
5595717,juice,2.0,3.0,6.0,,,2023-06-16,2023.0,6.0,16.0
1697018,juice,4.0,3.0,12.0,digital wallet,in-store,2023-07-02,2023.0,7.0,2.0
1910957,tea,5.0,1.5,7.5,,takeaway,2023-07-25,2023.0,7.0,25.0
2667225,salad,2.0,5.0,10.0,cash,in-store,2023-11-21,2023.0,11.0,21.0
3152531,coffee,3.0,2.0,6.0,credit card,,2023-11-24,2023.0,11.0,24.0
8605958,sandwich,,4.0,,cash,,2023-06-09,2023.0,6.0,9.0
5033045,salad,3.0,5.0,15.0,digital wallet,,2023-04-21,2023.0,4.0,21.0
7527249,tea,3.0,1.5,4.5,,takeaway,2023-03-29,2023.0,3.0,29.0
9159212,smoothie,3.0,4.0,12.0,digital wallet,takeaway,2023-01-12,2023.0,1.0,12.0
6881523,juice,5.0,3.0,15.0,,takeaway,2023-02-24,2023.0,2.0,24.0
9725369,coffee,,2.0,,,takeaway,2023-02-10,2023.0,2.0,10.0
3282436,salad,5.0,5.0,25.0,credit card,in-store,2023-12-14,2023.0,12.0,14.0
4206256,smoothie,3.0,4.0,12.0,,,2023-10-10,2023.0,10.0,10.0
8465274,cake,3.0,3.0,9.0,digital wallet,takeaway,2023-02-01,2023.0,2.0,1.0
1286779,smoothie,,4.0,,credit card,,2023-04-13,2023.0,4.0,13.0
7216922,juice,5.0,3.0,15.0,,,2023-06-26,2023.0,6.0,26.0
8330446,smoothie,3.0,4.0,12.0,credit card,in-store,2023-08-06,2023.0,8.0,6.0
1282260,sandwich,5.0,4.0,20.0,digital wallet,,2023-07-21,2023.0,7.0,21.0
9582716,cake,2.0,3.0,6.0,,,,,,
9769410,salad,1.0,5.0,5.0,cash,in-store,2023-07-22,2023.0,7.0,22.0
7482583,tea,5.0,1.5,7.5,credit card,,,,,
3865224,coffee,3.0,2.0,6.0,,,2023-07-25,2023.0,7.0,25.0
8135614,juice,2.0,,,digital wallet,,2023-01-28,2023.0,1.0,28.0
9603131,smoothie,5.0,4.0,20.0,,,2023-08-19,2023.0,8.0,19.0
1437083,smoothie,2.0,4.0,8.0,credit card,in-store,2023-03-15,2023.0,3.0,15.0
2955040,,5.0,3.0,15.0,,,2023-03-21,2023.0,3.0,21.0
2413626,cake,1.0,3.0,3.0,credit card,takeaway,2023-11-06,2023.0,11.0,6.0
1568657,coffee,2.0,,,cash,,,,,
3392848,cake,2.0,3.0,6.0,cash,in-store,2023-04-03,2023.0,4.0,3.0
7027905,sandwich,1.0,4.0,4.0,credit card,in-store,2023-07-17,2023.0,7.0,17.0
8808034,smoothie,2.0,4.0,8.0,cash,in-store,2023-08-09,2023.0,8.0,9.0
1663113,smoothie,4.0,4.0,16.0,credit card,takeaway,2023-12-24,2023.0,12.0,24.0
1544070,coffee,5.0,2.0,10.0,,takeaway,2023-09-05,2023.0,9.0,5.0
6189334,sandwich,1.0,4.0,4.0,cash,in-store,2023-01-12,2023.0,1.0,12.0
3412490,cake,2.0,3.0,6.0,cash,in-store,,,,
1852586,cake,5.0,3.0,15.0,,in-store,,,,
3803732,salad,4.0,,,digital wallet,,2023-01-08,2023.0,1.0,8.0
3410971,smoothie,1.0,4.0,4.0,,takeaway,2023-01-02,2023.0,1.0,2.0
6467618,tea,3.0,1.5,4.5,,takeaway,2023-10-12,2023.0,10.0,12.0
6908287,cookie,1.0,1.0,1.0,cash,in-store,2023-08-04,2023.0,8.0,4.0
2726700,,,1.5,,digital wallet,,2023-04-10,2023.0,4.0,10.0
1803889,salad,4.0,5.0,20.0,,,2023-06-23,2023.0,6.0,23.0
6829707,sandwich,1.0,4.0,4.0,cash,takeaway,2023-08-17,2023.0,8.0,17.0
7303706,coffee,2.0,2.0,4.0,cash,in-store,2023-12-14,2023.0,12.0,14.0
1730647,juice,5.0,3.0,15.0,digital wallet,in-store,2023-01-18,2023.0,1.0,18.0
9691018,sandwich,2.0,4.0,8.0,digital wallet,,2023-07-21,2023.0,7.0,21.0
5480564,salad,3.0,,,digital wallet,,2023-05-28,2023.0,5.0,28.0
4090904,,,1.5,,digital wallet,in-store,2023-08-04,2023.0,8.0,4.0
9138791,cake,1.0,3.0,3.0,digital wallet,in-store,2023-03-22,2023.0,3.0,22.0
2367947,smoothie,5.0,4.0,20.0,,takeaway,2023-05-13,2023.0,5.0,13.0
4936135,coffee,4.0,2.0,8.0,cash,in-store,2023-12-08,2023.0,12.0,8.0
5311015,smoothie,3.0,4.0,12.0,,,2023-05-11,2023.0,5.0,11.0
2473090,,2.0,,,credit card,in-store,2023-03-03,2023.0,3.0,3.0
8808631,sandwich,5.0,,,,takeaway,2023-03-26,2023.0,3.0,26.0
8703212,,2.0,2.0,4.0,credit card,takeaway,2023-04-17,2023.0,4.0,17.0
7732920,sandwich,5.0,4.0,20.0,cash,,2023-02-11,2023.0,2.0,11.0
4496665,sandwich,2.0,4.0,8.0,digital wallet,takeaway,2023-12-10,2023.0,12.0,10.0
5041555,,4.0,1.5,6.0,digital wallet,,2023-08-26,2023.0,8.0,26.0
6816094,tea,4.0,1.5,6.0,,in-store,2023-12-30,2023.0,12.0,30.0
8209794,coffee,5.0,2.0,10.0,credit card,takeaway,2023-10-25,2023.0,10.0,25.0
4135454,sandwich,4.0,4.0,16.0,,in-store,2023-07-23,2023.0,7.0,23.0
3942164,coffee,4.0,2.0,8.0,credit card,,,,,
2761542,cookie,4.0,1.0,4.0,,,2023-10-15,2023.0,10.0,15.0
7948095,salad,5.0,5.0,25.0,,takeaway,2023-07-18,2023.0,7.0,18.0
3330687,cake,5.0,3.0,15.0,cash,in-store,2023-12-26,2023.0,12.0,26.0
9822317,,3.0,1.5,4.5,cash,in-store,2023-09-25,2023.0,9.0,25.0
6243479,sandwich,5.0,4.0,20.0,,,2023-09-18,2023.0,9.0,18.0
9296807,coffee,3.0,2.0,6.0,credit card,,2023-12-20,2023.0,12.0,20.0
7626939,coffee,,2.0,,,,,,,
5354746,coffee,4.0,2.0,8.0,digital wallet,takeaway,2023-03-06,2023.0,3.0,6.0
1235969,cookie,1.0,1.0,1.0,digital wallet,,2023-07-08,2023.0,7.0,8.0
4240796,juice,4.0,3.0,12.0,,,2023-03-28,2023.0,3.0,28.0
3736798,coffee,4.0,2.0,8.0,digital wallet,in-store,2023-07-01,2023.0,7.0,1.0
9102030,smoothie,4.0,4.0,16.0,digital wallet,in-store,,,,
8118419,cake,3.0,3.0,9.0,,,2023-12-03,2023.0,12.0,3.0
3089814,cake,5.0,3.0,15.0,digital wallet,,2023-03-25,2023.0,3.0,25.0
6719521,salad,5.0,5.0,25.0,cash,in-store,2023-08-03,2023.0,8.0,3.0
6530795,cookie,1.0,1.0,1.0,credit card,,2023-04-30,2023.0,4.0,30.0
4176373,cookie,3.0,1.0,3.0,cash,,2023-03-28,2023.0,3.0,28.0
7230500,juice,3.0,3.0,9.0,credit card,,2023-12-12,2023.0,12.0,12.0
7094898,salad,4.0,5.0,20.0,,takeaway,2023-06-20,2023.0,6.0,20.0
2400518,juice,3.0,3.0,9.0,credit card,,2023-02-04,2023.0,2.0,4.0
5349288,coffee,4.0,2.0,8.0,digital wallet,,2023-11-20,2023.0,11.0,20.0
6806290,salad,3.0,5.0,15.0,,,2023-05-02,2023.0,5.0,2.0
6191123,,2.0,1.0,2.0,digital wallet,takeaway,2023-03-01,2023.0,3.0,1.0
5386752,salad,4.0,5.0,20.0,digital wallet,in-store,2023-12-07,2023.0,12.0,7.0
1022523,salad,4.0,5.0,20.0,cash,in-store,2023-11-25,2023.0,11.0,25.0
3125997,juice,4.0,3.0,12.0,,,2023-10-19,2023.0,10.0,19.0
9906002,smoothie,,4.0,,digital wallet,in-store,2023-07-13,2023.0,7.0,13.0
6202015,cookie,2.0,1.0,2.0,credit card,takeaway,2023-08-22,2023.0,8.0,22.0
6928137,cake,3.0,3.0,9.0,digital wallet,in-store,2023-10-11,2023.0,10.0,11.0
3003809,coffee,4.0,2.0,8.0,cash,,2023-04-21,2023.0,4.0,21.0
5913013,cookie,2.0,1.0,2.0,credit card,takeaway,2023-11-29,2023.0,11.0,29.0
7433269,tea,1.0,1.5,1.5,cash,in-store,2023-05-18,2023.0,5.0,18.0
3103972,cake,1.0,3.0,3.0,,,2023-03-01,2023.0,3.0,1.0
9081115,juice,3.0,3.0,9.0,,,2023-12-04,2023.0,12.0,4.0
1054915,,5.0,1.0,5.0,,in-store,2023-01-22,2023.0,1.0,22.0
2633600,salad,5.0,5.0,25.0,cash,takeaway,2023-11-28,2023.0,11.0,28.0
4631695,cookie,5.0,1.0,5.0,,in-store,2023-11-18,2023.0,11.0,18.0
3121271,smoothie,2.0,4.0,8.0,credit card,,2023-08-13,2023.0,8.0,13.0
4613883,tea,1.0,1.5,1.5,cash,,2023-05-21,2023.0,5.0,21.0
2766651,cake,,3.0,,,,2023-05-11,2023.0,5.0,11.0
2166064,coffee,4.0,2.0,8.0,,in-store,2023-02-08,2023.0,2.0,8.0
4617771,smoothie,4.0,4.0,16.0,digital wallet,takeaway,2023-09-10,2023.0,9.0,10.0
9444461,sandwich,2.0,4.0,8.0,,,2023-05-28,2023.0,5.0,28.0
4723978,,2.0,1.0,2.0,,,2023-04-20,2023.0,4.0,20.0
1741325,tea,2.0,1.5,3.0,credit card,in-store,2023-03-31,2023.0,3.0,31.0
9370294,cake,2.0,3.0,6.0,credit card,,2023-04-23,2023.0,4.0,23.0
9983356,sandwich,2.0,4.0,8.0,digital wallet,takeaway,2023-09-20,2023.0,9.0,20.0
8964527,sandwich,4.0,4.0,16.0,digital wallet,takeaway,2023-02-22,2023.0,2.0,22.0
7696120,cookie,1.0,,,,in-store,,,,
3331437,,1.0,2.0,2.0,cash,takeaway,2023-02-26,2023.0,2.0,26.0
6313325,cookie,5.0,1.0,5.0,,,2023-07-07,2023.0,7.0,7.0
9497634,juice,3.0,3.0,9.0,cash,,2023-07-20,2023.0,7.0,20.0
9408993,sandwich,1.0,4.0,4.0,digital wallet,in-store,2023-08-19,2023.0,8.0,19.0
7810285,cake,4.0,3.0,12.0,cash,takeaway,2023-10-25,2023.0,10.0,25.0
5322809,cake,2.0,3.0,6.0,,,2023-04-30,2023.0,4.0,30.0
1961595,smoothie,5.0,4.0,20.0,digital wallet,in-store,2023-07-02,2023.0,7.0,2.0
1200795,sandwich,1.0,4.0,4.0,,in-store,2023-08-18,2023.0,8.0,18.0
8958073,smoothie,1.0,4.0,4.0,,,2023-03-31,2023.0,3.0,31.0
4114503,salad,5.0,5.0,25.0,,takeaway,2023-11-07,2023.0,11.0,7.0
4179561,cookie,2.0,1.0,2.0,digital wallet,in-store,2023-11-12,2023.0,11.0,12.0
5669113,sandwich,2.0,4.0,8.0,,takeaway,2023-03-19,2023.0,3.0,19.0
7574828,coffee,2.0,2.0,4.0,,in-store,2023-09-24,2023.0,9.0,24.0
9056301,cookie,2.0,1.0,2.0,credit card,takeaway,2023-03-02,2023.0,3.0,2.0
8530924,sandwich,2.0,4.0,8.0,credit card,,2023-08-05,2023.0,8.0,5.0
1505947,,3.0,1.0,3.0,cash,,2023-11-21,2023.0,11.0,21.0
2114258,,1.0,1.0,1.0,digital wallet,in-store,2023-12-04,2023.0,12.0,4.0
5965422,coffee,2.0,2.0,4.0,credit card,,2023-06-20,2023.0,6.0,20.0
6910030,coffee,4.0,2.0,8.0,digital wallet,takeaway,2023-07-09,2023.0,7.0,9.0
3713626,sandwich,2.0,4.0,8.0,cash,,2023-12-24,2023.0,12.0,24.0
5753095,sandwich,4.0,4.0,16.0,,,2023-06-25,2023.0,6.0,25.0
5538503,smoothie,2.0,4.0,8.0,,in-store,2023-09-05,2023.0,9.0,5.0
7609781,smoothie,3.0,4.0,12.0,cash,in-store,2023-03-13,2023.0,3.0,13.0
8398059,cake,1.0,3.0,3.0,cash,takeaway,2023-10-15,2023.0,10.0,15.0
3755379,cookie,2.0,,,digital wallet,in-store,2023-11-19,2023.0,11.0,19.0
6565955,,3.0,2.0,6.0,digital wallet,in-store,2023-12-29,2023.0,12.0,29.0
1792573,smoothie,5.0,4.0,20.0,cash,takeaway,2023-12-07,2023.0,12.0,7.0
4812472,cake,2.0,3.0,6.0,cash,,2023-09-16,2023.0,9.0,16.0
2923987,,4.0,2.0,8.0,cash,takeaway,2023-03-28,2023.0,3.0,28.0
1789644,coffee,4.0,2.0,8.0,credit card,in-store,,,,
5050993,cookie,4.0,1.0,4.0,,,2023-02-06,2023.0,2.0,6.0
9991225,cake,5.0,3.0,15.0,credit card,takeaway,2023-02-03,2023.0,2.0,3.0
8734476,tea,1.0,1.5,1.5,cash,takeaway,2023-09-12,2023.0,9.0,12.0
6471962,sandwich,4.0,4.0,16.0,cash,takeaway,2023-09-21,2023.0,9.0,21.0
1981602,sandwich,4.0,4.0,16.0,cash,,2023-09-04,2023.0,9.0,4.0
4792702,sandwich,1.0,4.0,4.0,cash,takeaway,2023-06-28,2023.0,6.0,28.0
3572190,coffee,5.0,2.0,10.0,credit card,takeaway,2023-03-05,2023.0,3.0,5.0
6791398,coffee,1.0,2.0,2.0,credit card,takeaway,2023-12-17,2023.0,12.0,17.0
8361255,cake,3.0,3.0,9.0,cash,takeaway,2023-07-29,2023.0,7.0,29.0
1096690,smoothie,5.0,4.0,20.0,credit card,,2023-10-09,2023.0,10.0,9.0
1371554,sandwich,2.0,4.0,8.0,,,2023-05-19,2023.0,5.0,19.0
5080213,,1.0,2.0,2.0,digital wallet,,2023-07-18,2023.0,7.0,18.0
5102956,cake,5.0,3.0,15.0,,,,,,
5858988,juice,1.0,,,credit card,takeaway,2023-06-24,2023.0,6.0,24.0
1476066,smoothie,2.0,4.0,8.0,,takeaway,2023-10-19,2023.0,10.0,19.0
6078834,smoothie,1.0,4.0,4.0,digital wallet,takeaway,2023-04-28,2023.0,4.0,28.0
7812601,tea,2.0,1.5,3.0,credit card,,2023-11-15,2023.0,11.0,15.0
8186625,cookie,1.0,1.0,1.0,digital wallet,takeaway,2023-07-21,2023.0,7.0,21.0
3713976,juice,2.0,3.0,6.0,,takeaway,2023-11-06,2023.0,11.0,6.0
2946829,cookie,2.0,1.0,2.0,digital wallet,takeaway,2023-02-08,2023.0,2.0,8.0
8645889,salad,4.0,,,cash,,,,,
8750849,cake,2.0,3.0,6.0,credit card,takeaway,2023-03-03,2023.0,3.0,3.0
2889344,sandwich,3.0,4.0,12.0,,in-store,2023-05-21,2023.0,5.0,21.0
4067814,tea,5.0,1.5,7.5,cash,,2023-12-20,2023.0,12.0,20.0
2018654,salad,1.0,,,,,2023-10-23,2023.0,10.0,23.0
1973716,salad,4.0,5.0,20.0,credit card,in-store,2023-01-21,2023.0,1.0,21.0
1105589,coffee,5.0,2.0,10.0,cash,takeaway,2023-07-04,2023.0,7.0,4.0
3727374,cake,2.0,3.0,6.0,,in-store,2023-04-10,2023.0,4.0,10.0
9155299,juice,3.0,3.0,9.0,,takeaway,2023-02-09,2023.0,2.0,9.0
1346936,cookie,5.0,1.0,5.0,,,2023-10-10,2023.0,10.0,10.0
2089778,cake,1.0,3.0,3.0,,in-store,2023-06-12,2023.0,6.0,12.0
4896948,cake,,3.0,,,,2023-10-11,2023.0,10.0,11.0
5375349,coffee,1.0,2.0,2.0,,takeaway,2023-11-13,2023.0,11.0,13.0
6206171,cake,1.0,3.0,3.0,digital wallet,,2023-03-19,2023.0,3.0,19.0
9256387,tea,5.0,1.5,7.5,,,2023-05-31,2023.0,5.0,31.0
6915192,coffee,4.0,2.0,8.0,,in-store,2023-12-09,2023.0,12.0,9.0
8908224,coffee,4.0,2.0,8.0,,,2023-08-21,2023.0,8.0,21.0
4988665,cake,1.0,3.0,3.0,digital wallet,takeaway,2023-12-16,2023.0,12.0,16.0
7740907,smoothie,5.0,4.0,20.0,,in-store,2023-02-11,2023.0,2.0,11.0
9596100,,4.0,3.0,12.0,cash,takeaway,2023-05-04,2023.0,5.0,4.0
5019407,juice,4.0,3.0,12.0,credit card,,2023-04-17,2023.0,4.0,17.0
2482363,tea,3.0,1.5,4.5,cash,,2023-08-06,2023.0,8.0,6.0
5412834,smoothie,4.0,4.0,16.0,cash,takeaway,2023-07-13,2023.0,7.0,13.0
1389258,salad,1.0,5.0,5.0,cash,takeaway,2023-12-31,2023.0,12.0,31.0
3223187,coffee,2.0,2.0,4.0,credit card,,2023-08-21,2023.0,8.0,21.0
9288207,cake,4.0,3.0,12.0,,takeaway,2023-05-16,2023.0,5.0,16.0
8300706,salad,2.0,5.0,10.0,digital wallet,,2023-12-23,2023.0,12.0,23.0
8076559,cake,5.0,3.0,15.0,cash,takeaway,2023-11-02,2023.0,11.0,2.0
2749266,sandwich,,4.0,,,takeaway,2023-02-06,2023.0,2.0,6.0
4310310,cake,3.0,3.0,9.0,cash,takeaway,2023-03-08,2023.0,3.0,8.0
5301689,cake,5.0,3.0,15.0,,in-store,2023-04-11,2023.0,4.0,11.0
9971927,smoothie,3.0,4.0,12.0,,takeaway,2023-08-07,2023.0,8.0,7.0
9143440,coffee,4.0,2.0,8.0,digital wallet,,2023-03-31,2023.0,3.0,31.0
6359777,,5.0,4.0,20.0,,,2023-01-13,2023.0,1.0,13.0
2916209,cake,2.0,3.0,6.0,,in-store,2023-04-15,2023.0,4.0,15.0
6411716,cake,4.0,3.0,12.0,credit card,in-store,2023-02-25,2023.0,2.0,25.0
7759607,sandwich,1.0,4.0,4.0,digital wallet,,2023-08-11,2023.0,8.0,11.0
8441057,cake,4.0,3.0,12.0,credit card,,2023-11-04,2023.0,11.0,4.0
8283691,juice,3.0,3.0,9.0,,,2023-01-25,2023.0,1.0,25.0
1154979,coffee,3.0,2.0,6.0,credit card,in-store,2023-12-11,2023.0,12.0,11.0
4258949,cake,2.0,3.0,6.0,,,2023-03-07,2023.0,3.0,7.0
6129205,sandwich,5.0,4.0,20.0,cash,in-store,2023-07-20,2023.0,7.0,20.0
3444519,cookie,4.0,1.0,4.0,,takeaway,2023-03-10,2023.0,3.0,10.0
6813508,salad,1.0,5.0,5.0,cash,,2023-10-26,2023.0,10.0,26.0
5540986,cake,3.0,3.0,9.0,,,2023-05-12,2023.0,5.0,12.0
4832513,cookie,5.0,1.0,5.0,credit card,in-store,2023-06-05,2023.0,6.0,5.0
6202035,tea,2.0,1.5,3.0,,in-store,2023-09-06,2023.0,9.0,6.0
4108120,coffee,2.0,2.0,4.0,,in-store,2023-06-14,2023.0,6.0,14.0
8466519,,1.0,1.0,1.0,,takeaway,2023-08-31,2023.0,8.0,31.0
5379385,coffee,5.0,2.0,10.0,credit card,,2023-02-21,2023.0,2.0,21.0
6782228,coffee,4.0,2.0,8.0,credit card,,2023-08-18,2023.0,8.0,18.0
7268366,juice,5.0,3.0,15.0,,in-store,2023-12-14,2023.0,12.0,14.0
1180969,cookie,1.0,1.0,1.0,digital wallet,in-store,2023-01-06,2023.0,1.0,6.0
3815345,,5.0,1.0,5.0,cash,in-store,2023-09-16,2023.0,9.0,16.0
7453213,coffee,,2.0,,,in-store,2023-10-27,2023.0,10.0,27.0
9469533,cookie,4.0,,,cash,,2023-05-22,2023.0,5.0,22.0
6492919,juice,3.0,3.0,9.0,digital wallet,,2023-09-24,2023.0,9.0,24.0
4356223,salad,3.0,5.0,15.0,digital wallet,takeaway,2023-11-23,2023.0,11.0,23.0
7515082,coffee,2.0,2.0,4.0,,in-store,2023-10-21,2023.0,10.0,21.0
7216161,tea,4.0,1.5,6.0,credit card,,2023-07-06,2023.0,7.0,6.0
2426782,coffee,2.0,,,credit card,in-store,2023-11-04,2023.0,11.0,4.0
3484520,juice,3.0,3.0,9.0,credit card,,2023-08-15,2023.0,8.0,15.0
2806515,smoothie,4.0,4.0,16.0,,in-store,2023-12-31,2023.0,12.0,31.0
7198128,cake,2.0,3.0,6.0,,in-store,2023-09-07,2023.0,9.0,7.0
6717061,salad,3.0,5.0,15.0,credit card,,2023-08-07,2023.0,8.0,7.0
3562350,coffee,2.0,2.0,4.0,,,2023-02-04,2023.0,2.0,4.0
1987977,,2.0,4.0,8.0,,,2023-11-16,2023.0,11.0,16.0
4250492,salad,5.0,,,,takeaway,2023-09-29,2023.0,9.0,29.0
2471972,cookie,1.0,1.0,1.0,cash,takeaway,2023-04-08,2023.0,4.0,8.0
3060152,juice,5.0,3.0,15.0,digital wallet,,2023-02-07,2023.0,2.0,7.0
4651514,tea,2.0,1.5,3.0,digital wallet,in-store,2023-03-28,2023.0,3.0,28.0
6555617,salad,2.0,5.0,10.0,digital wallet,takeaway,2023-12-27,2023.0,12.0,27.0
7033977,sandwich,4.0,4.0,16.0,,takeaway,2023-05-04,2023.0,5.0,4.0
6899834,cake,3.0,3.0,9.0,credit card,takeaway,2023-01-27,2023.0,1.0,27.0
5031214,,5.0,,,,takeaway,2023-07-29,2023.0,7.0,29.0
3427950,smoothie,5.0,4.0,20.0,,in-store,2023-02-23,2023.0,2.0,23.0
8817239,,5.0,4.0,20.0,cash,in-store,2023-01-29,2023.0,1.0,29.0
8543211,juice,3.0,3.0,9.0,,takeaway,2023-11-30,2023.0,11.0,30.0
7538570,smoothie,4.0,4.0,16.0,credit card,takeaway,2023-04-18,2023.0,4.0,18.0
8789116,salad,5.0,5.0,25.0,digital wallet,takeaway,2023-01-13,2023.0,1.0,13.0
8930109,cookie,5.0,1.0,5.0,digital wallet,takeaway,2023-05-17,2023.0,5.0,17.0
9799798,coffee,5.0,2.0,10.0,credit card,takeaway,2023-05-23,2023.0,5.0,23.0
8551432,,,1.5,,,takeaway,2023-01-12,2023.0,1.0,12.0
8831813,smoothie,5.0,4.0,20.0,,,2023-11-23,2023.0,11.0,23.0
5067373,cookie,3.0,1.0,3.0,cash,,2023-10-18,2023.0,10.0,18.0
5755839,sandwich,3.0,4.0,12.0,credit card,,2023-12-19,2023.0,12.0,19.0
1681153,juice,3.0,3.0,9.0,cash,takeaway,2023-02-09,2023.0,2.0,9.0
4255503,coffee,3.0,2.0,6.0,digital wallet,takeaway,2023-11-19,2023.0,11.0,19.0
6086709,,5.0,3.0,15.0,,,2023-07-07,2023.0,7.0,7.0
2385697,coffee,1.0,2.0,2.0,cash,takeaway,2023-09-10,2023.0,9.0,10.0
9151321,sandwich,4.0,4.0,16.0,cash,in-store,2023-01-05,2023.0,1.0,5.0
7369807,coffee,4.0,2.0,8.0,,in-store,2023-02-22,2023.0,2.0,22.0
1602799,cake,4.0,3.0,12.0,digital wallet,takeaway,2023-03-23,2023.0,3.0,23.0
3336502,sandwich,3.0,4.0,12.0,credit card,,2023-05-04,2023.0,5.0,4.0
9579181,sandwich,1.0,4.0,4.0,digital wallet,in-store,2023-05-24,2023.0,5.0,24.0
7391267,cake,3.0,,,digital wallet,in-store,2023-12-07,2023.0,12.0,7.0
1388606,cake,3.0,3.0,9.0,digital wallet,takeaway,2023-08-31,2023.0,8.0,31.0
2336857,cake,3.0,3.0,9.0,cash,in-store,2023-08-02,2023.0,8.0,2.0
9526867,cookie,2.0,1.0,2.0,digital wallet,takeaway,2023-10-21,2023.0,10.0,21.0
4427348,cake,5.0,3.0,15.0,cash,,2023-12-22,2023.0,12.0,22.0
5901180,cookie,3.0,1.0,3.0,digital wallet,,2023-12-20,2023.0,12.0,20.0
4932018,,4.0,4.0,16.0,digital wallet,takeaway,2023-08-23,2023.0,8.0,23.0
3224921,sandwich,5.0,4.0,20.0,,in-store,2023-04-06,2023.0,4.0,6.0
5792655,juice,1.0,3.0,3.0,digital wallet,takeaway,2023-12-21,2023.0,12.0,21.0
5566652,juice,5.0,3.0,15.0,credit card,,2023-09-16,2023.0,9.0,16.0
7782538,juice,2.0,3.0,6.0,digital wallet,takeaway,2023-08-15,2023.0,8.0,15.0
7478389,cookie,5.0,1.0,5.0,digital wallet,,2023-10-13,2023.0,10.0,13.0
6108428,cake,3.0,3.0,9.0,digital wallet,,2023-05-08,2023.0,5.0,8.0
3615483,sandwich,2.0,4.0,8.0,digital wallet,,2023-09-08,2023.0,9.0,8.0
6404763,sandwich,5.0,4.0,20.0,digital wallet,takeaway,2023-11-13,2023.0,11.0,13.0
6060764,smoothie,3.0,,,,in-store,,,,
2269497,coffee,5.0,2.0,10.0,,,2023-08-14,2023.0,8.0,14.0
8205107,,4.0,4.0,16.0,,takeaway,2023-04-19,2023.0,4.0,19.0
5290522,,2.0,2.0,4.0,credit card,takeaway,2023-02-16,2023.0,2.0,16.0
8396271,,2.0,,,,,2023-09-12,2023.0,9.0,12.0
5153686,coffee,5.0,2.0,10.0,,takeaway,2023-04-05,2023.0,4.0,5.0
5237569,tea,3.0,,,,,,,,
4915908,sandwich,5.0,4.0,20.0,credit card,in-store,2023-06-06,2023.0,6.0,6.0
7146613,smoothie,1.0,4.0,4.0,cash,,2023-08-01,2023.0,8.0,1.0
8219519,tea,5.0,1.5,7.5,,,2023-11-29,2023.0,11.0,29.0
7867311,smoothie,2.0,4.0,8.0,,,2023-07-17,2023.0,7.0,17.0
4798534,,5.0,5.0,25.0,digital wallet,takeaway,2023-07-23,2023.0,7.0,23.0
9844703,,2.0,1.5,3.0,,,2023-05-18,2023.0,5.0,18.0
4147073,,4.0,3.0,12.0,cash,takeaway,2023-06-16,2023.0,6.0,16.0
4203585,cake,2.0,3.0,6.0,,,2023-09-03,2023.0,9.0,3.0
7222483,sandwich,5.0,4.0,20.0,,takeaway,2023-05-02,2023.0,5.0,2.0
9996968,sandwich,1.0,,,cash,in-store,2023-10-14,2023.0,10.0,14.0
4472156,cookie,1.0,1.0,1.0,,in-store,2023-11-03,2023.0,11.0,3.0
9121852,cookie,1.0,1.0,1.0,credit card,,,,,
7043825,juice,2.0,3.0,6.0,cash,takeaway,2023-02-07,2023.0,2.0,7.0
2195630,sandwich,5.0,,,credit card,takeaway,2023-03-09,2023.0,3.0,9.0
2539318,sandwich,4.0,4.0,16.0,digital wallet,,2023-01-15,2023.0,1.0,15.0
5788769,juice,1.0,3.0,3.0,cash,in-store,2023-07-19,2023.0,7.0,19.0
3628056,cake,4.0,,,cash,in-store,2023-07-09,2023.0,7.0,9.0
5735731,smoothie,2.0,,,credit card,,2023-01-22,2023.0,1.0,22.0
2424930,tea,5.0,1.5,7.5,digital wallet,,2023-01-20,2023.0,1.0,20.0
5856820,tea,2.0,1.5,3.0,credit card,takeaway,2023-07-18,2023.0,7.0,18.0
3753993,sandwich,5.0,4.0,20.0,credit card,,2023-04-01,2023.0,4.0,1.0
3001647,,1.0,5.0,5.0,,,2023-07-01,2023.0,7.0,1.0
9354616,tea,4.0,1.5,6.0,digital wallet,takeaway,2023-01-27,2023.0,1.0,27.0
3749365,cookie,3.0,1.0,3.0,cash,,2023-01-19,2023.0,1.0,19.0
6900785,juice,1.0,3.0,3.0,,takeaway,2023-09-25,2023.0,9.0,25.0
5775113,salad,1.0,5.0,5.0,digital wallet,,2023-10-23,2023.0,10.0,23.0
5268203,cake,1.0,3.0,3.0,credit card,takeaway,2023-03-04,2023.0,3.0,4.0
3483570,sandwich,2.0,4.0,8.0,,takeaway,2023-03-21,2023.0,3.0,21.0
7406393,,5.0,1.5,7.5,credit card,takeaway,2023-06-18,2023.0,6.0,18.0
5226635,cookie,4.0,1.0,4.0,credit card,takeaway,2023-02-01,2023.0,2.0,1.0
5469063,coffee,2.0,2.0,4.0,,takeaway,2023-02-24,2023.0,2.0,24.0
9278992,smoothie,4.0,4.0,16.0,cash,takeaway,2023-12-15,2023.0,12.0,15.0
4369292,cake,1.0,3.0,3.0,credit card,takeaway,2023-10-09,2023.0,10.0,9.0
6011884,tea,5.0,1.5,7.5,,,2023-12-25,2023.0,12.0,25.0
2952715,smoothie,3.0,4.0,12.0,cash,in-store,,,,
3912727,tea,5.0,1.5,7.5,digital wallet,takeaway,2023-04-13,2023.0,4.0,13.0
1951569,salad,2.0,5.0,10.0,digital wallet,,2023-02-27,2023.0,2.0,27.0
6983139,salad,2.0,5.0,10.0,credit card,takeaway,2023-12-18,2023.0,12.0,18.0
6787560,cake,3.0,3.0,9.0,,,2023-07-13,2023.0,7.0,13.0
5977414,cake,2.0,3.0,6.0,credit card,in-store,2023-08-06,2023.0,8.0,6.0
8517379,,4.0,3.0,12.0,digital wallet,takeaway,2023-09-23,2023.0,9.0,23.0
5485384,sandwich,5.0,4.0,20.0,,,2023-03-04,2023.0,3.0,4.0
9285663,cookie,4.0,1.0,4.0,,,2023-11-18,2023.0,11.0,18.0
9074075,juice,5.0,3.0,15.0,credit card,,2023-08-14,2023.0,8.0,14.0
8050034,cookie,4.0,1.0,4.0,,in-store,2023-07-29,2023.0,7.0,29.0
8842223,sandwich,5.0,,,digital wallet,in-store,2023-01-01,2023.0,1.0,1.0
5121322,sandwich,3.0,4.0,12.0,,in-store,2023-12-17,2023.0,12.0,17.0
3091582,sandwich,5.0,4.0,20.0,,,2023-11-28,2023.0,11.0,28.0
8550184,juice,3.0,3.0,9.0,digital wallet,takeaway,2023-04-05,2023.0,4.0,5.0
7604352,coffee,,2.0,,,takeaway,2023-12-19,2023.0,12.0,19.0
6899248,,5.0,3.0,15.0,,,2023-12-13,2023.0,12.0,13.0
2773491,salad,5.0,5.0,25.0,cash,,2023-11-14,2023.0,11.0,14.0
3071617,,4.0,1.0,4.0,credit card,,2023-12-15,2023.0,12.0,15.0
3712466,cake,5.0,3.0,15.0,digital wallet,,2023-04-10,2023.0,4.0,10.0
3670298,,4.0,1.0,4.0,credit card,takeaway,2023-02-04,2023.0,2.0,4.0
4901854,cookie,5.0,1.0,5.0,,,2023-04-23,2023.0,4.0,23.0
7590801,tea,,,,cash,takeaway,,,,
6962242,juice,1.0,3.0,3.0,digital wallet,takeaway,2023-06-30,2023.0,6.0,30.0
5780931,tea,4.0,1.5,6.0,digital wallet,,2023-10-06,2023.0,10.0,6.0
4563679,coffee,4.0,2.0,8.0,,in-store,2023-09-11,2023.0,9.0,11.0
6290642,coffee,4.0,2.0,8.0,,takeaway,2023-12-23,2023.0,12.0,23.0
6177865,juice,5.0,3.0,15.0,digital wallet,,2023-01-30,2023.0,1.0,30.0
8115752,smoothie,2.0,4.0,8.0,digital wallet,,2023-06-27,2023.0,6.0,27.0
9253398,sandwich,2.0,4.0,8.0,,takeaway,2023-12-14,2023.0,12.0,14.0
3116227,cake,1.0,3.0,3.0,digital wallet,,2023-05-30,2023.0,5.0,30.0
2494138,cookie,3.0,1.0,3.0,cash,,2023-01-10,2023.0,1.0,10.0
4889269,cake,2.0,3.0,6.0,cash,,2023-02-19,2023.0,2.0,19.0
9503369,cookie,,1.0,,,takeaway,,,,
6105240,juice,5.0,3.0,15.0,,in-store,2023-11-27,2023.0,11.0,27.0
8808162,smoothie,4.0,4.0,16.0,digital wallet,,2023-05-07,2023.0,5.0,7.0
4548466,tea,4.0,1.5,6.0,credit card,takeaway,2023-11-30,2023.0,11.0,30.0
3195257,,,5.0,,cash,,2023-10-09,2023.0,10.0,9.0
9835676,cookie,2.0,1.0,2.0,digital wallet,,2023-03-30,2023.0,3.0,30.0
9728454,juice,4.0,3.0,12.0,digital wallet,takeaway,2023-01-03,2023.0,1.0,3.0
5907854,juice,3.0,3.0,9.0,,in-store,2023-11-11,2023.0,11.0,11.0
8685846,tea,5.0,1.5,7.5,credit card,,2023-12-27,2023.0,12.0,27.0
1726774,salad,3.0,5.0,15.0,,,2023-11-16,2023.0,11.0,16.0
2594430,coffee,1.0,2.0,2.0,,,2023-05-18,2023.0,5.0,18.0
5750278,salad,,5.0,,cash,takeaway,2023-06-08,2023.0,6.0,8.0
6714931,juice,3.0,3.0,9.0,,,2023-07-02,2023.0,7.0,2.0
5537740,cake,,3.0,,credit card,takeaway,2023-04-30,2023.0,4.0,30.0
9433769,cake,4.0,,,digital wallet,,2023-08-13,2023.0,8.0,13.0
5944206,cookie,5.0,1.0,5.0,digital wallet,takeaway,2023-05-12,2023.0,5.0,12.0
9212178,juice,1.0,3.0,3.0,credit card,takeaway,2023-11-18,2023.0,11.0,18.0
2915856,tea,1.0,1.5,1.5,,in-store,2023-06-19,2023.0,6.0,19.0
4376214,salad,5.0,5.0,25.0,,,2023-04-26,2023.0,4.0,26.0
9201212,smoothie,4.0,4.0,16.0,digital wallet,takeaway,2023-06-08,2023.0,6.0,8.0
7752454,cake,3.0,3.0,9.0,,,,,,
7055260,sandwich,4.0,4.0,16.0,digital wallet,in-store,2023-06-20,2023.0,6.0,20.0
4773465,coffee,5.0,2.0,10.0,digital wallet,takeaway,2023-11-28,2023.0,11.0,28.0
9087344,tea,5.0,1.5,7.5,cash,,2023-07-29,2023.0,7.0,29.0
1757340,cake,2.0,3.0,6.0,credit card,in-store,2023-12-29,2023.0,12.0,29.0
9975321,salad,2.0,5.0,10.0,digital wallet,,2023-03-25,2023.0,3.0,25.0
8148137,tea,1.0,1.5,1.5,,in-store,,,,
1681216,cake,3.0,3.0,9.0,,,2023-03-23,2023.0,3.0,23.0
3835043,juice,2.0,3.0,6.0,cash,,2023-12-29,2023.0,12.0,29.0
8366002,sandwich,2.0,4.0,8.0,credit card,,2023-12-26,2023.0,12.0,26.0
9390740,cake,2.0,3.0,6.0,cash,in-store,2023-12-06,2023.0,12.0,6.0
4928254,cake,1.0,3.0,3.0,credit card,,2023-12-22,2023.0,12.0,22.0
5191642,salad,,5.0,,cash,,2023-04-15,2023.0,4.0,15.0
9117434,cake,1.0,3.0,3.0,,in-store,2023-07-18,2023.0,7.0,18.0
2820788,,5.0,1.0,5.0,,,2023-09-25,2023.0,9.0,25.0
3593060,smoothie,,,,cash,,2023-03-05,2023.0,3.0,5.0
7531745,cake,2.0,3.0,6.0,cash,,2023-06-23,2023.0,6.0,23.0
1082421,salad,1.0,5.0,5.0,digital wallet,in-store,2023-12-19,2023.0,12.0,19.0
2148444,juice,2.0,3.0,6.0,cash,,2023-11-27,2023.0,11.0,27.0
5402385,,2.0,3.0,6.0,cash,in-store,2023-06-18,2023.0,6.0,18.0
1494502,salad,5.0,5.0,25.0,digital wallet,,,,,
9277146,cake,5.0,3.0,15.0,credit card,,2023-07-11,2023.0,7.0,11.0
9333347,smoothie,5.0,4.0,20.0,cash,,2023-09-10,2023.0,9.0,10.0
9127105,juice,3.0,3.0,9.0,cash,,2023-03-04,2023.0,3.0,4.0
1417724,sandwich,2.0,4.0,8.0,digital wallet,,2023-06-07,2023.0,6.0,7.0
6451377,salad,5.0,5.0,25.0,credit card,takeaway,2023-03-19,2023.0,3.0,19.0
2142961,coffee,5.0,2.0,10.0,credit card,takeaway,2023-09-21,2023.0,9.0,21.0
5927884,coffee,4.0,2.0,8.0,,,2023-12-21,2023.0,12.0,21.0
8588335,salad,4.0,5.0,20.0,credit card,,2023-09-04,2023.0,9.0,4.0
6738350,juice,2.0,3.0,6.0,digital wallet,,2023-11-02,2023.0,11.0,2.0
5575561,tea,4.0,1.5,6.0,digital wallet,takeaway,2023-02-13,2023.0,2.0,13.0
1007347,salad,4.0,5.0,20.0,digital wallet,in-store,2023-08-28,2023.0,8.0,28.0
8933459,juice,1.0,3.0,3.0,,,2023-12-31,2023.0,12.0,31.0
3678091,juice,,3.0,,cash,,2023-09-07,2023.0,9.0,7.0
7692628,tea,2.0,1.5,3.0,cash,,2023-05-01,2023.0,5.0,1.0
6731518,cookie,1.0,1.0,1.0,digital wallet,takeaway,2023-12-04,2023.0,12.0,4.0
3455702,salad,1.0,5.0,5.0,cash,takeaway,2023-03-23,2023.0,3.0,23.0
7794561,juice,4.0,3.0,12.0,credit card,in-store,2023-05-18,2023.0,5.0,18.0
8908193,smoothie,5.0,4.0,20.0,cash,,2023-04-02,2023.0,4.0,2.0
7688625,coffee,1.0,2.0,2.0,credit card,in-store,2023-12-15,2023.0,12.0,15.0
7012065,coffee,3.0,2.0,6.0,,,2023-08-05,2023.0,8.0,5.0
4323570,,1.0,1.0,1.0,cash,,2023-03-04,2023.0,3.0,4.0
8831924,coffee,3.0,2.0,6.0,digital wallet,in-store,2023-07-12,2023.0,7.0,12.0
2865104,cake,5.0,3.0,15.0,,in-store,2023-03-12,2023.0,3.0,12.0
1360998,cookie,2.0,1.0,2.0,cash,takeaway,2023-07-30,2023.0,7.0,30.0
4125921,juice,5.0,3.0,15.0,credit card,,2023-01-26,2023.0,1.0,26.0
4657842,,,1.0,,cash,takeaway,2023-09-29,2023.0,9.0,29.0
8149585,juice,1.0,3.0,3.0,credit card,,2023-02-21,2023.0,2.0,21.0
9047278,tea,4.0,1.5,6.0,credit card,takeaway,2023-06-20,2023.0,6.0,20.0
8666003,smoothie,4.0,4.0,16.0,,takeaway,2023-06-09,2023.0,6.0,9.0
7606512,cookie,5.0,1.0,5.0,cash,,2023-12-03,2023.0,12.0,3.0
1819615,coffee,4.0,2.0,8.0,,,2023-06-03,2023.0,6.0,3.0
1931404,cake,5.0,3.0,15.0,,in-store,2023-10-01,2023.0,10.0,1.0
4516901,tea,2.0,1.5,3.0,credit card,in-store,2023-09-05,2023.0,9.0,5.0
6817795,tea,1.0,1.5,1.5,cash,takeaway,2023-09-12,2023.0,9.0,12.0
4643515,,1.0,4.0,4.0,digital wallet,in-store,2023-10-03,2023.0,10.0,3.0
9762385,tea,3.0,1.5,4.5,,,2023-05-19,2023.0,5.0,19.0
6809170,smoothie,4.0,4.0,16.0,cash,takeaway,2023-08-10,2023.0,8.0,10.0
7365744,cookie,4.0,1.0,4.0,cash,in-store,2023-08-20,2023.0,8.0,20.0
9847116,salad,3.0,5.0,15.0,cash,takeaway,2023-07-28,2023.0,7.0,28.0
8356338,salad,5.0,5.0,25.0,credit card,in-store,2023-08-06,2023.0,8.0,6.0
4413506,juice,4.0,3.0,12.0,digital wallet,in-store,2023-10-29,2023.0,10.0,29.0
1057209,,5.0,1.0,5.0,credit card,in-store,2023-09-17,2023.0,9.0,17.0
9534685,salad,1.0,5.0,5.0,,takeaway,2023-04-27,2023.0,4.0,27.0
4893692,salad,2.0,5.0,10.0,,,2023-01-02,2023.0,1.0,2.0
5680629,cake,2.0,3.0,6.0,,takeaway,2023-04-30,2023.0,4.0,30.0
2494194,salad,5.0,5.0,25.0,digital wallet,,2023-02-11,2023.0,2.0,11.0
4549825,salad,2.0,5.0,10.0,digital wallet,,,,,
4737392,sandwich,2.0,4.0,8.0,cash,in-store,2023-02-17,2023.0,2.0,17.0
9538738,coffee,4.0,2.0,8.0,cash,in-store,2023-09-25,2023.0,9.0,25.0
1854102,coffee,2.0,2.0,4.0,digital wallet,takeaway,2023-07-18,2023.0,7.0,18.0
3109692,juice,4.0,3.0,12.0,credit card,in-store,2023-06-21,2023.0,6.0,21.0
5395229,coffee,5.0,2.0,10.0,cash,,2023-11-29,2023.0,11.0,29.0
8918902,coffee,5.0,2.0,10.0,,,2023-05-22,2023.0,5.0,22.0
8837375,sandwich,2.0,4.0,8.0,digital wallet,takeaway,2023-11-21,2023.0,11.0,21.0
3952218,salad,5.0,5.0,25.0,,,2023-04-07,2023.0,4.0,7.0
3225552,salad,1.0,5.0,5.0,,in-store,2023-05-16,2023.0,5.0,16.0
7950226,tea,1.0,1.5,1.5,digital wallet,in-store,2023-10-13,2023.0,10.0,13.0
9086541,salad,3.0,5.0,15.0,cash,in-store,2023-02-15,2023.0,2.0,15.0
1817596,tea,2.0,1.5,3.0,,in-store,2023-11-04,2023.0,11.0,4.0
7644786,cookie,3.0,1.0,3.0,credit card,takeaway,2023-01-20,2023.0,1.0,20.0
8017969,juice,1.0,3.0,3.0,cash,takeaway,2023-03-26,2023.0,3.0,26.0
6667388,cake,3.0,3.0,9.0,cash,in-store,2023-08-14,2023.0,8.0,14.0
3488611,tea,1.0,1.5,1.5,cash,,2023-02-13,2023.0,2.0,13.0
3165950,,1.0,2.0,2.0,digital wallet,,,,,
3109334,smoothie,3.0,4.0,12.0,,in-store,2023-04-06,2023.0,4.0,6.0
9425645,cake,3.0,3.0,9.0,credit card,takeaway,2023-03-19,2023.0,3.0,19.0
2461238,coffee,1.0,2.0,2.0,,takeaway,2023-01-29,2023.0,1.0,29.0
4692976,juice,1.0,3.0,3.0,digital wallet,,2023-11-06,2023.0,11.0,6.0
6747376,smoothie,3.0,4.0,12.0,digital wallet,in-store,2023-11-20,2023.0,11.0,20.0
3689335,juice,1.0,3.0,3.0,,takeaway,2023-12-11,2023.0,12.0,11.0
9662568,tea,5.0,1.5,7.5,cash,,2023-10-30,2023.0,10.0,30.0
9817681,,4.0,1.5,6.0,,takeaway,,,,
5470087,salad,2.0,5.0,10.0,,takeaway,2023-10-11,2023.0,10.0,11.0
3717372,juice,2.0,3.0,6.0,credit card,,2023-02-15,2023.0,2.0,15.0
6727985,salad,5.0,5.0,25.0,credit card,in-store,2023-06-16,2023.0,6.0,16.0
1755661,salad,5.0,5.0,25.0,,in-store,2023-07-14,2023.0,7.0,14.0
9899571,,2.0,5.0,10.0,credit card,takeaway,2023-02-18,2023.0,2.0,18.0
5692316,smoothie,1.0,4.0,4.0,digital wallet,,2023-06-22,2023.0,6.0,22.0
2062269,juice,4.0,3.0,12.0,digital wallet,takeaway,2023-09-08,2023.0,9.0,8.0
2160316,sandwich,1.0,4.0,4.0,,in-store,2023-10-24,2023.0,10.0,24.0
4220743,sandwich,4.0,4.0,16.0,,in-store,2023-10-22,2023.0,10.0,22.0
2726843,sandwich,1.0,4.0,4.0,,in-store,2023-05-31,2023.0,5.0,31.0
9969283,sandwich,3.0,4.0,12.0,digital wallet,,2023-10-26,2023.0,10.0,26.0
8540115,,2.0,1.5,3.0,,,2023-06-26,2023.0,6.0,26.0
8313892,salad,3.0,5.0,15.0,credit card,takeaway,2023-11-29,2023.0,11.0,29.0
3131761,smoothie,1.0,4.0,4.0,,takeaway,2023-10-18,2023.0,10.0,18.0
1243964,,3.0,1.5,4.5,,takeaway,2023-12-01,2023.0,12.0,1.0
1856112,salad,3.0,5.0,15.0,credit card,,2023-06-08,2023.0,6.0,8.0
4532651,coffee,2.0,2.0,4.0,,in-store,2023-09-13,2023.0,9.0,13.0
4083736,coffee,1.0,2.0,2.0,,in-store,2023-08-21,2023.0,8.0,21.0
4493176,tea,3.0,1.5,4.5,,,2023-10-14,2023.0,10.0,14.0
6712994,coffee,3.0,2.0,6.0,cash,takeaway,2023-10-02,2023.0,10.0,2.0
1840566,coffee,4.0,2.0,8.0,,,2023-01-05,2023.0,1.0,5.0
6257776,juice,5.0,3.0,15.0,cash,in-store,2023-10-28,2023.0,10.0,28.0
9039165,sandwich,4.0,4.0,16.0,,takeaway,2023-03-10,2023.0,3.0,10.0
7056051,cake,2.0,3.0,6.0,,,,,,
3869150,cookie,3.0,1.0,3.0,cash,,2023-03-26,2023.0,3.0,26.0
3604156,coffee,,2.0,,credit card,takeaway,2023-11-08,2023.0,11.0,8.0
2018236,coffee,5.0,2.0,10.0,cash,,2023-04-19,2023.0,4.0,19.0
4430176,sandwich,4.0,,,credit card,takeaway,2023-08-27,2023.0,8.0,27.0
6073195,sandwich,3.0,4.0,12.0,credit card,takeaway,2023-09-13,2023.0,9.0,13.0
5245399,,5.0,,,,,2023-12-25,2023.0,12.0,25.0
4178872,tea,1.0,1.5,1.5,credit card,,2023-01-25,2023.0,1.0,25.0
8836650,smoothie,5.0,4.0,20.0,,,2023-05-22,2023.0,5.0,22.0
5882584,cake,5.0,3.0,15.0,,in-store,2023-09-16,2023.0,9.0,16.0
4291132,cake,2.0,3.0,6.0,credit card,takeaway,2023-08-07,2023.0,8.0,7.0
1622123,cookie,2.0,1.0,2.0,cash,takeaway,2023-01-05,2023.0,1.0,5.0
2878078,cake,2.0,3.0,6.0,digital wallet,takeaway,2023-12-15,2023.0,12.0,15.0
7134579,cookie,5.0,1.0,5.0,digital wallet,takeaway,2023-06-06,2023.0,6.0,6.0
6921057,sandwich,4.0,4.0,16.0,digital wallet,takeaway,2023-07-10,2023.0,7.0,10.0
2335088,salad,4.0,5.0,20.0,cash,in-store,2023-10-27,2023.0,10.0,27.0
9778859,cookie,3.0,1.0,3.0,cash,takeaway,2023-06-05,2023.0,6.0,5.0
3850274,juice,5.0,3.0,15.0,,,2023-09-08,2023.0,9.0,8.0
4428448,cookie,4.0,1.0,4.0,,,2023-02-04,2023.0,2.0,4.0
1062822,juice,,3.0,,credit card,,2023-06-28,2023.0,6.0,28.0
6386662,salad,5.0,5.0,25.0,credit card,takeaway,2023-12-04,2023.0,12.0,4.0
5491825,cake,4.0,3.0,12.0,cash,in-store,2023-06-09,2023.0,6.0,9.0
5330930,cake,1.0,3.0,3.0,,in-store,2023-07-12,2023.0,7.0,12.0
5580933,smoothie,3.0,4.0,12.0,cash,takeaway,2023-10-19,2023.0,10.0,19.0
3326110,coffee,2.0,2.0,4.0,credit card,takeaway,2023-08-13,2023.0,8.0,13.0
5455079,salad,2.0,5.0,10.0,cash,in-store,2023-11-30,2023.0,11.0,30.0
5526475,tea,4.0,1.5,6.0,cash,in-store,2023-05-06,2023.0,5.0,6.0
3800253,cake,2.0,3.0,6.0,cash,takeaway,2023-01-15,2023.0,1.0,15.0
2091128,cake,1.0,3.0,3.0,credit card,,,,,
9169782,juice,5.0,3.0,15.0,credit card,,2023-09-18,2023.0,9.0,18.0
4639621,coffee,2.0,,,,in-store,2023-10-12,2023.0,10.0,12.0
4432823,,5.0,4.0,20.0,,in-store,2023-02-10,2023.0,2.0,10.0
8138157,,2.0,4.0,8.0,cash,takeaway,2023-05-07,2023.0,5.0,7.0
4134478,juice,2.0,3.0,6.0,credit card,takeaway,2023-06-25,2023.0,6.0,25.0
6298532,smoothie,4.0,4.0,16.0,digital wallet,,,,,
4997327,coffee,2.0,2.0,4.0,,in-store,2023-03-19,2023.0,3.0,19.0
9522899,smoothie,5.0,4.0,20.0,credit card,takeaway,,,,
4049949,cookie,1.0,1.0,1.0,,takeaway,2023-11-06,2023.0,11.0,6.0
7296498,salad,5.0,5.0,25.0,credit card,takeaway,2023-05-19,2023.0,5.0,19.0
4706042,salad,5.0,5.0,25.0,,in-store,2023-12-01,2023.0,12.0,1.0
2488987,tea,5.0,1.5,7.5,cash,in-store,2023-06-12,2023.0,6.0,12.0
6708156,tea,5.0,1.5,7.5,credit card,,2023-11-26,2023.0,11.0,26.0
7616002,tea,2.0,1.5,3.0,,in-store,2023-11-08,2023.0,11.0,8.0
1865735,smoothie,2.0,4.0,8.0,digital wallet,in-store,2023-09-22,2023.0,9.0,22.0
5396450,juice,3.0,3.0,9.0,digital wallet,,2023-12-09,2023.0,12.0,9.0
5881757,sandwich,3.0,4.0,12.0,credit card,,2023-08-15,2023.0,8.0,15.0
3404479,,4.0,4.0,16.0,credit card,,2023-08-23,2023.0,8.0,23.0
5342589,tea,2.0,1.5,3.0,digital wallet,,2023-04-06,2023.0,4.0,6.0
1987212,smoothie,5.0,4.0,20.0,credit card,takeaway,2023-04-07,2023.0,4.0,7.0
5303275,cookie,4.0,1.0,4.0,cash,takeaway,2023-09-18,2023.0,9.0,18.0
9193760,salad,5.0,5.0,25.0,,,2023-01-20,2023.0,1.0,20.0
8541074,salad,4.0,5.0,20.0,,in-store,2023-11-08,2023.0,11.0,8.0
1075183,tea,2.0,1.5,3.0,credit card,,2023-01-09,2023.0,1.0,9.0
9316158,sandwich,5.0,4.0,20.0,cash,in-store,2023-10-31,2023.0,10.0,31.0
8207244,tea,5.0,1.5,7.5,cash,takeaway,2023-05-04,2023.0,5.0,4.0
2346001,,2.0,5.0,10.0,digital wallet,takeaway,2023-08-21,2023.0,8.0,21.0
2814866,smoothie,1.0,4.0,4.0,digital wallet,in-store,2023-07-29,2023.0,7.0,29.0
8454044,coffee,5.0,2.0,10.0,credit card,,2023-05-27,2023.0,5.0,27.0
8321092,,2.0,3.0,6.0,credit card,,2023-09-28,2023.0,9.0,28.0
2560137,cake,1.0,3.0,3.0,cash,takeaway,2023-10-13,2023.0,10.0,13.0
7350571,smoothie,1.0,4.0,4.0,credit card,in-store,2023-02-19,2023.0,2.0,19.0
3915802,coffee,3.0,2.0,6.0,cash,takeaway,2023-12-16,2023.0,12.0,16.0
5019143,coffee,5.0,2.0,10.0,cash,,2023-02-21,2023.0,2.0,21.0
1785371,coffee,1.0,2.0,2.0,,takeaway,2023-01-16,2023.0,1.0,16.0
6441650,cake,5.0,3.0,15.0,,takeaway,2023-09-06,2023.0,9.0,6.0
2493262,cookie,2.0,1.0,2.0,credit card,takeaway,2023-01-03,2023.0,1.0,3.0
3257591,sandwich,1.0,4.0,4.0,credit card,in-store,,,,
6038791,juice,2.0,3.0,6.0,digital wallet,in-store,2023-03-06,2023.0,3.0,6.0
1335337,tea,3.0,1.5,4.5,credit card,in-store,2023-09-06,2023.0,9.0,6.0
2275914,sandwich,2.0,4.0,8.0,,takeaway,2023-10-24,2023.0,10.0,24.0
6258276,sandwich,5.0,4.0,20.0,credit card,,2023-01-29,2023.0,1.0,29.0
2340312,cake,4.0,3.0,12.0,,takeaway,2023-07-30,2023.0,7.0,30.0
6066433,tea,2.0,1.5,3.0,cash,,2023-06-17,2023.0,6.0,17.0
1872922,sandwich,5.0,4.0,20.0,,in-store,2023-07-16,2023.0,7.0,16.0
7730388,cookie,5.0,1.0,5.0,digital wallet,in-store,2023-09-09,2023.0,9.0,9.0
3330377,,5.0,2.0,10.0,,,2023-05-08,2023.0,5.0,8.0
3147198,smoothie,2.0,4.0,8.0,digital wallet,,2023-02-04,2023.0,2.0,4.0
6363897,salad,5.0,5.0,25.0,credit card,takeaway,2023-11-26,2023.0,11.0,26.0
1893222,smoothie,5.0,4.0,20.0,credit card,in-store,2023-12-20,2023.0,12.0,20.0
9262803,juice,5.0,3.0,15.0,digital wallet,,2023-10-04,2023.0,10.0,4.0
9491912,tea,4.0,1.5,6.0,cash,in-store,,,,
6992164,sandwich,2.0,4.0,8.0,cash,takeaway,,,,
6577035,smoothie,2.0,4.0,8.0,,in-store,2023-05-20,2023.0,5.0,20.0
9970966,coffee,5.0,2.0,10.0,,in-store,2023-09-09,2023.0,9.0,9.0
5624179,cookie,1.0,1.0,1.0,cash,takeaway,2023-10-26,2023.0,10.0,26.0
3450160,cake,4.0,3.0,12.0,credit card,in-store,2023-10-23,2023.0,10.0,23.0
4075432,sandwich,5.0,4.0,20.0,cash,in-store,2023-09-12,2023.0,9.0,12.0
2023802,cake,2.0,3.0,6.0,cash,in-store,2023-02-28,2023.0,2.0,28.0
5130399,cookie,3.0,1.0,3.0,,,2023-10-21,2023.0,10.0,21.0
6745832,coffee,2.0,2.0,4.0,credit card,,2023-10-02,2023.0,10.0,2.0
7560989,sandwich,3.0,4.0,12.0,digital wallet,,2023-06-16,2023.0,6.0,16.0
9367492,tea,2.0,,,cash,in-store,2023-06-19,2023.0,6.0,19.0
3115258,salad,1.0,5.0,5.0,,takeaway,2023-12-06,2023.0,12.0,6.0
8182245,sandwich,5.0,4.0,20.0,digital wallet,takeaway,2023-10-24,2023.0,10.0,24.0
3970335,juice,5.0,3.0,15.0,digital wallet,takeaway,2023-09-01,2023.0,9.0,1.0
6376630,,2.0,3.0,6.0,cash,in-store,2023-01-24,2023.0,1.0,24.0
7100596,smoothie,5.0,4.0,20.0,credit card,in-store,2023-09-14,2023.0,9.0,14.0
1481116,tea,2.0,1.5,3.0,digital wallet,in-store,2023-02-26,2023.0,2.0,26.0
9454212,juice,5.0,3.0,15.0,cash,in-store,2023-11-19,2023.0,11.0,19.0
3648327,cake,1.0,3.0,3.0,digital wallet,takeaway,2023-08-17,2023.0,8.0,17.0
6188394,juice,5.0,3.0,15.0,credit card,in-store,2023-10-05,2023.0,10.0,5.0
2553803,juice,1.0,3.0,3.0,cash,in-store,2023-12-29,2023.0,12.0,29.0
5700545,salad,2.0,5.0,10.0,credit card,,2023-05-25,2023.0,5.0,25.0
8018479,tea,1.0,1.5,1.5,digital wallet,takeaway,2023-09-15,2023.0,9.0,15.0
9465300,tea,2.0,1.5,3.0,credit card,,2023-09-01,2023.0,9.0,1.0
3046108,tea,5.0,1.5,7.5,digital wallet,takeaway,2023-01-15,2023.0,1.0,15.0
5998419,juice,4.0,3.0,12.0,,takeaway,2023-09-26,2023.0,9.0,26.0
4454198,tea,1.0,1.5,1.5,digital wallet,in-store,2023-08-22,2023.0,8.0,22.0
5855756,sandwich,1.0,4.0,4.0,credit card,in-store,2023-08-29,2023.0,8.0,29.0
5182399,,3.0,2.0,6.0,digital wallet,takeaway,2023-09-08,2023.0,9.0,8.0
6758675,juice,1.0,3.0,3.0,credit card,in-store,2023-11-05,2023.0,11.0,5.0
1962275,coffee,5.0,,,credit card,takeaway,2023-05-26,2023.0,5.0,26.0
9530003,salad,1.0,5.0,5.0,digital wallet,,2023-08-24,2023.0,8.0,24.0
2347596,juice,4.0,3.0,12.0,credit card,,2023-12-27,2023.0,12.0,27.0
6215303,salad,4.0,5.0,20.0,,takeaway,2023-08-20,2023.0,8.0,20.0
5524352,sandwich,1.0,4.0,4.0,,,2023-01-05,2023.0,1.0,5.0
6668414,cake,1.0,3.0,3.0,,in-store,2023-12-29,2023.0,12.0,29.0
8715122,cake,2.0,3.0,6.0,cash,takeaway,,,,
1525046,smoothie,2.0,4.0,8.0,cash,,2023-12-02,2023.0,12.0,2.0
9867948,smoothie,2.0,4.0,8.0,digital wallet,,2023-10-07,2023.0,10.0,7.0
8512466,,5.0,3.0,15.0,,,2023-02-10,2023.0,2.0,10.0
9663990,juice,1.0,3.0,3.0,,,2023-01-06,2023.0,1.0,6.0
7681072,cookie,1.0,1.0,1.0,credit card,takeaway,2023-07-07,2023.0,7.0,7.0
3099191,salad,,5.0,,,,2023-05-19,2023.0,5.0,19.0
8789986,cake,2.0,3.0,6.0,cash,takeaway,2023-09-21,2023.0,9.0,21.0
8382825,coffee,5.0,2.0,10.0,cash,in-store,2023-01-20,2023.0,1.0,20.0
4486700,cake,2.0,3.0,6.0,digital wallet,takeaway,2023-02-08,2023.0,2.0,8.0
2668108,cookie,5.0,1.0,5.0,cash,,2023-09-23,2023.0,9.0,23.0
5085328,coffee,4.0,2.0,8.0,digital wallet,takeaway,2023-02-03,2023.0,2.0,3.0
6023823,cookie,2.0,1.0,2.0,digital wallet,,2023-04-20,2023.0,4.0,20.0
6541659,sandwich,3.0,4.0,12.0,,takeaway,2023-01-29,2023.0,1.0,29.0
3203928,coffee,3.0,2.0,6.0,,in-store,2023-12-04,2023.0,12.0,4.0
3443235,sandwich,5.0,4.0,20.0,,,2023-10-11,2023.0,10.0,11.0
6191769,salad,1.0,5.0,5.0,credit card,takeaway,2023-05-17,2023.0,5.0,17.0
6110386,smoothie,1.0,4.0,4.0,cash,in-store,2023-03-17,2023.0,3.0,17.0
7355635,juice,3.0,3.0,9.0,,in-store,2023-12-21,2023.0,12.0,21.0
2944518,,3.0,3.0,9.0,,takeaway,2023-09-14,2023.0,9.0,14.0
9169536,cake,5.0,3.0,15.0,cash,in-store,2023-06-10,2023.0,6.0,10.0
8257774,cookie,5.0,1.0,5.0,cash,takeaway,2023-03-04,2023.0,3.0,4.0
3873718,,1.0,5.0,5.0,cash,in-store,2023-03-07,2023.0,3.0,7.0
8767676,smoothie,1.0,4.0,4.0,,,2023-11-30,2023.0,11.0,30.0
1225638,cake,4.0,3.0,12.0,cash,takeaway,2023-05-28,2023.0,5.0,28.0
5050111,,3.0,5.0,15.0,cash,in-store,2023-06-13,2023.0,6.0,13.0
5508620,sandwich,2.0,4.0,8.0,cash,in-store,2023-08-26,2023.0,8.0,26.0
7864080,tea,5.0,1.5,7.5,credit card,takeaway,2023-11-12,2023.0,11.0,12.0
6066883,cake,2.0,3.0,6.0,credit card,,2023-12-21,2023.0,12.0,21.0
6034785,coffee,3.0,2.0,6.0,digital wallet,,2023-06-17,2023.0,6.0,17.0
7818024,cake,3.0,3.0,9.0,,,2023-08-16,2023.0,8.0,16.0
2463115,sandwich,5.0,4.0,20.0,credit card,takeaway,2023-09-12,2023.0,9.0,12.0
9948425,cake,3.0,3.0,9.0,,takeaway,2023-11-21,2023.0,11.0,21.0
2540440,,2.0,1.5,3.0,digital wallet,,2023-12-30,2023.0,12.0,30.0
2006923,salad,5.0,5.0,25.0,digital wallet,,2023-05-31,2023.0,5.0,31.0
6762172,coffee,5.0,2.0,10.0,cash,takeaway,2023-01-19,2023.0,1.0,19.0
6638051,smoothie,2.0,4.0,8.0,cash,,2023-11-05,2023.0,11.0,5.0
9834329,smoothie,,4.0,,cash,,2023-09-17,2023.0,9.0,17.0
9172616,,4.0,2.0,8.0,,takeaway,2023-11-21,2023.0,11.0,21.0
8867300,smoothie,4.0,4.0,16.0,,in-store,2023-05-06,2023.0,5.0,6.0
6987950,cake,4.0,3.0,12.0,credit card,,2023-05-04,2023.0,5.0,4.0
9967728,coffee,4.0,2.0,8.0,,,2023-01-30,2023.0,1.0,30.0
5591967,sandwich,1.0,4.0,4.0,credit card,takeaway,2023-04-08,2023.0,4.0,8.0
5861158,sandwich,3.0,4.0,12.0,credit card,takeaway,2023-11-21,2023.0,11.0,21.0
7501002,coffee,1.0,2.0,2.0,digital wallet,,2023-08-23,2023.0,8.0,23.0
2848654,smoothie,5.0,4.0,20.0,digital wallet,in-store,2023-03-15,2023.0,3.0,15.0
2406254,,5.0,3.0,15.0,,takeaway,2023-11-12,2023.0,11.0,12.0
3034652,juice,5.0,3.0,15.0,credit card,in-store,2023-11-04,2023.0,11.0,4.0
2710779,sandwich,5.0,4.0,20.0,digital wallet,in-store,2023-09-30,2023.0,9.0,30.0
2333576,tea,2.0,,,digital wallet,takeaway,2023-11-22,2023.0,11.0,22.0
6330369,juice,1.0,3.0,3.0,,,2023-01-25,2023.0,1.0,25.0
7852032,sandwich,1.0,4.0,4.0,cash,,2023-03-19,2023.0,3.0,19.0
7189368,sandwich,2.0,4.0,8.0,credit card,,2023-01-22,2023.0,1.0,22.0
6306655,,4.0,1.0,4.0,digital wallet,takeaway,2023-01-22,2023.0,1.0,22.0
7169320,coffee,3.0,2.0,6.0,credit card,,,,,
6607568,coffee,2.0,2.0,4.0,cash,in-store,2023-03-24,2023.0,3.0,24.0
8245906,cake,1.0,,,digital wallet,,2023-02-08,2023.0,2.0,8.0
9837568,salad,5.0,5.0,25.0,cash,in-store,2023-04-17,2023.0,4.0,17.0
9603263,cookie,5.0,1.0,5.0,cash,,2023-05-02,2023.0,5.0,2.0
9425610,sandwich,3.0,4.0,12.0,cash,in-store,2023-01-08,2023.0,1.0,8.0
8092496,juice,4.0,3.0,12.0,,in-store,2023-03-11,2023.0,3.0,11.0
3611851,,4.0,,,credit card,,2023-02-09,2023.0,2.0,9.0
9749333,cookie,5.0,1.0,5.0,cash,in-store,2023-02-27,2023.0,2.0,27.0
2771364,coffee,1.0,2.0,2.0,digital wallet,,2023-01-23,2023.0,1.0,23.0
5180326,juice,,3.0,,,,2023-04-26,2023.0,4.0,26.0
7376092,cookie,4.0,1.0,4.0,cash,in-store,2023-11-07,2023.0,11.0,7.0
9279347,sandwich,,4.0,,credit card,,2023-02-27,2023.0,2.0,27.0
8278982,smoothie,5.0,4.0,20.0,credit card,takeaway,2023-09-06,2023.0,9.0,6.0
7686476,coffee,3.0,2.0,6.0,digital wallet,takeaway,2023-01-03,2023.0,1.0,3.0
4283563,,2.0,1.5,3.0,cash,,2023-05-04,2023.0,5.0,4.0
1926278,cookie,1.0,1.0,1.0,credit card,,2023-07-29,2023.0,7.0,29.0
3981000,tea,1.0,1.5,1.5,digital wallet,in-store,2023-05-24,2023.0,5.0,24.0
6167259,juice,2.0,3.0,6.0,digital wallet,,2023-04-14,2023.0,4.0,14.0
7068653,cookie,2.0,,,cash,in-store,2023-06-05,2023.0,6.0,5.0
1572930,coffee,3.0,2.0,6.0,,in-store,2023-07-17,2023.0,7.0,17.0
2788797,tea,2.0,1.5,3.0,,,2023-03-23,2023.0,3.0,23.0
4255767,juice,1.0,3.0,3.0,,,2023-05-25,2023.0,5.0,25.0
7367474,juice,5.0,3.0,15.0,digital wallet,takeaway,2023-01-01,2023.0,1.0,1.0
7551097,cake,2.0,3.0,6.0,digital wallet,,2023-06-12,2023.0,6.0,12.0
1546695,coffee,5.0,2.0,10.0,,takeaway,2023-03-06,2023.0,3.0,6.0
4030010,sandwich,5.0,4.0,20.0,,takeaway,,,,
4567455,coffee,3.0,2.0,6.0,,in-store,2023-02-01,2023.0,2.0,1.0
7958487,cookie,5.0,1.0,5.0,,,2023-01-20,2023.0,1.0,20.0
2864420,sandwich,1.0,4.0,4.0,,,2023-07-12,2023.0,7.0,12.0
1498343,salad,2.0,5.0,10.0,credit card,takeaway,2023-03-31,2023.0,3.0,31.0
3107619,cookie,2.0,1.0,2.0,digital wallet,takeaway,2023-05-31,2023.0,5.0,31.0
1923349,,4.0,,,,,2023-07-06,2023.0,7.0,6.0
7380217,tea,1.0,1.5,1.5,digital wallet,,2023-09-10,2023.0,9.0,10.0
3195132,salad,4.0,5.0,20.0,credit card,,2023-08-26,2023.0,8.0,26.0
9001088,coffee,2.0,,,credit card,,2023-08-19,2023.0,8.0,19.0
2101437,,2.0,4.0,8.0,cash,in-store,2023-08-27,2023.0,8.0,27.0
7411993,cake,2.0,3.0,6.0,digital wallet,in-store,2023-02-11,2023.0,2.0,11.0
2879092,,3.0,1.5,4.5,cash,,2023-05-22,2023.0,5.0,22.0
8791641,tea,5.0,1.5,7.5,,in-store,2023-01-25,2023.0,1.0,25.0
4679593,juice,1.0,3.0,3.0,cash,in-store,2023-01-10,2023.0,1.0,10.0
1907250,cookie,1.0,1.0,1.0,credit card,,2023-11-15,2023.0,11.0,15.0
8504764,,2.0,4.0,8.0,digital wallet,takeaway,2023-02-19,2023.0,2.0,19.0
1630051,smoothie,5.0,4.0,20.0,digital wallet,takeaway,2023-03-17,2023.0,3.0,17.0
2566258,cookie,4.0,1.0,4.0,cash,takeaway,2023-06-08,2023.0,6.0,8.0
5785600,salad,5.0,5.0,25.0,cash,in-store,2023-12-10,2023.0,12.0,10.0
4864206,cookie,5.0,1.0,5.0,cash,in-store,2023-03-18,2023.0,3.0,18.0
4360040,salad,1.0,5.0,5.0,credit card,,2023-11-15,2023.0,11.0,15.0
9490163,salad,4.0,5.0,20.0,credit card,,2023-02-23,2023.0,2.0,23.0
2640727,,3.0,3.0,9.0,digital wallet,takeaway,2023-03-05,2023.0,3.0,5.0
9927061,cookie,2.0,1.0,2.0,,,2023-10-17,2023.0,10.0,17.0
5113993,coffee,1.0,2.0,2.0,credit card,takeaway,2023-02-10,2023.0,2.0,10.0
2192787,sandwich,5.0,4.0,20.0,cash,in-store,2023-01-01,2023.0,1.0,1.0
2127588,cake,4.0,3.0,12.0,cash,in-store,2023-07-17,2023.0,7.0,17.0
5284338,,4.0,2.0,8.0,cash,takeaway,2023-03-30,2023.0,3.0,30.0
8108748,sandwich,1.0,4.0,4.0,cash,,2023-06-19,2023.0,6.0,19.0
5538713,cookie,2.0,1.0,2.0,digital wallet,takeaway,2023-09-20,2023.0,9.0,20.0
5949811,tea,,1.5,,digital wallet,in-store,2023-02-21,2023.0,2.0,21.0
2565449,smoothie,3.0,4.0,12.0,credit card,in-store,2023-10-04,2023.0,10.0,4.0
7264039,cake,5.0,3.0,15.0,cash,,2023-09-19,2023.0,9.0,19.0
9224501,salad,5.0,5.0,25.0,credit card,in-store,2023-12-08,2023.0,12.0,8.0
5767393,smoothie,3.0,4.0,12.0,digital wallet,in-store,2023-09-11,2023.0,9.0,11.0
2628024,smoothie,1.0,4.0,4.0,,in-store,2023-05-02,2023.0,5.0,2.0
4638629,smoothie,4.0,4.0,16.0,credit card,,2023-02-10,2023.0,2.0,10.0
9287133,cake,5.0,3.0,15.0,digital wallet,in-store,2023-04-20,2023.0,4.0,20.0
6223786,cake,5.0,3.0,15.0,cash,,2023-07-05,2023.0,7.0,5.0
5460750,juice,3.0,3.0,9.0,credit card,,2023-07-31,2023.0,7.0,31.0
6792445,cake,,3.0,,cash,,2023-12-03,2023.0,12.0,3.0
2543138,sandwich,1.0,4.0,4.0,credit card,,2023-05-20,2023.0,5.0,20.0
7134064,smoothie,5.0,4.0,20.0,credit card,takeaway,2023-04-04,2023.0,4.0,4.0
8616163,smoothie,,4.0,,,takeaway,,,,
9201988,coffee,3.0,2.0,6.0,,,2023-05-14,2023.0,5.0,14.0
5486063,smoothie,3.0,4.0,12.0,cash,in-store,2023-05-21,2023.0,5.0,21.0
2285849,tea,2.0,1.5,3.0,credit card,takeaway,2023-09-10,2023.0,9.0,10.0
9577271,sandwich,5.0,4.0,20.0,cash,in-store,2023-09-30,2023.0,9.0,30.0
6568536,cake,1.0,3.0,3.0,cash,,2023-12-29,2023.0,12.0,29.0
6802372,juice,3.0,3.0,9.0,,in-store,2023-07-20,2023.0,7.0,20.0
2624121,tea,5.0,1.5,7.5,digital wallet,in-store,2023-01-28,2023.0,1.0,28.0
8994477,coffee,3.0,,,,in-store,2023-04-19,2023.0,4.0,19.0
7868879,sandwich,4.0,4.0,16.0,cash,takeaway,2023-05-02,2023.0,5.0,2.0
8321225,,4.0,1.5,6.0,credit card,takeaway,2023-08-20,2023.0,8.0,20.0
1439390,juice,4.0,3.0,12.0,,in-store,2023-02-14,2023.0,2.0,14.0
9373436,salad,4.0,5.0,20.0,digital wallet,,2023-04-06,2023.0,4.0,6.0
6243519,coffee,3.0,2.0,6.0,cash,takeaway,2023-03-03,2023.0,3.0,3.0
8668901,juice,2.0,3.0,6.0,credit card,takeaway,2023-06-30,2023.0,6.0,30.0
4903004,tea,4.0,1.5,6.0,digital wallet,in-store,2023-12-03,2023.0,12.0,3.0
2195218,cake,4.0,3.0,12.0,digital wallet,in-store,2023-09-10,2023.0,9.0,10.0
9678108,salad,3.0,5.0,15.0,,takeaway,2023-10-10,2023.0,10.0,10.0
3206876,salad,4.0,5.0,20.0,,in-store,2023-11-07,2023.0,11.0,7.0
3064922,,,5.0,,cash,,2023-11-12,2023.0,11.0,12.0
7362525,cake,5.0,3.0,15.0,cash,takeaway,2023-06-09,2023.0,6.0,9.0
2161341,salad,5.0,5.0,25.0,digital wallet,,2023-03-12,2023.0,3.0,12.0
8753888,cookie,4.0,1.0,4.0,credit card,takeaway,2023-12-25,2023.0,12.0,25.0
3265596,tea,1.0,1.5,1.5,cash,,2023-12-28,2023.0,12.0,28.0
2815691,juice,5.0,3.0,15.0,digital wallet,,2023-02-06,2023.0,2.0,6.0
8956534,coffee,5.0,2.0,10.0,cash,takeaway,2023-06-05,2023.0,6.0,5.0
7957208,tea,1.0,1.5,1.5,digital wallet,takeaway,2023-04-14,2023.0,4.0,14.0
6851213,juice,1.0,3.0,3.0,digital wallet,,2023-05-19,2023.0,5.0,19.0
7127903,coffee,5.0,2.0,10.0,,in-store,2023-11-27,2023.0,11.0,27.0
7543722,cookie,3.0,1.0,3.0,digital wallet,,2023-08-26,2023.0,8.0,26.0
7952680,,1.0,5.0,5.0,,,2023-06-09,2023.0,6.0,9.0
8556062,sandwich,5.0,4.0,20.0,,,2023-08-07,2023.0,8.0,7.0
8429412,smoothie,4.0,4.0,16.0,,,2023-06-23,2023.0,6.0,23.0
3817784,salad,,5.0,,,,2023-11-25,2023.0,11.0,25.0
1749105,sandwich,5.0,4.0,20.0,cash,in-store,2023-10-17,2023.0,10.0,17.0
9731530,tea,,1.5,,credit card,,2023-06-23,2023.0,6.0,23.0
1248266,salad,3.0,5.0,15.0,credit card,in-store,2023-10-14,2023.0,10.0,14.0
5400273,smoothie,4.0,4.0,16.0,credit card,,2023-05-24,2023.0,5.0,24.0
2255634,salad,4.0,5.0,20.0,,,2023-04-09,2023.0,4.0,9.0
3312002,smoothie,4.0,4.0,16.0,digital wallet,,2023-04-30,2023.0,4.0,30.0
5331122,salad,4.0,5.0,20.0,credit card,in-store,2023-09-26,2023.0,9.0,26.0
1227800,juice,3.0,3.0,9.0,cash,takeaway,2023-02-19,2023.0,2.0,19.0
1867836,juice,1.0,3.0,3.0,credit card,,2023-03-21,2023.0,3.0,21.0
3051509,cookie,,1.0,,,in-store,2023-03-07,2023.0,3.0,7.0
5108804,juice,1.0,,,digital wallet,in-store,2023-09-26,2023.0,9.0,26.0
2699583,sandwich,5.0,4.0,20.0,digital wallet,in-store,2023-07-26,2023.0,7.0,26.0
1622577,juice,1.0,3.0,3.0,cash,,2023-03-14,2023.0,3.0,14.0
9508880,coffee,4.0,2.0,8.0,,in-store,2023-10-26,2023.0,10.0,26.0
2156218,smoothie,2.0,4.0,8.0,digital wallet,in-store,2023-07-24,2023.0,7.0,24.0
8271025,juice,5.0,3.0,15.0,credit card,,2023-03-09,2023.0,3.0,9.0
4894699,cookie,2.0,1.0,2.0,digital wallet,in-store,2023-02-20,2023.0,2.0,20.0
5427338,cake,,3.0,,digital wallet,in-store,2023-04-27,2023.0,4.0,27.0
8631468,cake,1.0,3.0,3.0,credit card,in-store,2023-10-10,2023.0,10.0,10.0
6315590,tea,5.0,1.5,7.5,,in-store,2023-10-04,2023.0,10.0,4.0
7825457,cake,5.0,3.0,15.0,cash,,2023-09-15,2023.0,9.0,15.0
7468777,salad,1.0,5.0,5.0,digital wallet,in-store,,,,
2378096,tea,3.0,1.5,4.5,cash,takeaway,2023-09-22,2023.0,9.0,22.0
2627056,sandwich,4.0,4.0,16.0,digital wallet,,2023-04-22,2023.0,4.0,22.0
5062280,smoothie,4.0,4.0,16.0,credit card,,2023-07-05,2023.0,7.0,5.0
3620110,coffee,1.0,2.0,2.0,digital wallet,takeaway,2023-06-01,2023.0,6.0,1.0
7290923,salad,3.0,5.0,15.0,,,2023-02-09,2023.0,2.0,9.0
7844687,cake,1.0,3.0,3.0,,in-store,,,,
1005331,coffee,1.0,2.0,2.0,digital wallet,takeaway,2023-11-04,2023.0,11.0,4.0
1579182,juice,5.0,3.0,15.0,cash,in-store,2023-02-20,2023.0,2.0,20.0
7311097,coffee,5.0,2.0,10.0,,in-store,2023-08-05,2023.0,8.0,5.0
1185118,,5.0,3.0,15.0,,,,,,
4836614,,4.0,1.5,6.0,digital wallet,,2023-04-03,2023.0,4.0,3.0
7477271,tea,5.0,1.5,7.5,,takeaway,2023-07-12,2023.0,7.0,12.0
6503052,juice,4.0,3.0,12.0,,,2023-04-21,2023.0,4.0,21.0
6471268,smoothie,5.0,4.0,20.0,digital wallet,,2023-02-10,2023.0,2.0,10.0
3985301,smoothie,2.0,4.0,8.0,,in-store,,,,
6843517,sandwich,5.0,4.0,20.0,credit card,in-store,2023-01-02,2023.0,1.0,2.0
9370304,smoothie,4.0,,,,takeaway,2023-09-01,2023.0,9.0,1.0
9298053,juice,5.0,3.0,15.0,cash,in-store,2023-06-29,2023.0,6.0,29.0
1446862,cake,3.0,3.0,9.0,,takeaway,2023-09-26,2023.0,9.0,26.0
4987246,cookie,3.0,1.0,3.0,digital wallet,takeaway,2023-11-24,2023.0,11.0,24.0
6271219,sandwich,3.0,4.0,12.0,cash,,2023-06-07,2023.0,6.0,7.0
2614545,tea,1.0,1.5,1.5,,in-store,2023-08-10,2023.0,8.0,10.0
4917580,,3.0,2.0,6.0,,in-store,2023-03-08,2023.0,3.0,8.0
6236864,tea,2.0,1.5,3.0,digital wallet,in-store,2023-08-17,2023.0,8.0,17.0
7825648,coffee,1.0,2.0,2.0,,takeaway,2023-05-18,2023.0,5.0,18.0
1853196,sandwich,1.0,4.0,4.0,credit card,,2023-08-28,2023.0,8.0,28.0
7201361,smoothie,3.0,4.0,12.0,cash,in-store,2023-05-26,2023.0,5.0,26.0
6902481,juice,3.0,3.0,9.0,cash,,2023-09-03,2023.0,9.0,3.0
4041845,juice,5.0,3.0,15.0,,,2023-12-01,2023.0,12.0,1.0
8861272,coffee,1.0,2.0,2.0,digital wallet,,2023-03-27,2023.0,3.0,27.0
7527954,cake,4.0,3.0,12.0,,,2023-12-09,2023.0,12.0,9.0
2229365,sandwich,2.0,4.0,8.0,cash,in-store,2023-09-07,2023.0,9.0,7.0
5563675,tea,3.0,1.5,4.5,digital wallet,in-store,2023-01-01,2023.0,1.0,1.0
7416770,,3.0,3.0,9.0,,takeaway,2023-04-08,2023.0,4.0,8.0
6594187,tea,5.0,1.5,7.5,,,,,,
8632098,salad,2.0,,,,,2023-01-06,2023.0,1.0,6.0
3520908,sandwich,3.0,,,digital wallet,,2023-08-01,2023.0,8.0,1.0
7907499,juice,3.0,3.0,9.0,digital wallet,takeaway,2023-04-18,2023.0,4.0,18.0
8360073,cake,4.0,3.0,12.0,digital wallet,in-store,2023-06-15,2023.0,6.0,15.0
4840295,,4.0,4.0,16.0,digital wallet,takeaway,2023-02-02,2023.0,2.0,2.0
4140167,coffee,2.0,2.0,4.0,cash,,2023-06-29,2023.0,6.0,29.0
2690515,sandwich,2.0,4.0,8.0,cash,takeaway,2023-09-06,2023.0,9.0,6.0
2080682,coffee,3.0,2.0,6.0,credit card,in-store,2023-05-02,2023.0,5.0,2.0
8399341,tea,5.0,1.5,7.5,cash,,2023-03-22,2023.0,3.0,22.0
5661891,salad,1.0,5.0,5.0,digital wallet,takeaway,2023-10-28,2023.0,10.0,28.0
3164212,smoothie,4.0,4.0,16.0,,in-store,2023-11-14,2023.0,11.0,14.0
1834831,,5.0,5.0,25.0,digital wallet,in-store,2023-02-16,2023.0,2.0,16.0
3360401,,2.0,1.5,3.0,,takeaway,2023-02-05,2023.0,2.0,5.0
6036520,coffee,5.0,2.0,10.0,cash,,2023-09-15,2023.0,9.0,15.0
1582958,coffee,2.0,2.0,4.0,cash,,2023-12-08,2023.0,12.0,8.0
9834415,cookie,2.0,1.0,2.0,credit card,in-store,2023-12-28,2023.0,12.0,28.0
7325430,coffee,2.0,2.0,4.0,cash,,2023-04-17,2023.0,4.0,17.0
6440365,smoothie,2.0,4.0,8.0,cash,,2023-05-14,2023.0,5.0,14.0
4002629,cake,5.0,3.0,15.0,credit card,in-store,2023-06-15,2023.0,6.0,15.0
4244830,coffee,5.0,2.0,10.0,,in-store,2023-04-24,2023.0,4.0,24.0
2217038,tea,5.0,1.5,7.5,,,2023-06-12,2023.0,6.0,12.0
6259827,cake,2.0,,,credit card,takeaway,2023-06-14,2023.0,6.0,14.0
6551087,smoothie,1.0,4.0,4.0,credit card,,2023-05-02,2023.0,5.0,2.0
1643039,cookie,3.0,1.0,3.0,,,2023-02-17,2023.0,2.0,17.0
3683787,tea,5.0,,,credit card,,2023-09-16,2023.0,9.0,16.0
5765576,sandwich,5.0,4.0,20.0,,in-store,2023-11-22,2023.0,11.0,22.0
4155134,cookie,1.0,1.0,1.0,,takeaway,2023-05-07,2023.0,5.0,7.0
1795044,coffee,2.0,2.0,4.0,digital wallet,,2023-08-15,2023.0,8.0,15.0
3328393,,3.0,3.0,9.0,,,2023-04-16,2023.0,4.0,16.0
2399870,salad,4.0,5.0,20.0,,,2023-04-08,2023.0,4.0,8.0
8898121,tea,4.0,1.5,6.0,digital wallet,,2023-03-26,2023.0,3.0,26.0
4735392,smoothie,3.0,4.0,12.0,credit card,takeaway,2023-04-04,2023.0,4.0,4.0
3244935,salad,5.0,5.0,25.0,,takeaway,2023-11-24,2023.0,11.0,24.0
8410712,juice,5.0,3.0,15.0,digital wallet,takeaway,2023-10-23,2023.0,10.0,23.0
8997048,juice,1.0,3.0,3.0,,in-store,2023-12-05,2023.0,12.0,5.0
6009395,sandwich,4.0,4.0,16.0,cash,in-store,2023-07-20,2023.0,7.0,20.0
3733753,sandwich,1.0,4.0,4.0,digital wallet,takeaway,2023-03-10,2023.0,3.0,10.0
4084548,salad,2.0,5.0,10.0,cash,in-store,2023-07-21,2023.0,7.0,21.0
7125945,cake,3.0,3.0,9.0,credit card,in-store,2023-01-30,2023.0,1.0,30.0
6746140,cookie,5.0,1.0,5.0,digital wallet,takeaway,,,,
8103439,smoothie,1.0,4.0,4.0,,takeaway,2023-11-30,2023.0,11.0,30.0
9474082,,3.0,5.0,15.0,digital wallet,in-store,2023-03-22,2023.0,3.0,22.0
2623927,sandwich,2.0,4.0,8.0,,,2023-01-27,2023.0,1.0,27.0
8707598,juice,4.0,,,credit card,,2023-10-22,2023.0,10.0,22.0
2810554,,1.0,3.0,3.0,credit card,takeaway,2023-02-18,2023.0,2.0,18.0
5435751,sandwich,1.0,4.0,4.0,credit card,takeaway,2023-05-24,2023.0,5.0,24.0
9991468,juice,4.0,3.0,12.0,credit card,,2023-11-30,2023.0,11.0,30.0
1339457,,3.0,4.0,12.0,digital wallet,in-store,2023-05-23,2023.0,5.0,23.0
5186460,juice,3.0,3.0,9.0,credit card,,2023-11-07,2023.0,11.0,7.0
8936782,juice,5.0,3.0,15.0,,in-store,2023-04-01,2023.0,4.0,1.0
6885561,smoothie,3.0,4.0,12.0,digital wallet,takeaway,2023-06-24,2023.0,6.0,24.0
4089089,smoothie,5.0,4.0,20.0,,,2023-10-26,2023.0,10.0,26.0
6304285,cake,5.0,3.0,15.0,digital wallet,takeaway,2023-11-16,2023.0,11.0,16.0
7792996,salad,4.0,5.0,20.0,cash,,2023-12-20,2023.0,12.0,20.0
3653328,cookie,4.0,1.0,4.0,digital wallet,in-store,2023-06-27,2023.0,6.0,27.0
3003876,cookie,3.0,1.0,3.0,cash,,2023-08-27,2023.0,8.0,27.0
4015634,tea,2.0,1.5,3.0,,,2023-06-28,2023.0,6.0,28.0
8166394,juice,4.0,3.0,12.0,credit card,,2023-12-22,2023.0,12.0,22.0
1270603,juice,4.0,3.0,12.0,credit card,takeaway,2023-12-03,2023.0,12.0,3.0
8837886,smoothie,3.0,4.0,12.0,,,2023-04-20,2023.0,4.0,20.0
1437275,coffee,3.0,2.0,6.0,credit card,,2023-07-22,2023.0,7.0,22.0
5791605,smoothie,3.0,4.0,12.0,,takeaway,2023-05-17,2023.0,5.0,17.0
5836079,coffee,1.0,2.0,2.0,digital wallet,,2023-07-14,2023.0,7.0,14.0
2897115,,3.0,2.0,6.0,digital wallet,in-store,2023-06-23,2023.0,6.0,23.0
8916613,salad,4.0,5.0,20.0,,takeaway,2023-06-19,2023.0,6.0,19.0
9251292,tea,2.0,1.5,3.0,cash,,2023-01-20,2023.0,1.0,20.0
9639025,coffee,5.0,2.0,10.0,,,2023-12-06,2023.0,12.0,6.0
7770253,coffee,5.0,2.0,10.0,digital wallet,takeaway,2023-01-06,2023.0,1.0,6.0
9196116,cake,2.0,,,,in-store,2023-07-06,2023.0,7.0,6.0
5405799,coffee,3.0,2.0,6.0,cash,,2023-08-13,2023.0,8.0,13.0
1701500,smoothie,1.0,4.0,4.0,,takeaway,2023-01-05,2023.0,1.0,5.0
6669163,cookie,,1.0,,credit card,takeaway,2023-07-26,2023.0,7.0,26.0
9695128,cake,1.0,3.0,3.0,cash,in-store,2023-12-21,2023.0,12.0,21.0
8700156,tea,4.0,,,credit card,in-store,2023-12-25,2023.0,12.0,25.0
7192920,smoothie,4.0,4.0,16.0,digital wallet,,2023-02-28,2023.0,2.0,28.0
1866816,juice,3.0,3.0,9.0,,in-store,2023-08-21,2023.0,8.0,21.0
2423762,coffee,1.0,2.0,2.0,,,2023-08-12,2023.0,8.0,12.0
4007506,salad,1.0,5.0,5.0,,,2023-01-19,2023.0,1.0,19.0
4371760,smoothie,2.0,4.0,8.0,cash,in-store,2023-01-12,2023.0,1.0,12.0
4468830,smoothie,4.0,4.0,16.0,digital wallet,in-store,2023-11-10,2023.0,11.0,10.0
1908100,juice,2.0,3.0,6.0,,in-store,2023-04-17,2023.0,4.0,17.0
3892344,cookie,2.0,1.0,2.0,,,2023-07-28,2023.0,7.0,28.0
3023841,tea,3.0,1.5,4.5,digital wallet,takeaway,2023-04-29,2023.0,4.0,29.0
8793244,cake,4.0,3.0,12.0,credit card,takeaway,2023-05-08,2023.0,5.0,8.0
5764993,salad,3.0,5.0,15.0,,takeaway,2023-04-26,2023.0,4.0,26.0
2376525,sandwich,5.0,4.0,20.0,,,,,,
2628941,smoothie,1.0,4.0,4.0,,in-store,2023-12-27,2023.0,12.0,27.0
5206049,,3.0,,,digital wallet,,2023-06-24,2023.0,6.0,24.0
5448602,juice,3.0,3.0,9.0,credit card,in-store,2023-01-17,2023.0,1.0,17.0
1346517,coffee,1.0,2.0,2.0,digital wallet,takeaway,2023-03-20,2023.0,3.0,20.0
9277534,smoothie,2.0,4.0,8.0,credit card,in-store,2023-04-25,2023.0,4.0,25.0
4946991,cake,1.0,,,,,2023-04-17,2023.0,4.0,17.0
9663098,juice,2.0,3.0,6.0,cash,,2023-06-10,2023.0,6.0,10.0
2492586,salad,3.0,,,cash,,2023-05-17,2023.0,5.0,17.0
2450799,tea,5.0,,,,,2023-11-26,2023.0,11.0,26.0
6145837,cake,5.0,3.0,15.0,digital wallet,takeaway,2023-08-27,2023.0,8.0,27.0
3665727,cookie,1.0,1.0,1.0,,in-store,2023-10-13,2023.0,10.0,13.0
5067056,sandwich,1.0,4.0,4.0,cash,in-store,2023-08-13,2023.0,8.0,13.0
8453110,smoothie,3.0,4.0,12.0,digital wallet,,2023-06-24,2023.0,6.0,24.0
4954887,cookie,3.0,1.0,3.0,,in-store,2023-06-11,2023.0,6.0,11.0
4449173,,,2.0,,digital wallet,takeaway,2023-04-05,2023.0,4.0,5.0
6641409,,5.0,4.0,20.0,digital wallet,,2023-11-21,2023.0,11.0,21.0
6132959,salad,5.0,5.0,25.0,digital wallet,,2023-07-01,2023.0,7.0,1.0
8626161,smoothie,3.0,4.0,12.0,digital wallet,in-store,2023-11-23,2023.0,11.0,23.0
7099050,salad,3.0,5.0,15.0,credit card,takeaway,2023-01-18,2023.0,1.0,18.0
8938663,coffee,1.0,2.0,2.0,digital wallet,,2023-09-09,2023.0,9.0,9.0
5039624,cookie,4.0,1.0,4.0,,takeaway,2023-04-27,2023.0,4.0,27.0
9565465,tea,3.0,1.5,4.5,credit card,in-store,2023-12-26,2023.0,12.0,26.0
6301600,juice,4.0,3.0,12.0,digital wallet,in-store,2023-02-28,2023.0,2.0,28.0
1529904,coffee,1.0,2.0,2.0,credit card,in-store,,,,
4784128,sandwich,3.0,4.0,12.0,cash,takeaway,2023-08-27,2023.0,8.0,27.0
5807634,sandwich,5.0,4.0,20.0,digital wallet,,2023-05-23,2023.0,5.0,23.0
5560205,coffee,3.0,2.0,6.0,cash,in-store,2023-12-22,2023.0,12.0,22.0
2193092,juice,4.0,,,,takeaway,2023-10-30,2023.0,10.0,30.0
8191921,salad,3.0,5.0,15.0,digital wallet,,,,,
1833277,tea,2.0,1.5,3.0,,takeaway,2023-10-19,2023.0,10.0,19.0
6346774,juice,3.0,3.0,9.0,cash,in-store,,,,
6119798,salad,1.0,5.0,5.0,credit card,in-store,2023-09-19,2023.0,9.0,19.0
9793353,coffee,3.0,2.0,6.0,credit card,takeaway,2023-08-21,2023.0,8.0,21.0
5017895,salad,4.0,5.0,20.0,cash,,2023-09-25,2023.0,9.0,25.0
4547995,cake,3.0,3.0,9.0,digital wallet,,2023-11-30,2023.0,11.0,30.0
7032256,sandwich,5.0,4.0,20.0,credit card,,2023-03-13,2023.0,3.0,13.0
2578309,smoothie,3.0,4.0,12.0,,,2023-05-05,2023.0,5.0,5.0
2064360,coffee,4.0,2.0,8.0,digital wallet,in-store,2023-08-30,2023.0,8.0,30.0
5508573,cake,1.0,3.0,3.0,,takeaway,2023-12-17,2023.0,12.0,17.0
7125392,cookie,4.0,,,digital wallet,takeaway,2023-07-05,2023.0,7.0,5.0
2564219,salad,1.0,5.0,5.0,digital wallet,takeaway,2023-07-18,2023.0,7.0,18.0
1203954,sandwich,1.0,4.0,4.0,digital wallet,,2023-08-12,2023.0,8.0,12.0
4671054,,,5.0,,cash,,2023-06-20,2023.0,6.0,20.0
4488222,tea,3.0,1.5,4.5,digital wallet,takeaway,2023-03-13,2023.0,3.0,13.0
3103967,juice,2.0,3.0,6.0,credit card,,2023-11-12,2023.0,11.0,12.0
9853577,sandwich,2.0,4.0,8.0,credit card,in-store,2023-04-30,2023.0,4.0,30.0
4349597,juice,4.0,3.0,12.0,credit card,,2023-08-21,2023.0,8.0,21.0
3353214,smoothie,5.0,4.0,20.0,credit card,,2023-08-12,2023.0,8.0,12.0
7122708,sandwich,5.0,,,,takeaway,2023-06-23,2023.0,6.0,23.0
8788437,coffee,1.0,2.0,2.0,,,2023-11-19,2023.0,11.0,19.0
1672443,coffee,1.0,2.0,2.0,credit card,takeaway,2023-10-03,2023.0,10.0,3.0
6277500,coffee,4.0,2.0,8.0,credit card,takeaway,2023-01-09,2023.0,1.0,9.0
6671827,salad,1.0,5.0,5.0,credit card,takeaway,2023-08-09,2023.0,8.0,9.0
4647042,sandwich,5.0,4.0,20.0,,takeaway,2023-04-25,2023.0,4.0,25.0
1183212,juice,4.0,3.0,12.0,,in-store,2023-06-30,2023.0,6.0,30.0
8426712,cookie,3.0,1.0,3.0,,in-store,2023-05-22,2023.0,5.0,22.0
5894676,smoothie,5.0,4.0,20.0,credit card,takeaway,2023-06-17,2023.0,6.0,17.0
1411744,smoothie,4.0,4.0,16.0,credit card,takeaway,2023-09-17,2023.0,9.0,17.0
6610554,coffee,5.0,2.0,10.0,digital wallet,,2023-10-28,2023.0,10.0,28.0
6169248,juice,5.0,3.0,15.0,credit card,,2023-08-12,2023.0,8.0,12.0
1581997,salad,4.0,5.0,20.0,digital wallet,,2023-08-26,2023.0,8.0,26.0
4868913,cake,4.0,3.0,12.0,cash,,2023-06-30,2023.0,6.0,30.0
8277553,tea,3.0,1.5,4.5,cash,,2023-09-26,2023.0,9.0,26.0
4030197,salad,3.0,5.0,15.0,credit card,takeaway,2023-03-05,2023.0,3.0,5.0
7276927,coffee,5.0,,,cash,takeaway,2023-07-06,2023.0,7.0,6.0
3912836,salad,1.0,5.0,5.0,credit card,in-store,2023-11-23,2023.0,11.0,23.0
3833729,smoothie,4.0,4.0,16.0,digital wallet,in-store,2023-11-13,2023.0,11.0,13.0
7054393,coffee,2.0,2.0,4.0,digital wallet,in-store,2023-05-30,2023.0,5.0,30.0
1395083,juice,1.0,3.0,3.0,cash,in-store,2023-07-08,2023.0,7.0,8.0
8784653,smoothie,1.0,4.0,4.0,cash,in-store,2023-09-12,2023.0,9.0,12.0
3943666,juice,4.0,3.0,12.0,,takeaway,2023-03-15,2023.0,3.0,15.0
8308672,salad,2.0,5.0,10.0,digital wallet,takeaway,2023-01-01,2023.0,1.0,1.0
3190959,tea,2.0,1.5,3.0,credit card,takeaway,2023-12-16,2023.0,12.0,16.0
6199016,juice,1.0,3.0,3.0,digital wallet,,2023-02-14,2023.0,2.0,14.0
9301279,smoothie,1.0,,,credit card,,2023-05-27,2023.0,5.0,27.0
8900751,sandwich,1.0,4.0,4.0,,takeaway,2023-01-30,2023.0,1.0,30.0
6542877,juice,1.0,3.0,3.0,,in-store,2023-12-06,2023.0,12.0,6.0
5516804,sandwich,,4.0,,credit card,takeaway,2023-09-26,2023.0,9.0,26.0
6345733,coffee,1.0,2.0,2.0,,in-store,2023-11-26,2023.0,11.0,26.0
5834491,tea,3.0,1.5,4.5,,,2023-08-13,2023.0,8.0,13.0
1667192,cake,4.0,3.0,12.0,,takeaway,2023-07-17,2023.0,7.0,17.0
1454730,coffee,5.0,2.0,10.0,,takeaway,2023-07-21,2023.0,7.0,21.0
3243832,cake,2.0,3.0,6.0,,,2023-08-10,2023.0,8.0,10.0
7501717,sandwich,1.0,4.0,4.0,credit card,,2023-08-03,2023.0,8.0,3.0
1351151,smoothie,,4.0,,credit card,,2023-10-03,2023.0,10.0,3.0
6117497,coffee,2.0,2.0,4.0,digital wallet,in-store,2023-02-13,2023.0,2.0,13.0
6018740,smoothie,2.0,4.0,8.0,digital wallet,takeaway,,,,
3818464,cake,2.0,3.0,6.0,cash,in-store,2023-03-02,2023.0,3.0,2.0
2093816,sandwich,,4.0,,cash,takeaway,2023-04-06,2023.0,4.0,6.0
7694020,cookie,2.0,,,digital wallet,takeaway,2023-08-06,2023.0,8.0,6.0
4215488,salad,5.0,5.0,25.0,,in-store,2023-10-07,2023.0,10.0,7.0
5167425,juice,,3.0,,digital wallet,,2023-08-04,2023.0,8.0,4.0
7075261,juice,1.0,3.0,3.0,,,2023-07-29,2023.0,7.0,29.0
2694724,sandwich,2.0,4.0,8.0,digital wallet,,2023-06-26,2023.0,6.0,26.0
8285304,cookie,1.0,1.0,1.0,cash,,2023-07-09,2023.0,7.0,9.0
7415686,sandwich,3.0,4.0,12.0,credit card,in-store,2023-04-13,2023.0,4.0,13.0
8877644,cookie,2.0,1.0,2.0,,takeaway,2023-09-01,2023.0,9.0,1.0
7231548,smoothie,3.0,4.0,12.0,credit card,in-store,2023-11-06,2023.0,11.0,6.0
2879361,juice,3.0,3.0,9.0,,takeaway,2023-11-22,2023.0,11.0,22.0
5956755,sandwich,5.0,4.0,20.0,digital wallet,takeaway,2023-03-05,2023.0,3.0,5.0
6124342,cake,3.0,3.0,9.0,,takeaway,2023-09-14,2023.0,9.0,14.0
3824443,smoothie,3.0,4.0,12.0,,in-store,2023-10-08,2023.0,10.0,8.0
6778177,cookie,4.0,1.0,4.0,,takeaway,2023-10-12,2023.0,10.0,12.0
2634410,smoothie,3.0,4.0,12.0,,,2023-07-15,2023.0,7.0,15.0
6975750,juice,5.0,3.0,15.0,,,2023-01-08,2023.0,1.0,8.0
9293417,tea,3.0,1.5,4.5,digital wallet,takeaway,,,,
7741256,,5.0,3.0,15.0,digital wallet,takeaway,2023-04-24,2023.0,4.0,24.0
3484190,coffee,5.0,2.0,10.0,digital wallet,,2023-12-27,2023.0,12.0,27.0
2621008,,2.0,1.0,2.0,digital wallet,takeaway,2023-10-21,2023.0,10.0,21.0
5429861,cake,1.0,3.0,3.0,digital wallet,,2023-03-20,2023.0,3.0,20.0
2828596,coffee,,2.0,,,,2023-11-25,2023.0,11.0,25.0
6348290,,4.0,2.0,8.0,,in-store,2023-01-24,2023.0,1.0,24.0
9813943,salad,2.0,5.0,10.0,cash,,2023-04-06,2023.0,4.0,6.0
2364171,juice,4.0,3.0,12.0,cash,,2023-05-18,2023.0,5.0,18.0
8002886,coffee,5.0,2.0,10.0,digital wallet,takeaway,2023-05-28,2023.0,5.0,28.0
9956671,cake,3.0,,,credit card,,2023-05-05,2023.0,5.0,5.0
7694491,salad,3.0,5.0,15.0,cash,in-store,2023-09-01,2023.0,9.0,1.0
7517996,cake,2.0,3.0,6.0,cash,,2023-10-22,2023.0,10.0,22.0
1655827,cake,1.0,3.0,3.0,,in-store,2023-09-06,2023.0,9.0,6.0
6047026,smoothie,2.0,4.0,8.0,,,2023-03-24,2023.0,3.0,24.0
4225300,sandwich,1.0,4.0,4.0,cash,takeaway,,,,
2764962,tea,2.0,1.5,3.0,credit card,takeaway,2023-08-13,2023.0,8.0,13.0
5396727,juice,2.0,,,credit card,takeaway,2023-10-13,2023.0,10.0,13.0
5198827,tea,5.0,1.5,7.5,,,2023-02-15,2023.0,2.0,15.0
8023817,juice,4.0,3.0,12.0,,takeaway,2023-05-08,2023.0,5.0,8.0
3413185,cake,,3.0,,credit card,in-store,2023-03-03,2023.0,3.0,3.0
9783452,juice,3.0,3.0,9.0,cash,,2023-04-11,2023.0,4.0,11.0
4171507,tea,1.0,1.5,1.5,,in-store,2023-10-26,2023.0,10.0,26.0
1491299,juice,2.0,3.0,6.0,credit card,in-store,2023-02-27,2023.0,2.0,27.0
4187327,tea,2.0,1.5,3.0,,takeaway,2023-04-01,2023.0,4.0,1.0
3277379,salad,2.0,5.0,10.0,credit card,takeaway,2023-01-06,2023.0,1.0,6.0
2568101,salad,5.0,5.0,25.0,cash,takeaway,2023-08-03,2023.0,8.0,3.0
3247340,tea,3.0,1.5,4.5,cash,takeaway,2023-12-25,2023.0,12.0,25.0
7797321,sandwich,5.0,4.0,20.0,,,2023-11-26,2023.0,11.0,26.0
7512574,tea,1.0,1.5,1.5,,takeaway,,,,
3044825,,1.0,1.5,1.5,credit card,in-store,2023-08-14,2023.0,8.0,14.0
9019429,smoothie,2.0,4.0,8.0,digital wallet,,2023-05-11,2023.0,5.0,11.0
9744862,juice,4.0,3.0,12.0,cash,in-store,2023-09-19,2023.0,9.0,19.0
6365371,,2.0,4.0,8.0,credit card,,2023-06-16,2023.0,6.0,16.0
4543880,salad,3.0,5.0,15.0,cash,,2023-07-18,2023.0,7.0,18.0
4064245,juice,3.0,3.0,9.0,credit card,takeaway,2023-02-20,2023.0,2.0,20.0
8777692,coffee,4.0,2.0,8.0,credit card,in-store,2023-12-06,2023.0,12.0,6.0
9126502,smoothie,5.0,4.0,20.0,credit card,,2023-09-22,2023.0,9.0,22.0
6626427,cookie,4.0,1.0,4.0,digital wallet,in-store,2023-02-13,2023.0,2.0,13.0
4507755,cake,2.0,3.0,6.0,digital wallet,,2023-05-10,2023.0,5.0,10.0
3928766,juice,5.0,3.0,15.0,,takeaway,2023-01-14,2023.0,1.0,14.0
9104535,cake,4.0,3.0,12.0,,,2023-04-13,2023.0,4.0,13.0
4914535,,2.0,1.0,2.0,cash,,,,,
4824773,salad,5.0,5.0,25.0,cash,takeaway,2023-06-06,2023.0,6.0,6.0
9981953,,3.0,4.0,12.0,,,2023-02-03,2023.0,2.0,3.0
6627338,juice,5.0,3.0,15.0,,takeaway,2023-12-03,2023.0,12.0,3.0
3555821,sandwich,3.0,4.0,12.0,,in-store,2023-07-12,2023.0,7.0,12.0
1372991,coffee,4.0,2.0,8.0,,in-store,2023-11-17,2023.0,11.0,17.0
6364938,coffee,3.0,,,digital wallet,in-store,2023-07-16,2023.0,7.0,16.0
3040823,smoothie,1.0,4.0,4.0,,in-store,2023-10-06,2023.0,10.0,6.0
6755757,,4.0,4.0,16.0,credit card,in-store,2023-04-05,2023.0,4.0,5.0
4563646,juice,5.0,3.0,15.0,cash,takeaway,2023-10-10,2023.0,10.0,10.0
3596456,coffee,3.0,2.0,6.0,digital wallet,takeaway,,,,
2130415,,,2.0,,digital wallet,takeaway,2023-12-08,2023.0,12.0,8.0
9617421,tea,1.0,1.5,1.5,,in-store,2023-08-21,2023.0,8.0,21.0
1738607,juice,2.0,3.0,6.0,credit card,in-store,2023-01-17,2023.0,1.0,17.0
3832513,salad,1.0,5.0,5.0,,takeaway,2023-02-13,2023.0,2.0,13.0
4128086,tea,4.0,1.5,6.0,,,2023-05-29,2023.0,5.0,29.0
3927733,salad,5.0,5.0,25.0,credit card,takeaway,2023-01-20,2023.0,1.0,20.0
2518917,cookie,1.0,1.0,1.0,,in-store,2023-05-21,2023.0,5.0,21.0
9489176,juice,5.0,3.0,15.0,digital wallet,in-store,2023-01-10,2023.0,1.0,10.0
2004781,sandwich,5.0,,,,takeaway,2023-04-20,2023.0,4.0,20.0
3061266,cookie,4.0,1.0,4.0,credit card,in-store,2023-12-06,2023.0,12.0,6.0
2036482,cake,1.0,3.0,3.0,cash,,2023-06-04,2023.0,6.0,4.0
7217284,salad,3.0,5.0,15.0,cash,in-store,2023-12-29,2023.0,12.0,29.0
5055872,sandwich,,4.0,,credit card,,2023-02-05,2023.0,2.0,5.0
1386024,cake,4.0,3.0,12.0,credit card,,2023-05-21,2023.0,5.0,21.0
8397155,salad,4.0,5.0,20.0,credit card,takeaway,2023-08-16,2023.0,8.0,16.0
9491244,,5.0,3.0,15.0,,,2023-04-19,2023.0,4.0,19.0
4301188,smoothie,4.0,4.0,16.0,credit card,in-store,2023-12-23,2023.0,12.0,23.0
4522012,coffee,2.0,2.0,4.0,,in-store,2023-04-13,2023.0,4.0,13.0
4650044,cookie,4.0,1.0,4.0,cash,,2023-06-21,2023.0,6.0,21.0
5721215,tea,2.0,1.5,3.0,,takeaway,2023-05-17,2023.0,5.0,17.0
7865220,smoothie,1.0,4.0,4.0,credit card,takeaway,2023-06-28,2023.0,6.0,28.0
1869147,smoothie,4.0,4.0,16.0,digital wallet,,2023-11-21,2023.0,11.0,21.0
3377885,sandwich,3.0,4.0,12.0,cash,,2023-05-08,2023.0,5.0,8.0
9270865,smoothie,2.0,4.0,8.0,credit card,takeaway,2023-11-06,2023.0,11.0,6.0
7373126,smoothie,2.0,4.0,8.0,credit card,,2023-11-18,2023.0,11.0,18.0
8097899,coffee,4.0,2.0,8.0,digital wallet,,2023-09-05,2023.0,9.0,5.0
6131415,,5.0,1.5,7.5,digital wallet,,2023-11-24,2023.0,11.0,24.0
1248436,cake,4.0,3.0,12.0,credit card,takeaway,2023-08-14,2023.0,8.0,14.0
1718733,,3.0,2.0,6.0,cash,,2023-05-31,2023.0,5.0,31.0
9063887,cake,5.0,3.0,15.0,,takeaway,2023-07-15,2023.0,7.0,15.0
5932169,salad,5.0,,,credit card,,2023-11-06,2023.0,11.0,6.0
6064282,smoothie,4.0,4.0,16.0,credit card,,2023-10-18,2023.0,10.0,18.0
9309509,tea,5.0,,,,,2023-11-15,2023.0,11.0,15.0
5413274,smoothie,5.0,4.0,20.0,credit card,in-store,2023-02-10,2023.0,2.0,10.0
5902629,cookie,3.0,1.0,3.0,cash,takeaway,2023-01-26,2023.0,1.0,26.0
2461859,sandwich,2.0,4.0,8.0,digital wallet,,2023-09-23,2023.0,9.0,23.0
6629689,sandwich,2.0,4.0,8.0,credit card,in-store,2023-05-29,2023.0,5.0,29.0
2806206,sandwich,3.0,4.0,12.0,cash,,2023-01-25,2023.0,1.0,25.0
8900579,sandwich,3.0,4.0,12.0,credit card,,2023-11-01,2023.0,11.0,1.0
5406758,,5.0,5.0,25.0,,takeaway,2023-07-06,2023.0,7.0,6.0
2982163,coffee,4.0,2.0,8.0,,,2023-03-22,2023.0,3.0,22.0
3225132,sandwich,3.0,4.0,12.0,credit card,,2023-06-26,2023.0,6.0,26.0
6522252,tea,2.0,1.5,3.0,digital wallet,,2023-01-14,2023.0,1.0,14.0
5855981,juice,2.0,3.0,6.0,cash,,2023-11-09,2023.0,11.0,9.0
4802389,cake,2.0,3.0,6.0,,,2023-12-14,2023.0,12.0,14.0
7516790,cake,2.0,3.0,6.0,,,2023-01-08,2023.0,1.0,8.0
2631671,cookie,1.0,1.0,1.0,credit card,,,,,
2345373,tea,3.0,1.5,4.5,credit card,takeaway,2023-02-20,2023.0,2.0,20.0
9372046,,3.0,2.0,6.0,credit card,in-store,2023-04-10,2023.0,4.0,10.0
9402270,coffee,3.0,2.0,6.0,,in-store,2023-02-09,2023.0,2.0,9.0
9306229,smoothie,2.0,4.0,8.0,,,2023-09-08,2023.0,9.0,8.0
5379179,cookie,2.0,1.0,2.0,digital wallet,,2023-07-08,2023.0,7.0,8.0
1996318,cake,5.0,3.0,15.0,digital wallet,,2023-09-04,2023.0,9.0,4.0
2135613,smoothie,3.0,4.0,12.0,digital wallet,,2023-04-06,2023.0,4.0,6.0
1461246,smoothie,1.0,4.0,4.0,,,2023-06-01,2023.0,6.0,1.0
2452624,juice,1.0,3.0,3.0,cash,,2023-11-10,2023.0,11.0,10.0
1108663,juice,3.0,3.0,9.0,cash,takeaway,2023-08-16,2023.0,8.0,16.0
5319247,sandwich,5.0,4.0,20.0,,in-store,2023-03-02,2023.0,3.0,2.0
3599473,coffee,2.0,2.0,4.0,cash,,2023-08-29,2023.0,8.0,29.0
4959129,,2.0,3.0,6.0,credit card,in-store,2023-06-24,2023.0,6.0,24.0
5591145,sandwich,3.0,4.0,12.0,,takeaway,2023-08-22,2023.0,8.0,22.0
9587015,salad,3.0,5.0,15.0,digital wallet,in-store,2023-06-25,2023.0,6.0,25.0
7997641,smoothie,2.0,4.0,8.0,,in-store,2023-12-20,2023.0,12.0,20.0
7943598,,4.0,4.0,16.0,credit card,,,,,
6845472,smoothie,5.0,4.0,20.0,digital wallet,,2023-12-11,2023.0,12.0,11.0
2861396,salad,5.0,5.0,25.0,credit card,,2023-01-04,2023.0,1.0,4.0
6915899,salad,3.0,5.0,15.0,credit card,in-store,2023-05-29,2023.0,5.0,29.0
6211466,,2.0,1.5,3.0,cash,in-store,2023-09-12,2023.0,9.0,12.0
3200203,,2.0,,,,,2023-12-04,2023.0,12.0,4.0
5198524,cake,1.0,3.0,3.0,credit card,in-store,2023-06-14,2023.0,6.0,14.0
8498613,sandwich,2.0,,,,,2023-11-08,2023.0,11.0,8.0
3432879,cake,5.0,3.0,15.0,credit card,,2023-02-05,2023.0,2.0,5.0
6786340,coffee,5.0,2.0,10.0,digital wallet,takeaway,2023-04-18,2023.0,4.0,18.0
8689246,sandwich,5.0,4.0,20.0,credit card,in-store,2023-05-16,2023.0,5.0,16.0
4536553,tea,2.0,1.5,3.0,cash,,2023-08-17,2023.0,8.0,17.0
9036067,cookie,5.0,1.0,5.0,credit card,,2023-10-06,2023.0,10.0,6.0
4201578,salad,5.0,5.0,25.0,,in-store,2023-01-23,2023.0,1.0,23.0
1249069,coffee,2.0,2.0,4.0,,,2023-01-22,2023.0,1.0,22.0
4068183,smoothie,4.0,4.0,16.0,digital wallet,,2023-08-01,2023.0,8.0,1.0
7206160,sandwich,,4.0,,,,2023-09-07,2023.0,9.0,7.0
7903841,,2.0,3.0,6.0,digital wallet,,2023-06-24,2023.0,6.0,24.0
8936663,cookie,4.0,1.0,4.0,credit card,,2023-11-12,2023.0,11.0,12.0
7771434,coffee,4.0,2.0,8.0,credit card,,2023-03-26,2023.0,3.0,26.0
6087494,juice,5.0,3.0,15.0,credit card,,2023-07-05,2023.0,7.0,5.0
2252121,smoothie,3.0,4.0,12.0,,,2023-02-01,2023.0,2.0,1.0
5358805,coffee,5.0,2.0,10.0,digital wallet,,2023-01-01,2023.0,1.0,1.0
2490759,smoothie,3.0,4.0,12.0,cash,,2023-11-19,2023.0,11.0,19.0
2605566,cake,2.0,,,,,2023-12-01,2023.0,12.0,1.0
6691781,coffee,4.0,2.0,8.0,credit card,,2023-09-07,2023.0,9.0,7.0
1730850,juice,2.0,3.0,6.0,cash,takeaway,2023-12-15,2023.0,12.0,15.0
7051359,coffee,5.0,2.0,10.0,,,2023-10-30,2023.0,10.0,30.0
2202863,salad,5.0,5.0,25.0,,,2023-07-28,2023.0,7.0,28.0
7145672,sandwich,1.0,4.0,4.0,credit card,,2023-10-11,2023.0,10.0,11.0
5974123,sandwich,2.0,4.0,8.0,digital wallet,,2023-06-25,2023.0,6.0,25.0
9833245,cookie,1.0,1.0,1.0,digital wallet,takeaway,2023-04-30,2023.0,4.0,30.0
1515059,,4.0,3.0,12.0,,in-store,2023-10-25,2023.0,10.0,25.0
9690114,coffee,,2.0,,credit card,takeaway,2023-12-01,2023.0,12.0,1.0
7944534,tea,2.0,,,digital wallet,in-store,2023-10-13,2023.0,10.0,13.0
6337312,salad,1.0,5.0,5.0,,in-store,2023-01-11,2023.0,1.0,11.0
5239202,cake,1.0,3.0,3.0,,,2023-09-14,2023.0,9.0,14.0
1512184,coffee,3.0,2.0,6.0,,takeaway,2023-01-28,2023.0,1.0,28.0
9864212,smoothie,5.0,4.0,20.0,,,,,,
6811368,coffee,4.0,2.0,8.0,,takeaway,2023-02-18,2023.0,2.0,18.0
3854036,juice,3.0,,,cash,,2023-11-07,2023.0,11.0,7.0
3873656,coffee,3.0,2.0,6.0,,takeaway,2023-09-30,2023.0,9.0,30.0
8792638,tea,3.0,1.5,4.5,credit card,takeaway,2023-07-02,2023.0,7.0,2.0
7397665,salad,5.0,,,credit card,takeaway,2023-11-11,2023.0,11.0,11.0
3493951,smoothie,5.0,4.0,20.0,cash,takeaway,2023-08-20,2023.0,8.0,20.0
1480967,tea,2.0,1.5,3.0,cash,takeaway,,,,
1510315,,3.0,2.0,6.0,cash,,2023-02-28,2023.0,2.0,28.0
7763592,smoothie,1.0,4.0,4.0,,in-store,2023-02-17,2023.0,2.0,17.0
9710307,,,1.5,,,takeaway,2023-01-24,2023.0,1.0,24.0
1860406,coffee,2.0,2.0,4.0,,takeaway,2023-06-17,2023.0,6.0,17.0
1663257,juice,3.0,3.0,9.0,credit card,,2023-04-23,2023.0,4.0,23.0
2743696,cookie,1.0,1.0,1.0,,,2023-04-28,2023.0,4.0,28.0
7640700,juice,2.0,3.0,6.0,,,2023-01-15,2023.0,1.0,15.0
3227186,salad,2.0,5.0,10.0,digital wallet,,2023-05-05,2023.0,5.0,5.0
7917193,cookie,3.0,1.0,3.0,cash,,2023-05-18,2023.0,5.0,18.0
2490435,cookie,1.0,1.0,1.0,,,2023-03-13,2023.0,3.0,13.0
4698656,smoothie,4.0,4.0,16.0,,,2023-12-07,2023.0,12.0,7.0
3507334,juice,4.0,3.0,12.0,,,2023-05-05,2023.0,5.0,5.0
5255023,,2.0,4.0,8.0,credit card,in-store,2023-11-15,2023.0,11.0,15.0
8669012,,3.0,1.5,4.5,digital wallet,,2023-07-26,2023.0,7.0,26.0
1299959,smoothie,5.0,4.0,20.0,cash,,2023-06-23,2023.0,6.0,23.0
3680047,salad,5.0,5.0,25.0,,,2023-07-16,2023.0,7.0,16.0
8379880,juice,,3.0,,,takeaway,2023-05-24,2023.0,5.0,24.0
4801832,salad,2.0,5.0,10.0,,takeaway,2023-08-05,2023.0,8.0,5.0
3425783,juice,2.0,3.0,6.0,,,2023-06-15,2023.0,6.0,15.0
4099487,,5.0,4.0,20.0,digital wallet,,2023-01-25,2023.0,1.0,25.0
8878830,coffee,4.0,2.0,8.0,credit card,takeaway,2023-10-11,2023.0,10.0,11.0
7524977,,4.0,,,,,2023-12-09,2023.0,12.0,9.0
8295101,tea,4.0,1.5,6.0,,,2023-10-23,2023.0,10.0,23.0
3303114,salad,4.0,5.0,20.0,credit card,in-store,2023-06-18,2023.0,6.0,18.0
2106437,tea,1.0,1.5,1.5,cash,takeaway,2023-08-01,2023.0,8.0,1.0
2291713,salad,4.0,5.0,20.0,cash,in-store,2023-08-06,2023.0,8.0,6.0
7552449,cake,3.0,3.0,9.0,cash,,2023-05-26,2023.0,5.0,26.0
9021000,coffee,3.0,2.0,6.0,,,2023-01-20,2023.0,1.0,20.0
4205369,salad,5.0,5.0,25.0,,takeaway,2023-07-16,2023.0,7.0,16.0
4551806,tea,1.0,1.5,1.5,,,2023-01-09,2023.0,1.0,9.0
5313211,smoothie,5.0,4.0,20.0,credit card,,2023-05-04,2023.0,5.0,4.0
2282283,cookie,2.0,1.0,2.0,digital wallet,,2023-02-23,2023.0,2.0,23.0
3193321,smoothie,3.0,4.0,12.0,,takeaway,2023-08-15,2023.0,8.0,15.0
7211769,juice,1.0,3.0,3.0,credit card,,2023-09-11,2023.0,9.0,11.0
6643951,,1.0,4.0,4.0,credit card,in-store,2023-01-07,2023.0,1.0,7.0
1653570,coffee,5.0,2.0,10.0,,takeaway,2023-10-10,2023.0,10.0,10.0
3722720,salad,2.0,5.0,10.0,,in-store,2023-06-27,2023.0,6.0,27.0
7624646,smoothie,2.0,4.0,8.0,,,2023-03-24,2023.0,3.0,24.0
6725579,tea,2.0,1.5,3.0,credit card,takeaway,2023-02-21,2023.0,2.0,21.0
4015101,sandwich,1.0,4.0,4.0,credit card,,2023-01-18,2023.0,1.0,18.0
6037712,salad,,5.0,,credit card,in-store,2023-08-10,2023.0,8.0,10.0
6845225,tea,4.0,1.5,6.0,credit card,takeaway,2023-02-21,2023.0,2.0,21.0
5214219,salad,4.0,5.0,20.0,credit card,,2023-03-22,2023.0,3.0,22.0
3388054,coffee,5.0,2.0,10.0,cash,,2023-11-13,2023.0,11.0,13.0
5817991,smoothie,4.0,4.0,16.0,cash,,2023-05-24,2023.0,5.0,24.0
2916247,salad,3.0,,,,in-store,2023-09-03,2023.0,9.0,3.0
9798525,coffee,2.0,2.0,4.0,digital wallet,takeaway,2023-11-05,2023.0,11.0,5.0
4974012,sandwich,5.0,,,cash,takeaway,2023-05-17,2023.0,5.0,17.0
7644000,cake,2.0,3.0,6.0,,takeaway,2023-02-07,2023.0,2.0,7.0
1482123,coffee,1.0,2.0,2.0,cash,in-store,2023-06-17,2023.0,6.0,17.0
5622313,salad,2.0,5.0,10.0,credit card,in-store,2023-01-07,2023.0,1.0,7.0
5737831,juice,4.0,,,,takeaway,2023-05-15,2023.0,5.0,15.0
3446033,cookie,3.0,1.0,3.0,credit card,,2023-02-15,2023.0,2.0,15.0
6249754,smoothie,1.0,4.0,4.0,credit card,takeaway,2023-10-21,2023.0,10.0,21.0
9729280,tea,3.0,1.5,4.5,credit card,in-store,2023-11-06,2023.0,11.0,6.0
9551638,salad,3.0,5.0,15.0,cash,,2023-06-25,2023.0,6.0,25.0
5158607,smoothie,4.0,,,credit card,,2023-03-24,2023.0,3.0,24.0
1045022,sandwich,4.0,4.0,16.0,credit card,takeaway,2023-10-13,2023.0,10.0,13.0
5818032,,1.0,1.0,1.0,,,2023-04-19,2023.0,4.0,19.0
5404249,,1.0,4.0,4.0,,,2023-10-04,2023.0,10.0,4.0
5484423,,2.0,2.0,4.0,,,2023-08-26,2023.0,8.0,26.0
4598397,coffee,4.0,2.0,8.0,cash,takeaway,2023-09-13,2023.0,9.0,13.0
3849488,salad,,,,,in-store,2023-03-01,2023.0,3.0,1.0
9186913,cookie,2.0,1.0,2.0,credit card,takeaway,2023-10-16,2023.0,10.0,16.0
9507002,smoothie,1.0,4.0,4.0,cash,takeaway,2023-05-08,2023.0,5.0,8.0
4423218,cookie,3.0,1.0,3.0,cash,in-store,2023-05-29,2023.0,5.0,29.0
4851339,sandwich,1.0,4.0,4.0,digital wallet,takeaway,2023-02-01,2023.0,2.0,1.0
3274105,cookie,5.0,1.0,5.0,credit card,takeaway,2023-07-28,2023.0,7.0,28.0
2810280,smoothie,1.0,4.0,4.0,digital wallet,takeaway,2023-06-25,2023.0,6.0,25.0
9901424,cookie,3.0,1.0,3.0,digital wallet,,2023-05-30,2023.0,5.0,30.0
3880417,cookie,1.0,1.0,1.0,,in-store,2023-06-27,2023.0,6.0,27.0
3756680,tea,2.0,1.5,3.0,credit card,,2023-08-30,2023.0,8.0,30.0
2334523,coffee,,2.0,,digital wallet,takeaway,2023-08-17,2023.0,8.0,17.0
8611913,tea,5.0,1.5,7.5,digital wallet,in-store,2023-07-16,2023.0,7.0,16.0
7387701,coffee,1.0,2.0,2.0,cash,takeaway,,,,
9904091,salad,4.0,5.0,20.0,,,2023-05-20,2023.0,5.0,20.0
4953063,tea,5.0,,,credit card,,,,,
5908857,smoothie,5.0,4.0,20.0,,in-store,2023-06-04,2023.0,6.0,4.0
4411172,smoothie,4.0,4.0,16.0,cash,,2023-07-09,2023.0,7.0,9.0
6841805,cake,2.0,3.0,6.0,,,2023-02-14,2023.0,2.0,14.0
7800236,salad,3.0,5.0,15.0,digital wallet,,2023-07-19,2023.0,7.0,19.0
2413026,coffee,1.0,,,,takeaway,2023-04-26,2023.0,4.0,26.0
9947479,smoothie,5.0,4.0,20.0,cash,takeaway,2023-09-27,2023.0,9.0,27.0
6403859,sandwich,5.0,4.0,20.0,credit card,in-store,2023-03-06,2023.0,3.0,6.0
6828371,smoothie,4.0,4.0,16.0,,,2023-10-20,2023.0,10.0,20.0
8335965,tea,5.0,1.5,7.5,credit card,,2023-03-21,2023.0,3.0,21.0
9747008,tea,4.0,1.5,6.0,cash,takeaway,,,,
9703722,sandwich,5.0,4.0,20.0,digital wallet,takeaway,2023-01-11,2023.0,1.0,11.0
6259001,tea,4.0,1.5,6.0,digital wallet,in-store,2023-01-30,2023.0,1.0,30.0
6119081,coffee,2.0,2.0,4.0,cash,in-store,2023-09-27,2023.0,9.0,27.0
4811887,cake,2.0,3.0,6.0,cash,in-store,2023-02-11,2023.0,2.0,11.0
9587814,juice,3.0,3.0,9.0,cash,in-store,2023-01-25,2023.0,1.0,25.0
7682605,tea,5.0,1.5,7.5,digital wallet,,2023-10-19,2023.0,10.0,19.0
4690415,sandwich,2.0,,,digital wallet,,,,,
7946450,smoothie,1.0,,,credit card,in-store,2023-07-15,2023.0,7.0,15.0
2611393,smoothie,3.0,4.0,12.0,,,2023-04-25,2023.0,4.0,25.0
2122597,cake,3.0,3.0,9.0,credit card,,2023-05-11,2023.0,5.0,11.0
7510217,tea,,1.5,,credit card,in-store,2023-10-24,2023.0,10.0,24.0
3267783,cake,3.0,3.0,9.0,,in-store,2023-10-30,2023.0,10.0,30.0
7852397,tea,3.0,1.5,4.5,cash,in-store,2023-08-10,2023.0,8.0,10.0
8459594,sandwich,1.0,4.0,4.0,credit card,,2023-11-07,2023.0,11.0,7.0
9190969,coffee,1.0,2.0,2.0,,in-store,2023-10-06,2023.0,10.0,6.0
2982995,salad,1.0,5.0,5.0,credit card,takeaway,2023-04-06,2023.0,4.0,6.0
9181144,,3.0,3.0,9.0,,takeaway,2023-10-25,2023.0,10.0,25.0
6490609,salad,4.0,5.0,20.0,,in-store,2023-03-03,2023.0,3.0,3.0
9938260,smoothie,4.0,4.0,16.0,,in-store,2023-03-03,2023.0,3.0,3.0
5486398,cookie,4.0,1.0,4.0,cash,,2023-05-13,2023.0,5.0,13.0
5875661,sandwich,3.0,4.0,12.0,credit card,,2023-08-12,2023.0,8.0,12.0
2555823,cake,4.0,3.0,12.0,digital wallet,,2023-06-21,2023.0,6.0,21.0
4223265,cake,5.0,3.0,15.0,digital wallet,in-store,2023-06-06,2023.0,6.0,6.0
3390072,tea,1.0,1.5,1.5,credit card,,2023-05-03,2023.0,5.0,3.0
6491662,coffee,2.0,2.0,4.0,digital wallet,takeaway,2023-10-06,2023.0,10.0,6.0
1248167,,1.0,4.0,4.0,cash,,2023-03-05,2023.0,3.0,5.0
9500986,cookie,2.0,1.0,2.0,digital wallet,takeaway,2023-05-10,2023.0,5.0,10.0
2147453,,4.0,1.0,4.0,credit card,,2023-04-27,2023.0,4.0,27.0
9137801,,5.0,4.0,20.0,credit card,in-store,2023-06-10,2023.0,6.0,10.0
4892303,sandwich,4.0,4.0,16.0,,,2023-07-16,2023.0,7.0,16.0
5985451,sandwich,2.0,4.0,8.0,,,2023-07-24,2023.0,7.0,24.0
6092344,cookie,5.0,1.0,5.0,credit card,takeaway,2023-12-04,2023.0,12.0,4.0
1218016,tea,3.0,1.5,4.5,digital wallet,,2023-11-26,2023.0,11.0,26.0
8110646,,2.0,3.0,6.0,credit card,takeaway,2023-06-07,2023.0,6.0,7.0
1221777,coffee,3.0,2.0,6.0,,in-store,2023-01-29,2023.0,1.0,29.0
3691087,cookie,4.0,1.0,4.0,,,2023-07-11,2023.0,7.0,11.0
5571026,,1.0,5.0,5.0,cash,takeaway,2023-09-08,2023.0,9.0,8.0
6336973,coffee,4.0,2.0,8.0,digital wallet,takeaway,2023-03-21,2023.0,3.0,21.0
5609260,cookie,5.0,1.0,5.0,digital wallet,in-store,2023-05-02,2023.0,5.0,2.0
4242676,coffee,5.0,2.0,10.0,credit card,takeaway,2023-11-26,2023.0,11.0,26.0
6835777,juice,5.0,3.0,15.0,digital wallet,,2023-05-11,2023.0,5.0,11.0
6097706,sandwich,4.0,,,cash,takeaway,2023-02-15,2023.0,2.0,15.0
5496581,juice,1.0,3.0,3.0,credit card,,2023-08-11,2023.0,8.0,11.0
2897468,salad,2.0,5.0,10.0,cash,,2023-10-10,2023.0,10.0,10.0
3260087,salad,5.0,5.0,25.0,,,2023-04-20,2023.0,4.0,20.0
2047672,sandwich,1.0,4.0,4.0,credit card,in-store,2023-01-25,2023.0,1.0,25.0
6893490,coffee,3.0,2.0,6.0,credit card,takeaway,2023-03-17,2023.0,3.0,17.0
3743336,salad,2.0,5.0,10.0,digital wallet,,2023-02-21,2023.0,2.0,21.0
6851654,salad,1.0,5.0,5.0,digital wallet,takeaway,2023-01-25,2023.0,1.0,25.0
8510511,coffee,4.0,2.0,8.0,,,2023-10-06,2023.0,10.0,6.0
2092306,juice,4.0,3.0,12.0,,in-store,2023-04-01,2023.0,4.0,1.0
7345190,smoothie,4.0,4.0,16.0,digital wallet,,2023-02-20,2023.0,2.0,20.0
6647319,juice,5.0,3.0,15.0,credit card,,2023-10-23,2023.0,10.0,23.0
5889912,salad,1.0,5.0,5.0,cash,in-store,2023-09-26,2023.0,9.0,26.0
4483304,smoothie,4.0,4.0,16.0,credit card,takeaway,2023-11-08,2023.0,11.0,8.0
3720223,cake,4.0,3.0,12.0,cash,takeaway,2023-10-22,2023.0,10.0,22.0
4506778,cake,3.0,3.0,9.0,digital wallet,,2023-04-21,2023.0,4.0,21.0
8226226,sandwich,1.0,4.0,4.0,,in-store,2023-07-30,2023.0,7.0,30.0
9723120,tea,5.0,1.5,7.5,credit card,,2023-01-26,2023.0,1.0,26.0
2726676,coffee,3.0,2.0,6.0,digital wallet,in-store,2023-08-10,2023.0,8.0,10.0
4011694,,1.0,2.0,2.0,credit card,in-store,2023-09-02,2023.0,9.0,2.0
3327212,tea,2.0,1.5,3.0,credit card,,2023-12-20,2023.0,12.0,20.0
3558795,smoothie,1.0,4.0,4.0,cash,in-store,2023-05-30,2023.0,5.0,30.0
9989242,sandwich,4.0,4.0,16.0,,,2023-09-12,2023.0,9.0,12.0
2035772,cookie,2.0,,,cash,,2023-01-17,2023.0,1.0,17.0
2711627,smoothie,5.0,4.0,20.0,cash,,2023-11-09,2023.0,11.0,9.0
2804828,cake,3.0,3.0,9.0,cash,,2023-02-25,2023.0,2.0,25.0
3869958,cake,1.0,3.0,3.0,digital wallet,,2023-01-11,2023.0,1.0,11.0
9684465,cake,5.0,3.0,15.0,,takeaway,2023-02-15,2023.0,2.0,15.0
7570308,tea,4.0,1.5,6.0,cash,,,,,
6476304,sandwich,2.0,4.0,8.0,credit card,,2023-03-17,2023.0,3.0,17.0
3893927,salad,4.0,5.0,20.0,,in-store,2023-09-14,2023.0,9.0,14.0
5947976,coffee,3.0,2.0,6.0,,in-store,2023-05-21,2023.0,5.0,21.0
4139983,tea,5.0,1.5,7.5,cash,takeaway,2023-10-16,2023.0,10.0,16.0
4571222,cookie,2.0,1.0,2.0,credit card,,2023-03-21,2023.0,3.0,21.0
6484542,salad,5.0,5.0,25.0,credit card,,2023-05-18,2023.0,5.0,18.0
5183630,coffee,4.0,2.0,8.0,,in-store,2023-02-15,2023.0,2.0,15.0
5562799,cookie,5.0,1.0,5.0,,,2023-10-25,2023.0,10.0,25.0
9601220,,3.0,1.0,3.0,digital wallet,takeaway,2023-04-20,2023.0,4.0,20.0
6404625,cake,5.0,3.0,15.0,credit card,,2023-04-24,2023.0,4.0,24.0
5327102,cookie,2.0,1.0,2.0,,,2023-07-16,2023.0,7.0,16.0
5741619,smoothie,,4.0,,cash,,2023-01-02,2023.0,1.0,2.0
4452589,tea,,1.5,,,takeaway,2023-08-22,2023.0,8.0,22.0
6540284,juice,1.0,3.0,3.0,,,2023-04-24,2023.0,4.0,24.0
9657957,smoothie,,4.0,,,,2023-11-27,2023.0,11.0,27.0
3670939,tea,3.0,1.5,4.5,cash,,2023-07-13,2023.0,7.0,13.0
2935871,cookie,4.0,1.0,4.0,cash,takeaway,2023-07-07,2023.0,7.0,7.0
1610204,cake,1.0,3.0,3.0,,takeaway,2023-02-19,2023.0,2.0,19.0
8372268,salad,2.0,,,,takeaway,2023-06-15,2023.0,6.0,15.0
1239021,sandwich,5.0,,,credit card,,2023-09-15,2023.0,9.0,15.0
1863866,smoothie,1.0,4.0,4.0,cash,,2023-10-03,2023.0,10.0,3.0
4630854,tea,1.0,1.5,1.5,digital wallet,,2023-02-10,2023.0,2.0,10.0
6183842,tea,3.0,1.5,4.5,,,2023-09-15,2023.0,9.0,15.0
5355693,smoothie,1.0,4.0,4.0,,,2023-12-03,2023.0,12.0,3.0
8284910,smoothie,1.0,4.0,4.0,cash,in-store,2023-07-19,2023.0,7.0,19.0
4408913,salad,2.0,5.0,10.0,cash,,2023-08-24,2023.0,8.0,24.0
2123573,coffee,5.0,2.0,10.0,digital wallet,takeaway,2023-01-09,2023.0,1.0,9.0
8036176,cookie,4.0,1.0,4.0,credit card,takeaway,2023-06-20,2023.0,6.0,20.0
9107676,sandwich,,4.0,,cash,,2023-02-12,2023.0,2.0,12.0
2490185,salad,4.0,5.0,20.0,credit card,in-store,2023-12-18,2023.0,12.0,18.0
6295420,juice,1.0,3.0,3.0,digital wallet,takeaway,2023-09-27,2023.0,9.0,27.0
1542042,cake,4.0,3.0,12.0,credit card,takeaway,2023-07-26,2023.0,7.0,26.0
7716125,cookie,2.0,1.0,2.0,digital wallet,,2023-05-17,2023.0,5.0,17.0
6579109,juice,1.0,3.0,3.0,credit card,takeaway,2023-02-22,2023.0,2.0,22.0
5577030,cookie,4.0,1.0,4.0,digital wallet,takeaway,2023-02-15,2023.0,2.0,15.0
3910230,sandwich,5.0,4.0,20.0,cash,takeaway,2023-01-05,2023.0,1.0,5.0
8031804,coffee,4.0,2.0,8.0,credit card,,2023-07-01,2023.0,7.0,1.0
6928775,,2.0,1.0,2.0,cash,in-store,2023-03-25,2023.0,3.0,25.0
6755107,smoothie,2.0,4.0,8.0,digital wallet,,2023-11-14,2023.0,11.0,14.0
5153899,tea,3.0,1.5,4.5,,takeaway,2023-03-01,2023.0,3.0,1.0
5632156,sandwich,4.0,4.0,16.0,digital wallet,,2023-08-02,2023.0,8.0,2.0
9861782,sandwich,4.0,4.0,16.0,credit card,in-store,2023-07-15,2023.0,7.0,15.0
8861275,smoothie,2.0,4.0,8.0,,in-store,2023-10-31,2023.0,10.0,31.0
8961155,cake,5.0,3.0,15.0,cash,takeaway,2023-09-06,2023.0,9.0,6.0
6112765,coffee,2.0,2.0,4.0,credit card,takeaway,2023-07-21,2023.0,7.0,21.0
7090563,smoothie,3.0,4.0,12.0,,in-store,2023-08-17,2023.0,8.0,17.0
9737090,sandwich,3.0,4.0,12.0,,in-store,2023-06-01,2023.0,6.0,1.0
2847831,coffee,1.0,2.0,2.0,cash,in-store,2023-02-19,2023.0,2.0,19.0
3385167,tea,3.0,1.5,4.5,cash,in-store,2023-04-26,2023.0,4.0,26.0
1938071,sandwich,4.0,4.0,16.0,credit card,in-store,2023-12-25,2023.0,12.0,25.0
8774692,tea,5.0,1.5,7.5,digital wallet,,2023-07-12,2023.0,7.0,12.0
4887268,salad,1.0,5.0,5.0,credit card,in-store,2023-10-16,2023.0,10.0,16.0
9506372,cake,4.0,3.0,12.0,,,2023-11-06,2023.0,11.0,6.0
6651961,salad,4.0,5.0,20.0,credit card,in-store,2023-02-08,2023.0,2.0,8.0
2537138,cake,3.0,3.0,9.0,,,2023-10-24,2023.0,10.0,24.0
2015313,salad,5.0,5.0,25.0,cash,,2023-10-18,2023.0,10.0,18.0
5604797,coffee,1.0,2.0,2.0,cash,in-store,2023-10-13,2023.0,10.0,13.0
6303383,cake,4.0,3.0,12.0,digital wallet,in-store,2023-09-22,2023.0,9.0,22.0
5203710,,,5.0,,digital wallet,,2023-04-22,2023.0,4.0,22.0
7059722,sandwich,5.0,4.0,20.0,digital wallet,in-store,,,,
5403707,smoothie,3.0,4.0,12.0,cash,in-store,2023-03-20,2023.0,3.0,20.0
4084052,juice,2.0,3.0,6.0,digital wallet,in-store,2023-06-30,2023.0,6.0,30.0
3843541,,3.0,5.0,15.0,credit card,in-store,2023-03-06,2023.0,3.0,6.0
4000025,tea,5.0,,,,takeaway,2023-06-12,2023.0,6.0,12.0
7113656,juice,2.0,3.0,6.0,credit card,takeaway,2023-01-22,2023.0,1.0,22.0
6039235,juice,2.0,3.0,6.0,digital wallet,,2023-06-25,2023.0,6.0,25.0
6621756,cookie,1.0,1.0,1.0,,,2023-11-14,2023.0,11.0,14.0
3923847,cake,2.0,3.0,6.0,credit card,,2023-09-12,2023.0,9.0,12.0
3226989,salad,1.0,5.0,5.0,credit card,takeaway,2023-04-17,2023.0,4.0,17.0
1523567,salad,3.0,5.0,15.0,digital wallet,takeaway,2023-11-22,2023.0,11.0,22.0
8751289,tea,2.0,1.5,3.0,cash,in-store,2023-09-10,2023.0,9.0,10.0
9996195,juice,5.0,3.0,15.0,digital wallet,in-store,2023-03-16,2023.0,3.0,16.0
2151688,cake,5.0,3.0,15.0,,,2023-09-29,2023.0,9.0,29.0
4243591,cake,4.0,3.0,12.0,credit card,in-store,2023-10-11,2023.0,10.0,11.0
4138399,cookie,5.0,1.0,5.0,credit card,takeaway,2023-07-03,2023.0,7.0,3.0
1724233,cookie,5.0,1.0,5.0,digital wallet,takeaway,2023-02-01,2023.0,2.0,1.0
1564506,smoothie,5.0,4.0,20.0,digital wallet,in-store,2023-02-01,2023.0,2.0,1.0
3520982,salad,5.0,5.0,25.0,,,2023-10-26,2023.0,10.0,26.0
6130455,tea,2.0,1.5,3.0,digital wallet,,,,,
8936591,cookie,5.0,1.0,5.0,,in-store,2023-03-22,2023.0,3.0,22.0
7622389,tea,4.0,1.5,6.0,digital wallet,in-store,2023-02-26,2023.0,2.0,26.0
2896048,tea,4.0,,,cash,,2023-05-17,2023.0,5.0,17.0
2204457,coffee,4.0,2.0,8.0,cash,takeaway,2023-01-06,2023.0,1.0,6.0
1319834,cookie,1.0,1.0,1.0,,,2023-03-31,2023.0,3.0,31.0
9042043,cookie,4.0,1.0,4.0,cash,takeaway,,,,
7503593,cookie,5.0,1.0,5.0,digital wallet,takeaway,2023-04-19,2023.0,4.0,19.0
4076463,cookie,3.0,1.0,3.0,digital wallet,,2023-06-25,2023.0,6.0,25.0
1901704,salad,5.0,5.0,25.0,cash,,2023-11-17,2023.0,11.0,17.0
5589433,cake,2.0,3.0,6.0,cash,in-store,2023-03-13,2023.0,3.0,13.0
4386732,smoothie,4.0,4.0,16.0,cash,,2023-08-01,2023.0,8.0,1.0
3174336,cookie,,1.0,,,,2023-07-17,2023.0,7.0,17.0
4983903,,5.0,4.0,20.0,,,2023-09-18,2023.0,9.0,18.0
8043642,salad,4.0,5.0,20.0,cash,in-store,2023-06-12,2023.0,6.0,12.0
1223805,juice,3.0,3.0,9.0,,in-store,2023-07-04,2023.0,7.0,4.0
3879110,,4.0,1.0,4.0,credit card,takeaway,2023-03-18,2023.0,3.0,18.0
9551491,salad,1.0,5.0,5.0,,,2023-07-13,2023.0,7.0,13.0
3033987,cake,4.0,3.0,12.0,cash,,2023-03-13,2023.0,3.0,13.0
2732570,cookie,3.0,1.0,3.0,digital wallet,,2023-06-23,2023.0,6.0,23.0
9104781,sandwich,2.0,4.0,8.0,,,2023-07-03,2023.0,7.0,3.0
7876775,coffee,5.0,2.0,10.0,,takeaway,2023-02-09,2023.0,2.0,9.0
7566250,salad,3.0,5.0,15.0,,takeaway,2023-06-04,2023.0,6.0,4.0
3365018,juice,5.0,3.0,15.0,cash,takeaway,2023-02-06,2023.0,2.0,6.0
1487762,tea,3.0,1.5,4.5,,,2023-02-07,2023.0,2.0,7.0
4592205,cookie,3.0,1.0,3.0,credit card,in-store,2023-12-30,2023.0,12.0,30.0
6660755,cookie,2.0,1.0,2.0,credit card,in-store,2023-05-16,2023.0,5.0,16.0
3750900,tea,2.0,,,credit card,in-store,2023-04-03,2023.0,4.0,3.0
3290872,cake,2.0,3.0,6.0,credit card,in-store,2023-06-13,2023.0,6.0,13.0
6378158,salad,5.0,,,credit card,in-store,2023-06-17,2023.0,6.0,17.0
8800818,cake,2.0,3.0,6.0,digital wallet,,2023-09-28,2023.0,9.0,28.0
5707386,tea,5.0,1.5,7.5,,takeaway,2023-06-28,2023.0,6.0,28.0
1145592,juice,1.0,3.0,3.0,credit card,takeaway,2023-09-11,2023.0,9.0,11.0
2670487,coffee,3.0,2.0,6.0,digital wallet,,2023-10-20,2023.0,10.0,20.0
9485101,cookie,2.0,1.0,2.0,cash,takeaway,2023-11-01,2023.0,11.0,1.0
9667219,juice,4.0,3.0,12.0,cash,in-store,2023-10-09,2023.0,10.0,9.0
3119835,tea,2.0,1.5,3.0,digital wallet,in-store,2023-03-01,2023.0,3.0,1.0
2454046,juice,2.0,3.0,6.0,,takeaway,,,,
7014091,coffee,5.0,2.0,10.0,cash,in-store,2023-11-26,2023.0,11.0,26.0
7107807,cookie,1.0,1.0,1.0,digital wallet,,2023-11-01,2023.0,11.0,1.0
5698925,juice,2.0,3.0,6.0,,in-store,2023-04-08,2023.0,4.0,8.0
6662213,sandwich,4.0,4.0,16.0,digital wallet,,2023-01-18,2023.0,1.0,18.0
1336900,coffee,5.0,2.0,10.0,credit card,,2023-01-16,2023.0,1.0,16.0
2250785,cake,1.0,3.0,3.0,cash,,2023-03-19,2023.0,3.0,19.0
8122340,coffee,4.0,2.0,8.0,credit card,,2023-06-09,2023.0,6.0,9.0
9911498,coffee,4.0,2.0,8.0,cash,in-store,2023-03-27,2023.0,3.0,27.0
4130861,salad,2.0,5.0,10.0,credit card,,,,,
3741325,sandwich,5.0,4.0,20.0,digital wallet,,2023-07-04,2023.0,7.0,4.0
8658970,salad,3.0,5.0,15.0,credit card,,2023-09-03,2023.0,9.0,3.0
2887971,smoothie,2.0,4.0,8.0,digital wallet,,2023-06-26,2023.0,6.0,26.0
9865855,coffee,3.0,2.0,6.0,digital wallet,takeaway,2023-04-18,2023.0,4.0,18.0
2217295,juice,4.0,,,credit card,in-store,2023-11-22,2023.0,11.0,22.0
8913492,sandwich,4.0,4.0,16.0,credit card,in-store,2023-12-25,2023.0,12.0,25.0
5625086,sandwich,1.0,4.0,4.0,credit card,in-store,2023-06-17,2023.0,6.0,17.0
2690222,,4.0,3.0,12.0,,,2023-01-01,2023.0,1.0,1.0
5767429,cake,2.0,3.0,6.0,,,2023-03-19,2023.0,3.0,19.0
5910541,cake,,3.0,,cash,in-store,2023-09-08,2023.0,9.0,8.0
4435352,salad,2.0,5.0,10.0,credit card,,2023-05-03,2023.0,5.0,3.0
1009421,cookie,4.0,1.0,4.0,cash,takeaway,2023-02-21,2023.0,2.0,21.0
5369243,smoothie,4.0,4.0,16.0,cash,takeaway,2023-11-16,2023.0,11.0,16.0
2939667,,1.0,3.0,3.0,,in-store,2023-12-21,2023.0,12.0,21.0
5734395,sandwich,,4.0,,cash,takeaway,2023-05-17,2023.0,5.0,17.0
2966262,tea,,1.5,,cash,,2023-11-19,2023.0,11.0,19.0
7293241,,1.0,2.0,2.0,digital wallet,,2023-08-27,2023.0,8.0,27.0
1827212,sandwich,5.0,4.0,20.0,,,2023-12-22,2023.0,12.0,22.0
4809548,smoothie,3.0,4.0,12.0,,takeaway,2023-11-04,2023.0,11.0,4.0
2224935,coffee,1.0,2.0,2.0,digital wallet,,2023-04-15,2023.0,4.0,15.0
7580441,coffee,1.0,,,cash,,2023-08-09,2023.0,8.0,9.0
4897993,sandwich,4.0,,,,in-store,2023-12-07,2023.0,12.0,7.0
9522045,coffee,3.0,2.0,6.0,,,2023-05-30,2023.0,5.0,30.0
6128966,sandwich,3.0,4.0,12.0,,,2023-12-18,2023.0,12.0,18.0
5475746,cake,3.0,3.0,9.0,credit card,in-store,2023-08-20,2023.0,8.0,20.0
6071339,coffee,5.0,2.0,10.0,cash,takeaway,2023-10-17,2023.0,10.0,17.0
9540864,cookie,2.0,1.0,2.0,digital wallet,takeaway,2023-08-07,2023.0,8.0,7.0
6389404,juice,5.0,3.0,15.0,digital wallet,in-store,2023-11-20,2023.0,11.0,20.0
8724474,,5.0,5.0,25.0,cash,,2023-08-04,2023.0,8.0,4.0
8199524,cake,5.0,3.0,15.0,cash,,2023-12-01,2023.0,12.0,1.0
1212652,juice,3.0,3.0,9.0,credit card,,2023-01-30,2023.0,1.0,30.0
1799247,coffee,3.0,2.0,6.0,,,2023-01-25,2023.0,1.0,25.0
5745054,smoothie,1.0,4.0,4.0,credit card,,2023-01-26,2023.0,1.0,26.0
4328090,,,4.0,,digital wallet,in-store,2023-04-18,2023.0,4.0,18.0
3499226,juice,1.0,3.0,3.0,credit card,takeaway,2023-09-08,2023.0,9.0,8.0
1259340,tea,3.0,,,digital wallet,,2023-02-24,2023.0,2.0,24.0
3893480,cookie,3.0,1.0,3.0,,,2023-12-24,2023.0,12.0,24.0
2614271,,2.0,4.0,8.0,digital wallet,,2023-08-03,2023.0,8.0,3.0
8295765,cake,4.0,3.0,12.0,,takeaway,2023-04-05,2023.0,4.0,5.0
1324760,tea,4.0,1.5,6.0,cash,in-store,2023-01-18,2023.0,1.0,18.0
8292441,salad,1.0,5.0,5.0,cash,takeaway,2023-09-15,2023.0,9.0,15.0
6663486,coffee,3.0,2.0,6.0,,,2023-11-02,2023.0,11.0,2.0
9423451,coffee,1.0,,,,,2023-10-22,2023.0,10.0,22.0
3792125,salad,5.0,5.0,25.0,credit card,in-store,2023-08-25,2023.0,8.0,25.0
7021504,cookie,2.0,1.0,2.0,,in-store,2023-05-31,2023.0,5.0,31.0
8608811,cake,5.0,3.0,15.0,credit card,takeaway,2023-01-05,2023.0,1.0,5.0
4844386,,5.0,,,credit card,in-store,2023-10-28,2023.0,10.0,28.0
4368729,coffee,3.0,2.0,6.0,digital wallet,in-store,2023-06-11,2023.0,6.0,11.0
5072156,tea,3.0,1.5,4.5,digital wallet,takeaway,2023-07-24,2023.0,7.0,24.0
5763520,,1.0,5.0,5.0,,,2023-01-17,2023.0,1.0,17.0
4877933,juice,5.0,3.0,15.0,digital wallet,in-store,2023-01-12,2023.0,1.0,12.0
8854384,juice,5.0,3.0,15.0,cash,takeaway,2023-08-12,2023.0,8.0,12.0
3308378,cookie,4.0,1.0,4.0,digital wallet,,2023-04-28,2023.0,4.0,28.0
4355766,cookie,5.0,1.0,5.0,digital wallet,,2023-11-07,2023.0,11.0,7.0
5644235,salad,4.0,5.0,20.0,cash,in-store,2023-03-25,2023.0,3.0,25.0
5331285,sandwich,3.0,4.0,12.0,digital wallet,,2023-03-12,2023.0,3.0,12.0
7620397,cookie,4.0,1.0,4.0,,,2023-12-24,2023.0,12.0,24.0
1214868,juice,4.0,,,cash,in-store,2023-07-30,2023.0,7.0,30.0
5117595,smoothie,4.0,4.0,16.0,cash,in-store,2023-02-05,2023.0,2.0,5.0
9708144,smoothie,3.0,4.0,12.0,cash,,2023-04-18,2023.0,4.0,18.0
8266689,,5.0,,,cash,in-store,2023-12-03,2023.0,12.0,3.0
3589166,tea,1.0,1.5,1.5,,,2023-02-02,2023.0,2.0,2.0
3943672,sandwich,4.0,4.0,16.0,credit card,,2023-10-21,2023.0,10.0,21.0
8988279,smoothie,2.0,4.0,8.0,,in-store,2023-08-08,2023.0,8.0,8.0
4269933,smoothie,2.0,4.0,8.0,,takeaway,2023-03-28,2023.0,3.0,28.0
2234460,tea,2.0,1.5,3.0,,takeaway,2023-08-15,2023.0,8.0,15.0
4356564,coffee,2.0,2.0,4.0,credit card,takeaway,2023-10-05,2023.0,10.0,5.0
2223047,,2.0,2.0,4.0,,takeaway,2023-06-14,2023.0,6.0,14.0
9469735,cake,1.0,3.0,3.0,,in-store,2023-12-31,2023.0,12.0,31.0
6762250,cookie,2.0,1.0,2.0,digital wallet,takeaway,2023-06-17,2023.0,6.0,17.0
8553273,juice,5.0,3.0,15.0,cash,in-store,2023-01-15,2023.0,1.0,15.0
8713971,tea,1.0,1.5,1.5,cash,,2023-08-26,2023.0,8.0,26.0
4076575,smoothie,3.0,4.0,12.0,,takeaway,2023-01-18,2023.0,1.0,18.0
2432379,coffee,1.0,2.0,2.0,credit card,in-store,2023-10-24,2023.0,10.0,24.0
3187634,,5.0,2.0,10.0,digital wallet,takeaway,2023-09-01,2023.0,9.0,1.0
1961943,smoothie,,4.0,,digital wallet,in-store,2023-11-05,2023.0,11.0,5.0
5908104,sandwich,2.0,4.0,8.0,credit card,,2023-05-12,2023.0,5.0,12.0
1355212,coffee,2.0,2.0,4.0,,,2023-05-25,2023.0,5.0,25.0
2155393,juice,2.0,3.0,6.0,digital wallet,in-store,2023-07-12,2023.0,7.0,12.0
3485938,,4.0,5.0,20.0,cash,takeaway,2023-05-28,2023.0,5.0,28.0
9449037,coffee,4.0,2.0,8.0,,takeaway,2023-04-30,2023.0,4.0,30.0
3114654,juice,3.0,3.0,9.0,,in-store,2023-12-01,2023.0,12.0,1.0
5837801,salad,1.0,5.0,5.0,credit card,in-store,2023-01-25,2023.0,1.0,25.0
1336470,tea,1.0,1.5,1.5,cash,,2023-12-22,2023.0,12.0,22.0
2544724,cake,5.0,3.0,15.0,digital wallet,takeaway,2023-12-28,2023.0,12.0,28.0
1035504,smoothie,2.0,4.0,8.0,digital wallet,takeaway,2023-03-30,2023.0,3.0,30.0
2576799,juice,1.0,3.0,3.0,cash,,2023-03-12,2023.0,3.0,12.0
4659155,juice,1.0,3.0,3.0,,,2023-04-13,2023.0,4.0,13.0
9781961,coffee,1.0,2.0,2.0,credit card,in-store,2023-12-01,2023.0,12.0,1.0
5313347,cookie,2.0,1.0,2.0,digital wallet,takeaway,2023-12-10,2023.0,12.0,10.0
7926510,salad,4.0,5.0,20.0,cash,,2023-10-03,2023.0,10.0,3.0
3477975,sandwich,,4.0,,,,2023-02-26,2023.0,2.0,26.0
6736084,juice,1.0,3.0,3.0,,takeaway,2023-04-19,2023.0,4.0,19.0
5573731,sandwich,4.0,4.0,16.0,cash,,2023-01-15,2023.0,1.0,15.0
2760327,salad,1.0,5.0,5.0,,takeaway,2023-02-16,2023.0,2.0,16.0
5540067,tea,4.0,1.5,6.0,,,2023-08-24,2023.0,8.0,24.0
7585599,cake,1.0,3.0,3.0,credit card,,2023-01-12,2023.0,1.0,12.0
6333241,coffee,,2.0,,digital wallet,,2023-09-15,2023.0,9.0,15.0
1635631,cookie,4.0,1.0,4.0,credit card,,2023-07-04,2023.0,7.0,4.0
8907996,sandwich,4.0,4.0,16.0,cash,in-store,2023-02-19,2023.0,2.0,19.0
3206049,coffee,4.0,2.0,8.0,,,2023-03-27,2023.0,3.0,27.0
4620647,coffee,1.0,2.0,2.0,digital wallet,,2023-07-15,2023.0,7.0,15.0
5348915,juice,1.0,3.0,3.0,digital wallet,takeaway,2023-07-09,2023.0,7.0,9.0
4036214,cake,2.0,,,credit card,,2023-10-17,2023.0,10.0,17.0
6323914,juice,1.0,3.0,3.0,credit card,in-store,2023-03-19,2023.0,3.0,19.0
7804128,sandwich,5.0,4.0,20.0,digital wallet,in-store,2023-02-12,2023.0,2.0,12.0
6228313,,4.0,3.0,12.0,,,2023-01-24,2023.0,1.0,24.0
2930752,cake,2.0,3.0,6.0,credit card,,2023-03-04,2023.0,3.0,4.0
3477101,cookie,4.0,1.0,4.0,,takeaway,2023-05-02,2023.0,5.0,2.0
2210265,juice,2.0,3.0,6.0,credit card,takeaway,2023-06-14,2023.0,6.0,14.0
5534515,smoothie,1.0,4.0,4.0,credit card,takeaway,2023-02-09,2023.0,2.0,9.0
9561380,sandwich,1.0,4.0,4.0,digital wallet,takeaway,2023-08-11,2023.0,8.0,11.0
3038078,cookie,1.0,1.0,1.0,credit card,takeaway,2023-04-06,2023.0,4.0,6.0
5652473,smoothie,4.0,4.0,16.0,,,2023-03-19,2023.0,3.0,19.0
5222822,salad,1.0,5.0,5.0,,in-store,2023-11-20,2023.0,11.0,20.0
6238191,smoothie,4.0,4.0,16.0,,in-store,2023-10-27,2023.0,10.0,27.0
1244593,salad,5.0,5.0,25.0,,in-store,2023-04-11,2023.0,4.0,11.0
9749175,cake,1.0,3.0,3.0,credit card,in-store,2023-09-07,2023.0,9.0,7.0
4502314,cookie,3.0,1.0,3.0,credit card,,2023-06-02,2023.0,6.0,2.0
5476846,tea,4.0,1.5,6.0,credit card,takeaway,,,,
3703964,sandwich,2.0,4.0,8.0,credit card,takeaway,2023-09-23,2023.0,9.0,23.0
1554195,smoothie,2.0,4.0,8.0,digital wallet,,2023-10-22,2023.0,10.0,22.0
1025152,cookie,4.0,1.0,4.0,,,2023-08-19,2023.0,8.0,19.0
3429942,smoothie,3.0,4.0,12.0,digital wallet,in-store,2023-04-24,2023.0,4.0,24.0
2134660,,5.0,3.0,15.0,credit card,in-store,2023-11-08,2023.0,11.0,8.0
8944175,salad,3.0,5.0,15.0,digital wallet,,2023-11-30,2023.0,11.0,30.0
4680399,juice,5.0,3.0,15.0,digital wallet,,2023-04-07,2023.0,4.0,7.0
5328065,cake,5.0,3.0,15.0,cash,,2023-09-18,2023.0,9.0,18.0
9202496,cake,5.0,3.0,15.0,credit card,in-store,2023-07-19,2023.0,7.0,19.0
2914953,cake,2.0,3.0,6.0,cash,in-store,2023-07-25,2023.0,7.0,25.0
6068148,cake,3.0,3.0,9.0,,in-store,2023-08-11,2023.0,8.0,11.0
1216051,cake,4.0,3.0,12.0,digital wallet,takeaway,2023-10-28,2023.0,10.0,28.0
3943327,juice,1.0,3.0,3.0,,,2023-05-20,2023.0,5.0,20.0
5268025,cookie,5.0,1.0,5.0,digital wallet,in-store,2023-05-19,2023.0,5.0,19.0
9952441,smoothie,1.0,4.0,4.0,cash,in-store,2023-09-05,2023.0,9.0,5.0
7354271,cookie,4.0,1.0,4.0,,in-store,2023-04-12,2023.0,4.0,12.0
3358494,coffee,5.0,2.0,10.0,digital wallet,takeaway,2023-06-22,2023.0,6.0,22.0
2966507,cookie,3.0,1.0,3.0,,in-store,2023-04-25,2023.0,4.0,25.0
9752586,tea,2.0,1.5,3.0,digital wallet,,2023-06-14,2023.0,6.0,14.0
1324968,cookie,3.0,1.0,3.0,credit card,in-store,2023-01-05,2023.0,1.0,5.0
8424417,smoothie,2.0,,,,takeaway,2023-10-21,2023.0,10.0,21.0
3985920,salad,5.0,5.0,25.0,digital wallet,in-store,2023-03-29,2023.0,3.0,29.0
7335526,sandwich,4.0,4.0,16.0,cash,in-store,2023-06-03,2023.0,6.0,3.0
5989987,smoothie,4.0,4.0,16.0,cash,,2023-08-02,2023.0,8.0,2.0
8132632,tea,3.0,1.5,4.5,,,2023-07-26,2023.0,7.0,26.0
2408294,sandwich,4.0,4.0,16.0,digital wallet,in-store,2023-12-26,2023.0,12.0,26.0
7380756,salad,1.0,5.0,5.0,digital wallet,takeaway,2023-10-16,2023.0,10.0,16.0
1145888,coffee,4.0,2.0,8.0,,,2023-01-26,2023.0,1.0,26.0
3845754,tea,4.0,1.5,6.0,,takeaway,2023-11-25,2023.0,11.0,25.0
1315214,tea,2.0,1.5,3.0,digital wallet,in-store,2023-11-03,2023.0,11.0,3.0
7602467,cookie,1.0,1.0,1.0,credit card,takeaway,2023-10-17,2023.0,10.0,17.0
1672708,salad,4.0,5.0,20.0,,,2023-04-04,2023.0,4.0,4.0
4979250,tea,3.0,1.5,4.5,cash,in-store,2023-11-01,2023.0,11.0,1.0
2809397,salad,2.0,5.0,10.0,digital wallet,takeaway,2023-09-13,2023.0,9.0,13.0
8752130,juice,2.0,3.0,6.0,credit card,takeaway,2023-10-23,2023.0,10.0,23.0
7326075,cookie,1.0,,,cash,,2023-06-12,2023.0,6.0,12.0
9134257,coffee,,2.0,,digital wallet,takeaway,2023-05-19,2023.0,5.0,19.0
9944832,coffee,3.0,2.0,6.0,,,2023-12-25,2023.0,12.0,25.0
8329302,juice,,3.0,,,takeaway,,,,
9639317,cake,3.0,3.0,9.0,cash,,2023-12-28,2023.0,12.0,28.0
7707761,tea,3.0,1.5,4.5,credit card,,2023-03-08,2023.0,3.0,8.0
3177517,,1.0,1.5,1.5,credit card,in-store,2023-02-22,2023.0,2.0,22.0
5353855,,3.0,4.0,12.0,credit card,takeaway,2023-12-24,2023.0,12.0,24.0
3106811,juice,3.0,3.0,9.0,cash,takeaway,2023-09-27,2023.0,9.0,27.0
3475342,juice,3.0,3.0,9.0,,in-store,2023-04-24,2023.0,4.0,24.0
8017663,coffee,2.0,2.0,4.0,,,2023-05-18,2023.0,5.0,18.0
6309965,cake,5.0,3.0,15.0,digital wallet,takeaway,2023-06-14,2023.0,6.0,14.0
7146871,coffee,,2.0,,,,2023-09-20,2023.0,9.0,20.0
2661443,juice,2.0,3.0,6.0,credit card,,2023-06-30,2023.0,6.0,30.0
6954434,juice,3.0,,,cash,takeaway,2023-02-23,2023.0,2.0,23.0
3578712,tea,5.0,,,credit card,,2023-08-15,2023.0,8.0,15.0
6131350,sandwich,2.0,,,credit card,,2023-09-28,2023.0,9.0,28.0
9207050,cookie,5.0,1.0,5.0,digital wallet,in-store,2023-07-21,2023.0,7.0,21.0
5351656,tea,1.0,1.5,1.5,,takeaway,2023-03-02,2023.0,3.0,2.0
8905718,tea,5.0,1.5,7.5,,in-store,2023-09-07,2023.0,9.0,7.0
1938148,cake,2.0,3.0,6.0,credit card,takeaway,2023-06-07,2023.0,6.0,7.0
2024598,sandwich,1.0,4.0,4.0,digital wallet,in-store,2023-01-01,2023.0,1.0,1.0
7145872,salad,5.0,5.0,25.0,digital wallet,takeaway,2023-04-15,2023.0,4.0,15.0
8140560,cake,5.0,3.0,15.0,,takeaway,2023-06-29,2023.0,6.0,29.0
6591756,cookie,5.0,1.0,5.0,,,2023-03-09,2023.0,3.0,9.0
9004306,coffee,4.0,2.0,8.0,credit card,in-store,2023-05-26,2023.0,5.0,26.0
7899686,,1.0,4.0,4.0,digital wallet,takeaway,2023-09-09,2023.0,9.0,9.0
7092761,salad,4.0,5.0,20.0,,,2023-05-11,2023.0,5.0,11.0
6360436,cake,2.0,3.0,6.0,digital wallet,takeaway,2023-09-13,2023.0,9.0,13.0
3295247,coffee,5.0,2.0,10.0,digital wallet,,2023-08-25,2023.0,8.0,25.0
5822344,sandwich,5.0,4.0,20.0,cash,in-store,2023-09-27,2023.0,9.0,27.0
4266069,coffee,1.0,2.0,2.0,,,2023-12-25,2023.0,12.0,25.0
9470768,smoothie,5.0,4.0,20.0,credit card,,2023-09-27,2023.0,9.0,27.0
1540181,tea,3.0,1.5,4.5,,takeaway,2023-08-17,2023.0,8.0,17.0
6688020,salad,5.0,5.0,25.0,,,2023-09-05,2023.0,9.0,5.0
4181147,coffee,4.0,2.0,8.0,,takeaway,2023-02-18,2023.0,2.0,18.0
7211792,tea,3.0,1.5,4.5,,takeaway,2023-11-27,2023.0,11.0,27.0
6568978,cake,3.0,3.0,9.0,digital wallet,,2023-03-12,2023.0,3.0,12.0
6670607,juice,5.0,3.0,15.0,,takeaway,2023-01-06,2023.0,1.0,6.0
9773606,tea,2.0,1.5,3.0,cash,takeaway,2023-12-04,2023.0,12.0,4.0
9762035,smoothie,1.0,4.0,4.0,cash,takeaway,2023-08-21,2023.0,8.0,21.0
4493661,sandwich,1.0,4.0,4.0,cash,,2023-07-08,2023.0,7.0,8.0
4617139,juice,4.0,,,,,2023-04-12,2023.0,4.0,12.0
5339625,smoothie,5.0,4.0,20.0,digital wallet,,2023-06-29,2023.0,6.0,29.0
9657636,cake,1.0,3.0,3.0,cash,takeaway,2023-07-08,2023.0,7.0,8.0
1375992,coffee,5.0,2.0,10.0,credit card,in-store,2023-03-23,2023.0,3.0,23.0
2077318,juice,2.0,3.0,6.0,digital wallet,in-store,2023-08-24,2023.0,8.0,24.0
8232653,salad,5.0,5.0,25.0,cash,,2023-04-21,2023.0,4.0,21.0
4624436,sandwich,1.0,4.0,4.0,,,2023-05-22,2023.0,5.0,22.0
6158865,cookie,1.0,1.0,1.0,digital wallet,,2023-11-27,2023.0,11.0,27.0
6148337,cookie,2.0,1.0,2.0,,in-store,2023-09-27,2023.0,9.0,27.0
9096951,smoothie,3.0,4.0,12.0,cash,takeaway,2023-06-28,2023.0,6.0,28.0
7080148,cake,3.0,3.0,9.0,,,2023-12-30,2023.0,12.0,30.0
4275169,salad,1.0,5.0,5.0,,takeaway,2023-06-27,2023.0,6.0,27.0
9005396,juice,4.0,3.0,12.0,cash,,2023-08-10,2023.0,8.0,10.0
2466036,coffee,5.0,2.0,10.0,,takeaway,2023-08-31,2023.0,8.0,31.0
1533790,cake,,3.0,,digital wallet,takeaway,2023-07-21,2023.0,7.0,21.0
7090165,sandwich,5.0,4.0,20.0,digital wallet,in-store,2023-08-30,2023.0,8.0,30.0
9533792,cookie,3.0,1.0,3.0,digital wallet,in-store,2023-09-01,2023.0,9.0,1.0
4995910,cake,5.0,3.0,15.0,,,2023-03-10,2023.0,3.0,10.0
9174916,coffee,3.0,2.0,6.0,credit card,,2023-06-21,2023.0,6.0,21.0
8121601,juice,4.0,3.0,12.0,,in-store,2023-07-02,2023.0,7.0,2.0
5882077,sandwich,3.0,4.0,12.0,,takeaway,2023-03-10,2023.0,3.0,10.0
3163681,sandwich,2.0,4.0,8.0,,,2023-05-11,2023.0,5.0,11.0
2849719,coffee,5.0,2.0,10.0,digital wallet,takeaway,2023-06-23,2023.0,6.0,23.0
9623460,sandwich,3.0,4.0,12.0,digital wallet,in-store,2023-01-17,2023.0,1.0,17.0
3359704,salad,3.0,5.0,15.0,digital wallet,in-store,2023-07-23,2023.0,7.0,23.0
7093219,smoothie,4.0,4.0,16.0,credit card,,2023-06-06,2023.0,6.0,6.0
2444408,sandwich,2.0,4.0,8.0,digital wallet,in-store,2023-05-11,2023.0,5.0,11.0
2475111,cookie,3.0,1.0,3.0,,takeaway,2023-03-31,2023.0,3.0,31.0
3296152,salad,3.0,5.0,15.0,credit card,in-store,2023-10-20,2023.0,10.0,20.0
5157855,salad,1.0,5.0,5.0,digital wallet,,2023-08-18,2023.0,8.0,18.0
2887411,smoothie,2.0,4.0,8.0,cash,in-store,2023-01-16,2023.0,1.0,16.0
7543369,tea,5.0,1.5,7.5,digital wallet,takeaway,2023-11-18,2023.0,11.0,18.0
9561441,tea,5.0,1.5,7.5,cash,in-store,2023-11-11,2023.0,11.0,11.0
5595584,smoothie,2.0,4.0,8.0,,in-store,2023-10-19,2023.0,10.0,19.0
1158197,coffee,2.0,2.0,4.0,,takeaway,2023-05-21,2023.0,5.0,21.0
3633955,sandwich,4.0,4.0,16.0,cash,in-store,2023-09-20,2023.0,9.0,20.0
2761949,salad,3.0,5.0,15.0,credit card,in-store,2023-10-01,2023.0,10.0,1.0
4967355,sandwich,2.0,4.0,8.0,,in-store,2023-04-25,2023.0,4.0,25.0
8062897,smoothie,2.0,4.0,8.0,digital wallet,takeaway,2023-10-02,2023.0,10.0,2.0
4831426,juice,4.0,3.0,12.0,credit card,,2023-02-27,2023.0,2.0,27.0
3995843,,3.0,4.0,12.0,,in-store,2023-12-31,2023.0,12.0,31.0
4284492,juice,3.0,3.0,9.0,,takeaway,2023-05-30,2023.0,5.0,30.0
9942634,tea,5.0,1.5,7.5,,takeaway,2023-01-17,2023.0,1.0,17.0
7104682,cookie,5.0,1.0,5.0,,takeaway,2023-08-31,2023.0,8.0,31.0
5745955,smoothie,4.0,4.0,16.0,credit card,,,,,
6866209,smoothie,5.0,4.0,20.0,digital wallet,in-store,2023-05-20,2023.0,5.0,20.0
7573801,cake,2.0,3.0,6.0,,in-store,2023-12-14,2023.0,12.0,14.0
9681880,coffee,3.0,2.0,6.0,cash,in-store,2023-03-21,2023.0,3.0,21.0
2559288,salad,4.0,5.0,20.0,credit card,,2023-12-27,2023.0,12.0,27.0
9188692,cake,,3.0,,credit card,,2023-12-01,2023.0,12.0,1.0
2936975,tea,1.0,1.5,1.5,digital wallet,takeaway,2023-10-05,2023.0,10.0,5.0
5027125,salad,3.0,5.0,15.0,cash,in-store,2023-07-06,2023.0,7.0,6.0
7433758,cookie,1.0,1.0,1.0,cash,,2023-06-09,2023.0,6.0,9.0
2092288,coffee,1.0,2.0,2.0,credit card,takeaway,2023-03-30,2023.0,3.0,30.0
5701303,coffee,1.0,2.0,2.0,digital wallet,takeaway,2023-09-08,2023.0,9.0,8.0
7323833,,3.0,4.0,12.0,credit card,,2023-04-09,2023.0,4.0,9.0
5161371,cake,2.0,3.0,6.0,credit card,in-store,2023-01-17,2023.0,1.0,17.0
6228918,cake,1.0,3.0,3.0,digital wallet,in-store,,,,
1132566,cake,3.0,3.0,9.0,cash,,2023-02-27,2023.0,2.0,27.0
3713527,cookie,4.0,1.0,4.0,,takeaway,2023-03-08,2023.0,3.0,8.0
1719440,cookie,5.0,1.0,5.0,digital wallet,takeaway,2023-07-13,2023.0,7.0,13.0
6273703,tea,2.0,1.5,3.0,credit card,,2023-12-24,2023.0,12.0,24.0
2050017,sandwich,4.0,4.0,16.0,,takeaway,2023-03-24,2023.0,3.0,24.0
6797827,sandwich,1.0,4.0,4.0,credit card,,2023-06-16,2023.0,6.0,16.0
6885626,cake,5.0,3.0,15.0,,in-store,2023-08-06,2023.0,8.0,6.0
3729074,salad,3.0,5.0,15.0,credit card,in-store,2023-04-15,2023.0,4.0,15.0
7418962,smoothie,4.0,4.0,16.0,cash,,2023-03-07,2023.0,3.0,7.0
7217537,salad,3.0,5.0,15.0,cash,in-store,2023-12-19,2023.0,12.0,19.0
7904970,tea,,1.5,,credit card,takeaway,2023-05-23,2023.0,5.0,23.0
8845592,sandwich,5.0,4.0,20.0,credit card,in-store,2023-11-12,2023.0,11.0,12.0
2402637,,2.0,4.0,8.0,,takeaway,2023-06-18,2023.0,6.0,18.0
2081985,coffee,2.0,2.0,4.0,digital wallet,,2023-03-24,2023.0,3.0,24.0
5664467,tea,4.0,1.5,6.0,digital wallet,takeaway,2023-11-06,2023.0,11.0,6.0
2275523,tea,4.0,1.5,6.0,digital wallet,,2023-09-02,2023.0,9.0,2.0
7230977,,5.0,3.0,15.0,,takeaway,2023-08-24,2023.0,8.0,24.0
6451747,salad,4.0,5.0,20.0,cash,,2023-05-23,2023.0,5.0,23.0
2680626,cake,3.0,3.0,9.0,cash,in-store,2023-01-08,2023.0,1.0,8.0
8668840,cake,5.0,3.0,15.0,digital wallet,,2023-10-03,2023.0,10.0,3.0
5390428,juice,2.0,3.0,6.0,,in-store,2023-11-25,2023.0,11.0,25.0
5009367,juice,3.0,3.0,9.0,credit card,in-store,2023-04-19,2023.0,4.0,19.0
5930921,cookie,2.0,1.0,2.0,digital wallet,takeaway,,,,
3067854,cake,1.0,3.0,3.0,credit card,,2023-07-08,2023.0,7.0,8.0
6401072,smoothie,4.0,4.0,16.0,cash,takeaway,2023-07-28,2023.0,7.0,28.0
6377597,cookie,1.0,1.0,1.0,,in-store,,,,
6799966,tea,4.0,1.5,6.0,digital wallet,,2023-03-03,2023.0,3.0,3.0
5080934,juice,,3.0,,cash,takeaway,2023-12-10,2023.0,12.0,10.0
8684125,salad,2.0,5.0,10.0,credit card,in-store,2023-03-08,2023.0,3.0,8.0
1647077,smoothie,2.0,4.0,8.0,,,2023-08-19,2023.0,8.0,19.0
9769782,smoothie,5.0,4.0,20.0,cash,takeaway,,,,
8167808,cake,3.0,3.0,9.0,cash,in-store,2023-02-03,2023.0,2.0,3.0
4541998,sandwich,,4.0,,,takeaway,2023-01-13,2023.0,1.0,13.0
3369789,sandwich,5.0,4.0,20.0,,,2023-04-15,2023.0,4.0,15.0
7973461,tea,3.0,1.5,4.5,,in-store,2023-04-11,2023.0,4.0,11.0
7753587,cake,1.0,3.0,3.0,credit card,takeaway,2023-03-28,2023.0,3.0,28.0
4490958,coffee,2.0,2.0,4.0,,,2023-03-30,2023.0,3.0,30.0
8715515,,5.0,3.0,15.0,credit card,takeaway,2023-07-23,2023.0,7.0,23.0
8242126,salad,4.0,5.0,20.0,digital wallet,in-store,2023-11-20,2023.0,11.0,20.0
2972659,tea,3.0,1.5,4.5,,,2023-12-16,2023.0,12.0,16.0
5685028,cake,5.0,3.0,15.0,digital wallet,takeaway,2023-08-12,2023.0,8.0,12.0
9835620,juice,2.0,3.0,6.0,,,2023-06-09,2023.0,6.0,9.0
9245124,tea,4.0,1.5,6.0,digital wallet,in-store,2023-04-19,2023.0,4.0,19.0
8619762,smoothie,4.0,4.0,16.0,cash,takeaway,2023-08-05,2023.0,8.0,5.0
5983031,juice,3.0,3.0,9.0,digital wallet,in-store,2023-03-09,2023.0,3.0,9.0
8730549,smoothie,4.0,4.0,16.0,,takeaway,2023-02-04,2023.0,2.0,4.0
6889867,sandwich,5.0,4.0,20.0,cash,,2023-03-07,2023.0,3.0,7.0
9035484,coffee,2.0,2.0,4.0,cash,,2023-06-29,2023.0,6.0,29.0
2505327,juice,2.0,3.0,6.0,,,,,,
9972525,coffee,4.0,2.0,8.0,,,2023-07-31,2023.0,7.0,31.0
3315026,juice,5.0,3.0,15.0,cash,,2023-11-06,2023.0,11.0,6.0
3613385,cookie,3.0,1.0,3.0,,takeaway,2023-05-26,2023.0,5.0,26.0
9629541,sandwich,5.0,4.0,20.0,digital wallet,,2023-12-18,2023.0,12.0,18.0
7503640,salad,3.0,5.0,15.0,digital wallet,,2023-11-04,2023.0,11.0,4.0
1135761,,3.0,3.0,9.0,digital wallet,,2023-01-30,2023.0,1.0,30.0
8558404,salad,,5.0,,digital wallet,in-store,2023-07-15,2023.0,7.0,15.0
8430735,juice,2.0,3.0,6.0,,,2023-10-25,2023.0,10.0,25.0
8279865,juice,1.0,,,cash,,2023-07-18,2023.0,7.0,18.0
5906520,salad,2.0,5.0,10.0,,,2023-01-31,2023.0,1.0,31.0
8250427,coffee,4.0,2.0,8.0,credit card,,2023-09-15,2023.0,9.0,15.0
9928337,juice,1.0,3.0,3.0,,takeaway,2023-11-05,2023.0,11.0,5.0
7008306,salad,2.0,5.0,10.0,,,2023-04-11,2023.0,4.0,11.0
5603538,juice,3.0,3.0,9.0,cash,,2023-02-15,2023.0,2.0,15.0
7368648,tea,1.0,1.5,1.5,digital wallet,in-store,2023-03-09,2023.0,3.0,9.0
6220542,juice,3.0,3.0,9.0,,takeaway,2023-03-24,2023.0,3.0,24.0
3299535,coffee,3.0,2.0,6.0,,takeaway,2023-11-16,2023.0,11.0,16.0
1217959,juice,2.0,3.0,6.0,digital wallet,takeaway,2023-07-28,2023.0,7.0,28.0
4390633,tea,2.0,1.5,3.0,,,2023-10-17,2023.0,10.0,17.0
5052998,juice,3.0,3.0,9.0,credit card,,2023-10-07,2023.0,10.0,7.0
5171332,tea,5.0,1.5,7.5,cash,takeaway,2023-02-05,2023.0,2.0,5.0
4798484,juice,3.0,3.0,9.0,,in-store,2023-08-09,2023.0,8.0,9.0
7905741,cookie,5.0,1.0,5.0,credit card,,2023-02-08,2023.0,2.0,8.0
6369875,tea,5.0,1.5,7.5,cash,,2023-10-04,2023.0,10.0,4.0
7840162,cookie,5.0,,,cash,takeaway,2023-02-27,2023.0,2.0,27.0
9069297,cookie,4.0,1.0,4.0,credit card,in-store,2023-01-27,2023.0,1.0,27.0
5017038,sandwich,3.0,4.0,12.0,,,2023-05-25,2023.0,5.0,25.0
6748453,sandwich,5.0,4.0,20.0,,in-store,2023-05-08,2023.0,5.0,8.0
1678985,juice,2.0,3.0,6.0,cash,in-store,2023-07-16,2023.0,7.0,16.0
6697669,cake,5.0,3.0,15.0,cash,,2023-01-03,2023.0,1.0,3.0
3131555,sandwich,2.0,4.0,8.0,cash,takeaway,2023-12-04,2023.0,12.0,4.0
1617029,,4.0,5.0,20.0,cash,takeaway,2023-05-15,2023.0,5.0,15.0
7785297,cookie,3.0,1.0,3.0,cash,,2023-12-06,2023.0,12.0,6.0
9432588,coffee,5.0,2.0,10.0,,,2023-07-26,2023.0,7.0,26.0
3313000,coffee,5.0,2.0,10.0,credit card,in-store,2023-01-08,2023.0,1.0,8.0
3120023,cookie,3.0,1.0,3.0,cash,in-store,2023-09-30,2023.0,9.0,30.0
7483257,sandwich,2.0,4.0,8.0,digital wallet,takeaway,2023-06-05,2023.0,6.0,5.0
3430842,cookie,2.0,1.0,2.0,cash,takeaway,2023-08-02,2023.0,8.0,2.0
9622300,salad,,5.0,,cash,takeaway,2023-06-23,2023.0,6.0,23.0
8822610,cake,4.0,3.0,12.0,,takeaway,2023-08-05,2023.0,8.0,5.0
8005089,salad,4.0,5.0,20.0,,,2023-06-10,2023.0,6.0,10.0
7009420,sandwich,5.0,4.0,20.0,,takeaway,2023-07-07,2023.0,7.0,7.0
5118667,coffee,4.0,2.0,8.0,cash,in-store,2023-12-12,2023.0,12.0,12.0
6533180,coffee,5.0,2.0,10.0,,takeaway,2023-05-03,2023.0,5.0,3.0
6989438,sandwich,4.0,4.0,16.0,cash,takeaway,2023-12-17,2023.0,12.0,17.0
3894820,sandwich,5.0,4.0,20.0,digital wallet,takeaway,,,,
7003185,tea,2.0,1.5,3.0,,,2023-06-03,2023.0,6.0,3.0
1139495,salad,3.0,5.0,15.0,digital wallet,,2023-02-19,2023.0,2.0,19.0
1256536,salad,1.0,5.0,5.0,,takeaway,2023-12-16,2023.0,12.0,16.0
6437055,cake,1.0,3.0,3.0,,,2023-10-22,2023.0,10.0,22.0
6212975,,1.0,4.0,4.0,credit card,takeaway,2023-06-08,2023.0,6.0,8.0
4223466,juice,4.0,3.0,12.0,digital wallet,takeaway,2023-05-31,2023.0,5.0,31.0
6684202,sandwich,1.0,4.0,4.0,,,2023-07-31,2023.0,7.0,31.0
7279066,,5.0,3.0,15.0,digital wallet,takeaway,2023-09-09,2023.0,9.0,9.0
5032114,sandwich,2.0,4.0,8.0,,,2023-05-31,2023.0,5.0,31.0
3411281,cake,2.0,3.0,6.0,,,2023-09-29,2023.0,9.0,29.0
6608817,sandwich,5.0,4.0,20.0,credit card,takeaway,2023-07-17,2023.0,7.0,17.0
4258943,sandwich,2.0,4.0,8.0,credit card,in-store,2023-01-02,2023.0,1.0,2.0
1897660,tea,3.0,1.5,4.5,digital wallet,in-store,,,,
9774691,cake,3.0,3.0,9.0,credit card,takeaway,2023-04-11,2023.0,4.0,11.0
8556230,,5.0,1.0,5.0,cash,in-store,2023-05-21,2023.0,5.0,21.0
1522430,smoothie,3.0,4.0,12.0,credit card,,2023-12-06,2023.0,12.0,6.0
2797077,,2.0,5.0,10.0,,takeaway,2023-07-04,2023.0,7.0,4.0
7666909,juice,4.0,3.0,12.0,credit card,takeaway,2023-08-29,2023.0,8.0,29.0
9365558,salad,4.0,5.0,20.0,credit card,takeaway,2023-02-12,2023.0,2.0,12.0
6837601,salad,1.0,5.0,5.0,digital wallet,takeaway,2023-02-05,2023.0,2.0,5.0
1713983,salad,2.0,5.0,10.0,cash,in-store,2023-05-11,2023.0,5.0,11.0
4674417,cookie,5.0,1.0,5.0,digital wallet,takeaway,2023-07-03,2023.0,7.0,3.0
4641838,cookie,5.0,1.0,5.0,credit card,,2023-04-30,2023.0,4.0,30.0
9315119,salad,2.0,5.0,10.0,,takeaway,2023-06-16,2023.0,6.0,16.0
2552405,juice,5.0,3.0,15.0,credit card,,2023-06-22,2023.0,6.0,22.0
3465980,cookie,4.0,1.0,4.0,cash,takeaway,2023-07-08,2023.0,7.0,8.0
4220189,tea,1.0,1.5,1.5,,takeaway,2023-08-16,2023.0,8.0,16.0
7343905,cake,1.0,3.0,3.0,digital wallet,in-store,2023-01-17,2023.0,1.0,17.0
9813938,sandwich,5.0,4.0,20.0,cash,,2023-06-30,2023.0,6.0,30.0
6129460,juice,5.0,3.0,15.0,cash,,2023-11-19,2023.0,11.0,19.0
9470590,salad,1.0,5.0,5.0,credit card,takeaway,2023-04-11,2023.0,4.0,11.0
7212607,coffee,3.0,2.0,6.0,digital wallet,in-store,2023-08-06,2023.0,8.0,6.0
8384628,salad,3.0,5.0,15.0,credit card,takeaway,2023-08-22,2023.0,8.0,22.0
4200340,cake,5.0,3.0,15.0,cash,takeaway,2023-07-06,2023.0,7.0,6.0
9349052,,4.0,3.0,12.0,cash,,2023-10-31,2023.0,10.0,31.0
9749434,cake,5.0,3.0,15.0,credit card,takeaway,,,,
2693584,cookie,,1.0,,,,2023-10-28,2023.0,10.0,28.0
4778105,juice,4.0,3.0,12.0,digital wallet,in-store,2023-10-08,2023.0,10.0,8.0
7804488,cookie,2.0,1.0,2.0,digital wallet,,2023-11-28,2023.0,11.0,28.0
4674667,coffee,2.0,2.0,4.0,,takeaway,2023-05-24,2023.0,5.0,24.0
8832852,sandwich,5.0,4.0,20.0,,takeaway,,,,
4278785,salad,3.0,5.0,15.0,cash,in-store,2023-04-29,2023.0,4.0,29.0
4462052,cookie,1.0,1.0,1.0,cash,in-store,2023-10-12,2023.0,10.0,12.0
3379368,cake,5.0,3.0,15.0,credit card,,2023-05-26,2023.0,5.0,26.0
7651864,smoothie,4.0,4.0,16.0,digital wallet,,2023-04-29,2023.0,4.0,29.0
7089173,juice,1.0,3.0,3.0,digital wallet,,2023-01-14,2023.0,1.0,14.0
1906642,cookie,4.0,1.0,4.0,,takeaway,2023-06-06,2023.0,6.0,6.0
5410349,,5.0,3.0,15.0,credit card,takeaway,2023-03-05,2023.0,3.0,5.0
5234368,coffee,3.0,2.0,6.0,digital wallet,,2023-06-10,2023.0,6.0,10.0
5544904,salad,5.0,5.0,25.0,,,2023-04-19,2023.0,4.0,19.0
3376958,salad,4.0,5.0,20.0,,in-store,2023-10-31,2023.0,10.0,31.0
5446085,coffee,3.0,2.0,6.0,digital wallet,,2023-09-16,2023.0,9.0,16.0
9676940,juice,2.0,3.0,6.0,credit card,takeaway,2023-08-16,2023.0,8.0,16.0
2371941,juice,2.0,3.0,6.0,cash,,2023-01-26,2023.0,1.0,26.0
8980774,tea,4.0,1.5,6.0,,in-store,,,,
5708913,cake,2.0,3.0,6.0,cash,in-store,2023-04-29,2023.0,4.0,29.0
6310726,,3.0,1.0,3.0,credit card,,2023-03-30,2023.0,3.0,30.0
4096816,,3.0,2.0,6.0,digital wallet,takeaway,2023-11-02,2023.0,11.0,2.0
7451083,coffee,1.0,2.0,2.0,digital wallet,,2023-06-24,2023.0,6.0,24.0
5132082,salad,5.0,5.0,25.0,,,2023-10-08,2023.0,10.0,8.0
7323040,cookie,3.0,1.0,3.0,,takeaway,2023-11-09,2023.0,11.0,9.0
9176418,smoothie,1.0,4.0,4.0,digital wallet,takeaway,2023-03-02,2023.0,3.0,2.0
9702662,,4.0,,,,takeaway,2023-07-10,2023.0,7.0,10.0
7612618,smoothie,4.0,4.0,16.0,credit card,,2023-04-12,2023.0,4.0,12.0
7321789,juice,3.0,3.0,9.0,digital wallet,takeaway,2023-05-10,2023.0,5.0,10.0
3679126,cookie,1.0,1.0,1.0,cash,,2023-07-15,2023.0,7.0,15.0
2008137,coffee,4.0,2.0,8.0,,,2023-10-07,2023.0,10.0,7.0
2622670,cake,5.0,3.0,15.0,digital wallet,,2023-01-28,2023.0,1.0,28.0
4791105,,3.0,4.0,12.0,,takeaway,2023-05-18,2023.0,5.0,18.0
6882819,,1.0,3.0,3.0,cash,,2023-08-21,2023.0,8.0,21.0
2152670,tea,3.0,1.5,4.5,credit card,in-store,2023-12-24,2023.0,12.0,24.0
3482117,sandwich,2.0,4.0,8.0,,,2023-07-18,2023.0,7.0,18.0
1843989,,5.0,1.0,5.0,,takeaway,2023-07-19,2023.0,7.0,19.0
4943715,coffee,5.0,2.0,10.0,digital wallet,,2023-10-06,2023.0,10.0,6.0
8571836,juice,3.0,,,cash,,2023-12-27,2023.0,12.0,27.0
2544176,tea,3.0,1.5,4.5,,takeaway,2023-12-19,2023.0,12.0,19.0
1589264,,2.0,5.0,10.0,cash,,2023-07-26,2023.0,7.0,26.0
1379209,tea,5.0,1.5,7.5,,in-store,2023-02-06,2023.0,2.0,6.0
2515920,,3.0,3.0,9.0,cash,in-store,2023-10-02,2023.0,10.0,2.0
6496099,coffee,,2.0,,digital wallet,,2023-07-21,2023.0,7.0,21.0
8696065,smoothie,3.0,4.0,12.0,credit card,in-store,2023-11-04,2023.0,11.0,4.0
4746320,cookie,2.0,1.0,2.0,,takeaway,2023-04-02,2023.0,4.0,2.0
1250407,cookie,1.0,1.0,1.0,credit card,takeaway,2023-11-21,2023.0,11.0,21.0
1617476,cake,2.0,3.0,6.0,digital wallet,in-store,2023-02-10,2023.0,2.0,10.0
4196578,tea,2.0,1.5,3.0,credit card,,2023-06-26,2023.0,6.0,26.0
9725461,smoothie,3.0,4.0,12.0,credit card,in-store,2023-11-25,2023.0,11.0,25.0
2975443,salad,5.0,5.0,25.0,,takeaway,2023-12-31,2023.0,12.0,31.0
1000555,tea,1.0,1.5,1.5,credit card,in-store,2023-10-19,2023.0,10.0,19.0
1622411,salad,2.0,5.0,10.0,,takeaway,2023-07-23,2023.0,7.0,23.0
9429128,coffee,,2.0,,credit card,in-store,2023-12-19,2023.0,12.0,19.0
1056277,cookie,,1.0,,,,2023-02-06,2023.0,2.0,6.0
4801617,juice,5.0,3.0,15.0,,,2023-04-02,2023.0,4.0,2.0
1365285,juice,5.0,3.0,15.0,credit card,,2023-06-11,2023.0,6.0,11.0
3189677,smoothie,,4.0,,,,2023-01-11,2023.0,1.0,11.0
3375399,cookie,,1.0,,digital wallet,takeaway,2023-05-21,2023.0,5.0,21.0
9315755,cake,5.0,3.0,15.0,cash,takeaway,2023-09-26,2023.0,9.0,26.0
6853678,cookie,4.0,1.0,4.0,digital wallet,,2023-07-23,2023.0,7.0,23.0
6530886,coffee,1.0,2.0,2.0,credit card,,2023-10-21,2023.0,10.0,21.0
3530720,smoothie,5.0,4.0,20.0,digital wallet,in-store,2023-10-18,2023.0,10.0,18.0
3716067,tea,5.0,1.5,7.5,credit card,in-store,,,,
1410102,salad,1.0,5.0,5.0,cash,in-store,2023-06-23,2023.0,6.0,23.0
6977098,juice,5.0,3.0,15.0,credit card,in-store,2023-06-09,2023.0,6.0,9.0
7735237,cake,2.0,3.0,6.0,digital wallet,in-store,2023-01-13,2023.0,1.0,13.0
7510766,coffee,3.0,2.0,6.0,,in-store,2023-07-24,2023.0,7.0,24.0
3352256,sandwich,2.0,4.0,8.0,,takeaway,2023-09-08,2023.0,9.0,8.0
8494538,cake,4.0,3.0,12.0,,,2023-11-08,2023.0,11.0,8.0
8676769,salad,,5.0,,digital wallet,in-store,2023-06-16,2023.0,6.0,16.0
5282529,tea,5.0,1.5,7.5,credit card,takeaway,2023-04-13,2023.0,4.0,13.0
9495930,coffee,2.0,2.0,4.0,digital wallet,takeaway,2023-10-23,2023.0,10.0,23.0
3514492,juice,3.0,3.0,9.0,digital wallet,in-store,2023-02-23,2023.0,2.0,23.0
1349215,,,4.0,,digital wallet,,2023-02-06,2023.0,2.0,6.0
7223646,cookie,,1.0,,credit card,,2023-09-19,2023.0,9.0,19.0
4033982,,2.0,1.5,3.0,credit card,takeaway,2023-01-04,2023.0,1.0,4.0
1842697,,5.0,,,,,2023-10-25,2023.0,10.0,25.0
4227337,tea,4.0,1.5,6.0,digital wallet,takeaway,2023-12-15,2023.0,12.0,15.0
5790213,juice,3.0,3.0,9.0,cash,,2023-08-30,2023.0,8.0,30.0
3546261,tea,3.0,1.5,4.5,,takeaway,2023-03-20,2023.0,3.0,20.0
7119228,,4.0,3.0,12.0,digital wallet,,2023-10-09,2023.0,10.0,9.0
3334257,sandwich,2.0,4.0,8.0,cash,,2023-06-10,2023.0,6.0,10.0
5665767,tea,4.0,1.5,6.0,,,2023-08-22,2023.0,8.0,22.0
4527464,tea,4.0,1.5,6.0,,in-store,2023-08-09,2023.0,8.0,9.0
1011236,cake,1.0,3.0,3.0,cash,in-store,2023-02-08,2023.0,2.0,8.0
8293691,coffee,4.0,2.0,8.0,,,2023-06-30,2023.0,6.0,30.0
7463011,sandwich,2.0,4.0,8.0,,in-store,2023-01-22,2023.0,1.0,22.0
6872268,juice,2.0,3.0,6.0,digital wallet,in-store,2023-01-07,2023.0,1.0,7.0
3999554,coffee,1.0,2.0,2.0,credit card,takeaway,2023-09-13,2023.0,9.0,13.0
9942247,coffee,2.0,2.0,4.0,cash,takeaway,2023-10-15,2023.0,10.0,15.0
3687300,cookie,2.0,1.0,2.0,credit card,in-store,,,,
6113452,sandwich,2.0,4.0,8.0,cash,takeaway,2023-09-21,2023.0,9.0,21.0
1752617,tea,5.0,1.5,7.5,,takeaway,2023-09-05,2023.0,9.0,5.0
1949789,salad,2.0,5.0,10.0,,takeaway,2023-11-07,2023.0,11.0,7.0
7386089,sandwich,2.0,4.0,8.0,,in-store,2023-07-15,2023.0,7.0,15.0
6751134,sandwich,3.0,,,,,2023-01-12,2023.0,1.0,12.0
2731270,cake,1.0,3.0,3.0,,takeaway,2023-05-31,2023.0,5.0,31.0
8830813,coffee,,2.0,,cash,in-store,2023-06-18,2023.0,6.0,18.0
2548248,cake,4.0,3.0,12.0,,takeaway,2023-06-28,2023.0,6.0,28.0
3026930,cake,2.0,3.0,6.0,cash,in-store,2023-03-23,2023.0,3.0,23.0
2824366,sandwich,4.0,4.0,16.0,,in-store,2023-07-02,2023.0,7.0,2.0
2801651,juice,4.0,3.0,12.0,digital wallet,takeaway,2023-07-10,2023.0,7.0,10.0
5005592,coffee,1.0,2.0,2.0,credit card,in-store,2023-06-05,2023.0,6.0,5.0
8284313,salad,5.0,5.0,25.0,,,2023-11-20,2023.0,11.0,20.0
8058026,tea,1.0,1.5,1.5,,takeaway,2023-05-19,2023.0,5.0,19.0
2182790,tea,5.0,1.5,7.5,credit card,takeaway,2023-05-05,2023.0,5.0,5.0
7251929,,2.0,5.0,10.0,digital wallet,in-store,2023-01-31,2023.0,1.0,31.0
2145530,sandwich,3.0,4.0,12.0,digital wallet,,2023-10-08,2023.0,10.0,8.0
4159861,juice,1.0,3.0,3.0,digital wallet,,2023-03-20,2023.0,3.0,20.0
4600614,sandwich,3.0,4.0,12.0,digital wallet,takeaway,2023-01-27,2023.0,1.0,27.0
1853298,cookie,5.0,1.0,5.0,credit card,,2023-01-02,2023.0,1.0,2.0
6600858,sandwich,3.0,4.0,12.0,cash,,2023-03-27,2023.0,3.0,27.0
7494793,smoothie,5.0,,,,takeaway,2023-12-29,2023.0,12.0,29.0
3968170,salad,1.0,5.0,5.0,,in-store,2023-08-05,2023.0,8.0,5.0
4628310,juice,4.0,3.0,12.0,credit card,takeaway,2023-04-20,2023.0,4.0,20.0
6110009,juice,5.0,3.0,15.0,,takeaway,2023-12-26,2023.0,12.0,26.0
8996187,salad,2.0,,,credit card,in-store,2023-09-28,2023.0,9.0,28.0
3544792,sandwich,1.0,4.0,4.0,digital wallet,,2023-06-27,2023.0,6.0,27.0
2353057,cake,3.0,3.0,9.0,,takeaway,2023-08-04,2023.0,8.0,4.0
6013295,juice,2.0,3.0,6.0,cash,takeaway,2023-11-07,2023.0,11.0,7.0
3200195,juice,3.0,3.0,9.0,digital wallet,in-store,2023-05-04,2023.0,5.0,4.0
4860027,cookie,5.0,1.0,5.0,digital wallet,takeaway,2023-07-28,2023.0,7.0,28.0
3509437,,4.0,4.0,16.0,,in-store,2023-12-06,2023.0,12.0,6.0
5442505,cake,4.0,,,digital wallet,takeaway,2023-09-07,2023.0,9.0,7.0
4708410,cake,4.0,3.0,12.0,digital wallet,in-store,2023-10-08,2023.0,10.0,8.0
4847617,sandwich,4.0,4.0,16.0,credit card,,2023-08-04,2023.0,8.0,4.0
1898329,cake,5.0,3.0,15.0,cash,in-store,2023-04-12,2023.0,4.0,12.0
2508266,cookie,1.0,1.0,1.0,,,2023-01-28,2023.0,1.0,28.0
1945918,juice,2.0,3.0,6.0,,,2023-09-12,2023.0,9.0,12.0
8147057,juice,1.0,3.0,3.0,digital wallet,in-store,2023-08-21,2023.0,8.0,21.0
9546556,,5.0,3.0,15.0,cash,in-store,2023-08-18,2023.0,8.0,18.0
4935258,cake,2.0,3.0,6.0,credit card,,2023-09-14,2023.0,9.0,14.0
5588239,cookie,1.0,1.0,1.0,digital wallet,takeaway,2023-03-31,2023.0,3.0,31.0
6575599,coffee,5.0,2.0,10.0,digital wallet,takeaway,2023-10-09,2023.0,10.0,9.0
9382156,tea,5.0,1.5,7.5,,takeaway,2023-06-02,2023.0,6.0,2.0
1229376,cake,3.0,3.0,9.0,digital wallet,in-store,2023-08-14,2023.0,8.0,14.0
1732216,coffee,3.0,2.0,6.0,digital wallet,takeaway,2023-08-30,2023.0,8.0,30.0
1756717,smoothie,3.0,4.0,12.0,credit card,,2023-01-22,2023.0,1.0,22.0
8188857,cake,1.0,3.0,3.0,,,2023-12-21,2023.0,12.0,21.0
9783697,sandwich,1.0,4.0,4.0,digital wallet,takeaway,2023-07-14,2023.0,7.0,14.0
6991253,juice,3.0,3.0,9.0,,in-store,2023-12-13,2023.0,12.0,13.0
7177487,tea,,1.5,,credit card,,2023-09-07,2023.0,9.0,7.0
8444245,,1.0,3.0,3.0,cash,,2023-01-30,2023.0,1.0,30.0
3224756,cake,2.0,3.0,6.0,credit card,takeaway,2023-11-20,2023.0,11.0,20.0
3421456,cake,,3.0,,,,2023-09-05,2023.0,9.0,5.0
9421618,cake,3.0,3.0,9.0,cash,,2023-02-21,2023.0,2.0,21.0
9054741,juice,1.0,3.0,3.0,credit card,takeaway,2023-06-24,2023.0,6.0,24.0
9063299,cake,4.0,3.0,12.0,digital wallet,in-store,2023-06-15,2023.0,6.0,15.0
4318159,coffee,4.0,2.0,8.0,digital wallet,,2023-03-30,2023.0,3.0,30.0
8127390,tea,3.0,1.5,4.5,,in-store,2023-01-19,2023.0,1.0,19.0
9682798,cake,3.0,3.0,9.0,cash,in-store,2023-09-15,2023.0,9.0,15.0
9716971,salad,4.0,5.0,20.0,digital wallet,,2023-06-21,2023.0,6.0,21.0
7827797,salad,3.0,5.0,15.0,,takeaway,2023-06-30,2023.0,6.0,30.0
4343391,cookie,5.0,1.0,5.0,cash,takeaway,2023-06-01,2023.0,6.0,1.0
6877186,cookie,2.0,1.0,2.0,credit card,in-store,2023-12-05,2023.0,12.0,5.0
8162049,sandwich,1.0,4.0,4.0,digital wallet,,,,,
6559173,smoothie,5.0,4.0,20.0,,,2023-08-09,2023.0,8.0,9.0
9818498,smoothie,3.0,4.0,12.0,credit card,takeaway,2023-09-01,2023.0,9.0,1.0
2520102,coffee,1.0,2.0,2.0,digital wallet,,2023-03-08,2023.0,3.0,8.0
9155044,sandwich,3.0,4.0,12.0,credit card,in-store,2023-02-28,2023.0,2.0,28.0
5625110,salad,3.0,5.0,15.0,digital wallet,takeaway,2023-11-07,2023.0,11.0,7.0
3923375,cake,5.0,3.0,15.0,credit card,,,,,
8706498,smoothie,5.0,4.0,20.0,,,2023-05-08,2023.0,5.0,8.0
1188596,juice,1.0,3.0,3.0,cash,,2023-10-24,2023.0,10.0,24.0
8085790,cookie,4.0,1.0,4.0,cash,takeaway,2023-10-27,2023.0,10.0,27.0
3113823,salad,5.0,,,digital wallet,in-store,2023-03-01,2023.0,3.0,1.0
3423451,salad,4.0,5.0,20.0,cash,,2023-10-11,2023.0,10.0,11.0
8010863,coffee,2.0,2.0,4.0,,,2023-06-30,2023.0,6.0,30.0
6154626,smoothie,5.0,4.0,20.0,,takeaway,2023-05-06,2023.0,5.0,6.0
5841004,cookie,2.0,,,credit card,in-store,2023-04-28,2023.0,4.0,28.0
2886223,sandwich,5.0,4.0,20.0,credit card,,2023-07-24,2023.0,7.0,24.0
6047742,smoothie,5.0,4.0,20.0,digital wallet,in-store,2023-12-11,2023.0,12.0,11.0
5086795,salad,1.0,5.0,5.0,cash,in-store,2023-04-29,2023.0,4.0,29.0
1943186,salad,2.0,5.0,10.0,cash,in-store,2023-12-16,2023.0,12.0,16.0
9600016,cookie,4.0,1.0,4.0,,takeaway,2023-05-06,2023.0,5.0,6.0
7397017,salad,3.0,5.0,15.0,digital wallet,takeaway,,,,
4305997,tea,3.0,1.5,4.5,,in-store,2023-11-22,2023.0,11.0,22.0
4364374,sandwich,2.0,4.0,8.0,cash,,2023-04-20,2023.0,4.0,20.0
7031347,,4.0,3.0,12.0,credit card,takeaway,2023-06-09,2023.0,6.0,9.0
9703331,cake,2.0,3.0,6.0,cash,,2023-09-09,2023.0,9.0,9.0
3851247,cake,1.0,3.0,3.0,credit card,in-store,2023-11-23,2023.0,11.0,23.0
6666679,juice,2.0,3.0,6.0,digital wallet,,2023-08-25,2023.0,8.0,25.0
5683213,smoothie,2.0,4.0,8.0,credit card,in-store,2023-10-30,2023.0,10.0,30.0
2052609,cake,4.0,,,credit card,takeaway,2023-06-23,2023.0,6.0,23.0
6557825,tea,,1.5,,,,2023-05-07,2023.0,5.0,7.0
6228999,cookie,5.0,1.0,5.0,,,2023-02-07,2023.0,2.0,7.0
4226287,cookie,1.0,1.0,1.0,,,2023-04-29,2023.0,4.0,29.0
9868053,juice,3.0,3.0,9.0,digital wallet,in-store,,,,
2570829,juice,1.0,3.0,3.0,cash,takeaway,2023-03-31,2023.0,3.0,31.0
7433531,sandwich,2.0,4.0,8.0,,takeaway,2023-08-16,2023.0,8.0,16.0
5190685,cookie,4.0,1.0,4.0,cash,takeaway,2023-11-12,2023.0,11.0,12.0
4526296,smoothie,5.0,4.0,20.0,,takeaway,2023-11-23,2023.0,11.0,23.0
5137315,salad,,5.0,,credit card,in-store,2023-01-05,2023.0,1.0,5.0
6513435,juice,3.0,3.0,9.0,,takeaway,2023-08-16,2023.0,8.0,16.0
8337899,cookie,1.0,1.0,1.0,digital wallet,,2023-11-10,2023.0,11.0,10.0
2245787,salad,4.0,5.0,20.0,,takeaway,2023-10-29,2023.0,10.0,29.0
9203396,coffee,5.0,2.0,10.0,digital wallet,in-store,2023-01-08,2023.0,1.0,8.0
9352671,sandwich,2.0,4.0,8.0,cash,takeaway,2023-02-10,2023.0,2.0,10.0
6391414,smoothie,4.0,4.0,16.0,cash,in-store,2023-05-08,2023.0,5.0,8.0
2613440,juice,3.0,3.0,9.0,credit card,in-store,2023-04-15,2023.0,4.0,15.0
5632564,cookie,1.0,1.0,1.0,credit card,,2023-11-04,2023.0,11.0,4.0
4175122,,4.0,2.0,8.0,digital wallet,in-store,2023-09-29,2023.0,9.0,29.0
3475075,cake,3.0,,,cash,takeaway,,,,
4759797,salad,3.0,5.0,15.0,,in-store,,,,
4704439,coffee,3.0,2.0,6.0,cash,,2023-06-14,2023.0,6.0,14.0
3292043,cookie,5.0,,,,,,,,
2666340,cake,2.0,3.0,6.0,cash,takeaway,2023-09-29,2023.0,9.0,29.0
8004162,salad,5.0,5.0,25.0,,,2023-11-04,2023.0,11.0,4.0
6539480,cake,5.0,3.0,15.0,cash,takeaway,2023-08-25,2023.0,8.0,25.0
1993002,,4.0,3.0,12.0,,takeaway,2023-03-30,2023.0,3.0,30.0
5024094,tea,1.0,,,credit card,,2023-02-20,2023.0,2.0,20.0
7399898,juice,3.0,3.0,9.0,,,2023-02-19,2023.0,2.0,19.0
7675213,,,4.0,,digital wallet,in-store,2023-03-08,2023.0,3.0,8.0
5180728,tea,2.0,1.5,3.0,,in-store,2023-09-01,2023.0,9.0,1.0
1442791,tea,1.0,1.5,1.5,,,2023-03-23,2023.0,3.0,23.0
7169607,cake,2.0,3.0,6.0,credit card,,2023-04-10,2023.0,4.0,10.0
8157817,tea,2.0,1.5,3.0,credit card,takeaway,2023-08-30,2023.0,8.0,30.0
9105544,tea,3.0,1.5,4.5,,in-store,2023-07-08,2023.0,7.0,8.0
7620529,sandwich,2.0,4.0,8.0,cash,in-store,2023-08-08,2023.0,8.0,8.0
1491670,juice,5.0,3.0,15.0,credit card,takeaway,2023-06-28,2023.0,6.0,28.0
8041777,cake,1.0,3.0,3.0,cash,,2023-11-23,2023.0,11.0,23.0
2366464,juice,1.0,3.0,3.0,cash,takeaway,2023-06-05,2023.0,6.0,5.0
7994275,smoothie,3.0,4.0,12.0,credit card,in-store,2023-09-18,2023.0,9.0,18.0
6034920,cookie,1.0,1.0,1.0,credit card,in-store,2023-09-09,2023.0,9.0,9.0
4673812,cookie,2.0,1.0,2.0,digital wallet,takeaway,2023-05-01,2023.0,5.0,1.0
3577949,cake,3.0,,,,takeaway,2023-04-25,2023.0,4.0,25.0
4503560,cake,5.0,3.0,15.0,digital wallet,,2023-02-21,2023.0,2.0,21.0
6543620,cookie,2.0,1.0,2.0,cash,takeaway,2023-04-08,2023.0,4.0,8.0
5071222,cookie,5.0,1.0,5.0,digital wallet,,2023-10-25,2023.0,10.0,25.0
1605048,cake,4.0,3.0,12.0,cash,takeaway,2023-03-16,2023.0,3.0,16.0
9907306,,3.0,1.0,3.0,digital wallet,takeaway,2023-09-06,2023.0,9.0,6.0
2401829,smoothie,5.0,4.0,20.0,digital wallet,takeaway,2023-02-07,2023.0,2.0,7.0
8359674,salad,3.0,5.0,15.0,,takeaway,2023-10-16,2023.0,10.0,16.0
1937611,tea,2.0,,,credit card,takeaway,2023-11-02,2023.0,11.0,2.0
5438111,smoothie,3.0,4.0,12.0,cash,in-store,2023-01-06,2023.0,1.0,6.0
1442771,,1.0,3.0,3.0,,,2023-04-25,2023.0,4.0,25.0
5793057,sandwich,3.0,4.0,12.0,credit card,in-store,2023-02-25,2023.0,2.0,25.0
1778597,cookie,3.0,1.0,3.0,cash,,2023-09-28,2023.0,9.0,28.0
4076631,,4.0,3.0,12.0,cash,in-store,2023-07-21,2023.0,7.0,21.0
1660757,cake,4.0,3.0,12.0,digital wallet,takeaway,2023-11-08,2023.0,11.0,8.0
7540909,tea,2.0,1.5,3.0,digital wallet,,2023-02-20,2023.0,2.0,20.0
1469462,cake,1.0,3.0,3.0,credit card,takeaway,2023-09-05,2023.0,9.0,5.0
4745094,tea,5.0,1.5,7.5,credit card,,2023-12-05,2023.0,12.0,5.0
3711712,salad,5.0,5.0,25.0,digital wallet,in-store,2023-08-20,2023.0,8.0,20.0
7909509,smoothie,3.0,4.0,12.0,,takeaway,2023-10-10,2023.0,10.0,10.0
8577850,tea,,1.5,,,,2023-07-10,2023.0,7.0,10.0
1268480,salad,5.0,5.0,25.0,cash,in-store,2023-04-18,2023.0,4.0,18.0
6579974,sandwich,5.0,4.0,20.0,digital wallet,,2023-05-10,2023.0,5.0,10.0
6957331,juice,3.0,3.0,9.0,digital wallet,,2023-01-23,2023.0,1.0,23.0
7796731,juice,,3.0,,,in-store,2023-06-09,2023.0,6.0,9.0
7218914,,1.0,5.0,5.0,digital wallet,in-store,2023-01-11,2023.0,1.0,11.0
4869107,smoothie,3.0,4.0,12.0,digital wallet,in-store,2023-01-30,2023.0,1.0,30.0
2027203,coffee,3.0,2.0,6.0,credit card,,2023-07-15,2023.0,7.0,15.0
6149748,salad,3.0,5.0,15.0,credit card,,2023-07-06,2023.0,7.0,6.0
1633563,,4.0,4.0,16.0,digital wallet,in-store,2023-02-05,2023.0,2.0,5.0
3088330,tea,5.0,1.5,7.5,digital wallet,in-store,2023-12-08,2023.0,12.0,8.0
5001766,smoothie,1.0,4.0,4.0,digital wallet,,2023-05-24,2023.0,5.0,24.0
5634960,tea,2.0,1.5,3.0,,takeaway,2023-09-06,2023.0,9.0,6.0
6280724,coffee,3.0,2.0,6.0,credit card,,2023-05-02,2023.0,5.0,2.0
7650834,salad,2.0,5.0,10.0,cash,takeaway,2023-10-29,2023.0,10.0,29.0
4107857,tea,1.0,1.5,1.5,credit card,takeaway,2023-01-29,2023.0,1.0,29.0
2052771,tea,4.0,1.5,6.0,digital wallet,takeaway,,,,
4635037,juice,1.0,3.0,3.0,digital wallet,in-store,2023-05-17,2023.0,5.0,17.0
2160119,,5.0,4.0,20.0,cash,,2023-12-27,2023.0,12.0,27.0
9103776,tea,4.0,1.5,6.0,credit card,in-store,2023-05-03,2023.0,5.0,3.0
7538221,cake,5.0,3.0,15.0,credit card,takeaway,2023-03-31,2023.0,3.0,31.0
4565754,smoothie,,4.0,,digital wallet,takeaway,2023-10-06,2023.0,10.0,6.0
8807333,sandwich,5.0,4.0,20.0,digital wallet,in-store,2023-03-18,2023.0,3.0,18.0
8006056,juice,4.0,3.0,12.0,credit card,takeaway,2023-12-19,2023.0,12.0,19.0
2216532,tea,3.0,1.5,4.5,cash,,2023-12-27,2023.0,12.0,27.0
6553720,coffee,4.0,2.0,8.0,,in-store,2023-02-02,2023.0,2.0,2.0
5828907,cookie,5.0,1.0,5.0,digital wallet,,2023-05-13,2023.0,5.0,13.0
2336248,cake,,3.0,,,takeaway,2023-10-19,2023.0,10.0,19.0
3321611,,3.0,4.0,12.0,,takeaway,2023-09-09,2023.0,9.0,9.0
6022618,smoothie,1.0,4.0,4.0,digital wallet,in-store,2023-12-18,2023.0,12.0,18.0
1665810,sandwich,5.0,4.0,20.0,digital wallet,in-store,2023-02-26,2023.0,2.0,26.0
1399696,cake,5.0,3.0,15.0,cash,in-store,2023-04-08,2023.0,4.0,8.0
9154381,cookie,2.0,1.0,2.0,credit card,in-store,2023-04-21,2023.0,4.0,21.0
5333966,juice,4.0,3.0,12.0,,in-store,2023-06-11,2023.0,6.0,11.0
8361813,cookie,3.0,1.0,3.0,cash,in-store,2023-08-01,2023.0,8.0,1.0
9841222,sandwich,5.0,4.0,20.0,credit card,,2023-04-23,2023.0,4.0,23.0
4754346,juice,4.0,3.0,12.0,credit card,in-store,2023-08-31,2023.0,8.0,31.0
5910268,salad,4.0,5.0,20.0,,takeaway,2023-07-04,2023.0,7.0,4.0
9433806,coffee,1.0,2.0,2.0,,,,,,
5227574,juice,4.0,3.0,12.0,digital wallet,,2023-04-10,2023.0,4.0,10.0
5485774,coffee,2.0,2.0,4.0,credit card,,2023-07-20,2023.0,7.0,20.0
6504165,juice,3.0,,,cash,takeaway,2023-02-13,2023.0,2.0,13.0
6297232,coffee,,2.0,,,,2023-04-07,2023.0,4.0,7.0
2391659,tea,5.0,1.5,7.5,,,2023-02-16,2023.0,2.0,16.0
8964493,smoothie,1.0,4.0,4.0,cash,,2023-02-10,2023.0,2.0,10.0
1931832,,4.0,4.0,16.0,credit card,,2023-05-07,2023.0,5.0,7.0
4939667,salad,1.0,5.0,5.0,cash,takeaway,2023-01-23,2023.0,1.0,23.0
7126803,sandwich,5.0,4.0,20.0,digital wallet,takeaway,2023-05-24,2023.0,5.0,24.0
9649878,cake,5.0,3.0,15.0,cash,,2023-12-24,2023.0,12.0,24.0
5086063,juice,3.0,3.0,9.0,digital wallet,takeaway,2023-09-28,2023.0,9.0,28.0
5026564,smoothie,3.0,4.0,12.0,cash,,2023-09-12,2023.0,9.0,12.0
9680054,cake,3.0,3.0,9.0,,in-store,2023-03-14,2023.0,3.0,14.0
7299015,coffee,5.0,2.0,10.0,,takeaway,2023-12-02,2023.0,12.0,2.0
6040824,sandwich,1.0,4.0,4.0,cash,,2023-01-07,2023.0,1.0,7.0
4520062,,2.0,1.5,3.0,,in-store,2023-01-10,2023.0,1.0,10.0
5889049,cookie,2.0,1.0,2.0,,in-store,2023-07-14,2023.0,7.0,14.0
1177438,salad,4.0,5.0,20.0,,takeaway,2023-08-21,2023.0,8.0,21.0
6345691,,5.0,4.0,20.0,credit card,,2023-09-03,2023.0,9.0,3.0
6523635,,2.0,5.0,10.0,,takeaway,2023-04-22,2023.0,4.0,22.0
7494217,cookie,1.0,1.0,1.0,cash,in-store,,,,
6854151,sandwich,3.0,4.0,12.0,credit card,in-store,2023-02-07,2023.0,2.0,7.0
6862075,,3.0,3.0,9.0,credit card,in-store,2023-08-13,2023.0,8.0,13.0
9202272,sandwich,3.0,4.0,12.0,,,2023-11-29,2023.0,11.0,29.0
8620934,cookie,5.0,1.0,5.0,,in-store,2023-09-10,2023.0,9.0,10.0
8133627,cake,5.0,3.0,15.0,cash,in-store,2023-08-15,2023.0,8.0,15.0
5777224,tea,3.0,1.5,4.5,,,2023-09-16,2023.0,9.0,16.0
1895899,smoothie,4.0,,,credit card,in-store,2023-07-17,2023.0,7.0,17.0
3658211,cake,,3.0,,cash,takeaway,2023-04-02,2023.0,4.0,2.0
5117140,cookie,5.0,1.0,5.0,digital wallet,takeaway,2023-08-17,2023.0,8.0,17.0
2513950,smoothie,4.0,4.0,16.0,,in-store,2023-04-03,2023.0,4.0,3.0
7890585,cake,5.0,3.0,15.0,cash,,2023-08-11,2023.0,8.0,11.0
5106045,coffee,3.0,,,credit card,,2023-11-17,2023.0,11.0,17.0
5177565,sandwich,5.0,4.0,20.0,,,2023-10-24,2023.0,10.0,24.0
2792107,cake,1.0,3.0,3.0,,,2023-07-10,2023.0,7.0,10.0
4036747,smoothie,1.0,4.0,4.0,cash,takeaway,2023-05-27,2023.0,5.0,27.0
2955691,cake,1.0,3.0,3.0,,takeaway,2023-04-04,2023.0,4.0,4.0
6324736,sandwich,5.0,4.0,20.0,credit card,,,,,
9641364,cookie,3.0,1.0,3.0,,in-store,2023-03-04,2023.0,3.0,4.0
3488590,cookie,,1.0,,credit card,takeaway,2023-12-28,2023.0,12.0,28.0
9720549,cookie,1.0,1.0,1.0,credit card,in-store,2023-07-30,2023.0,7.0,30.0
2477550,,2.0,4.0,8.0,cash,takeaway,2023-02-02,2023.0,2.0,2.0
2172960,smoothie,1.0,4.0,4.0,digital wallet,,2023-07-04,2023.0,7.0,4.0
5901182,sandwich,5.0,4.0,20.0,digital wallet,in-store,2023-07-15,2023.0,7.0,15.0
4695415,cake,5.0,3.0,15.0,,in-store,,,,
1923984,cake,2.0,3.0,6.0,credit card,takeaway,2023-08-31,2023.0,8.0,31.0
4163149,salad,1.0,5.0,5.0,cash,,2023-07-30,2023.0,7.0,30.0
5996894,juice,1.0,3.0,3.0,credit card,,2023-06-12,2023.0,6.0,12.0
2979899,cake,5.0,3.0,15.0,digital wallet,,2023-05-26,2023.0,5.0,26.0
7762739,sandwich,4.0,4.0,16.0,,in-store,2023-11-05,2023.0,11.0,5.0
6392156,cookie,5.0,1.0,5.0,credit card,takeaway,2023-11-12,2023.0,11.0,12.0
7278248,salad,,5.0,,cash,takeaway,2023-10-23,2023.0,10.0,23.0
1315847,cake,1.0,3.0,3.0,digital wallet,in-store,2023-06-19,2023.0,6.0,19.0
9367729,coffee,2.0,2.0,4.0,,takeaway,2023-10-10,2023.0,10.0,10.0
1464150,coffee,5.0,2.0,10.0,cash,takeaway,2023-02-14,2023.0,2.0,14.0
1746001,cookie,,1.0,,digital wallet,takeaway,2023-03-15,2023.0,3.0,15.0
4203560,juice,1.0,3.0,3.0,,,2023-08-20,2023.0,8.0,20.0
1493452,sandwich,3.0,4.0,12.0,,,2023-11-08,2023.0,11.0,8.0
4171998,sandwich,,4.0,,,takeaway,2023-10-18,2023.0,10.0,18.0
4528664,salad,3.0,5.0,15.0,cash,in-store,2023-12-31,2023.0,12.0,31.0
1775278,juice,4.0,3.0,12.0,credit card,takeaway,2023-02-22,2023.0,2.0,22.0
1459078,cookie,5.0,1.0,5.0,,in-store,2023-11-10,2023.0,11.0,10.0
6252589,smoothie,2.0,4.0,8.0,digital wallet,in-store,,,,
1411473,coffee,3.0,2.0,6.0,credit card,in-store,2023-01-04,2023.0,1.0,4.0
5132747,coffee,2.0,2.0,4.0,,,2023-10-28,2023.0,10.0,28.0
9851026,salad,2.0,5.0,10.0,,takeaway,,,,
7684072,tea,2.0,1.5,3.0,credit card,,2023-05-12,2023.0,5.0,12.0
3660999,cake,3.0,3.0,9.0,digital wallet,,2023-02-02,2023.0,2.0,2.0
7828462,,,1.5,,cash,takeaway,2023-01-11,2023.0,1.0,11.0
3976744,juice,1.0,3.0,3.0,cash,,2023-12-25,2023.0,12.0,25.0
3397978,smoothie,5.0,4.0,20.0,digital wallet,in-store,2023-08-01,2023.0,8.0,1.0
8568597,juice,1.0,3.0,3.0,digital wallet,takeaway,2023-04-03,2023.0,4.0,3.0
4152709,sandwich,4.0,4.0,16.0,,,2023-12-03,2023.0,12.0,3.0
5222110,coffee,2.0,2.0,4.0,,,2023-01-30,2023.0,1.0,30.0
1987716,coffee,1.0,2.0,2.0,credit card,,2023-11-13,2023.0,11.0,13.0
3643348,sandwich,4.0,4.0,16.0,digital wallet,in-store,2023-09-06,2023.0,9.0,6.0
6537449,salad,2.0,5.0,10.0,,in-store,2023-01-15,2023.0,1.0,15.0
1244509,smoothie,3.0,4.0,12.0,credit card,in-store,2023-02-21,2023.0,2.0,21.0
3490516,coffee,5.0,2.0,10.0,,,2023-04-28,2023.0,4.0,28.0
2726254,smoothie,3.0,,,,takeaway,2023-06-08,2023.0,6.0,8.0
9917989,smoothie,4.0,4.0,16.0,digital wallet,takeaway,2023-10-20,2023.0,10.0,20.0
4933689,cake,1.0,3.0,3.0,cash,in-store,,,,
4168628,tea,4.0,1.5,6.0,digital wallet,in-store,2023-04-27,2023.0,4.0,27.0
2490026,cake,5.0,3.0,15.0,,,2023-10-21,2023.0,10.0,21.0
7327440,,3.0,1.0,3.0,cash,in-store,2023-05-02,2023.0,5.0,2.0
3597656,coffee,4.0,2.0,8.0,digital wallet,,2023-04-03,2023.0,4.0,3.0
1765281,smoothie,3.0,4.0,12.0,credit card,in-store,2023-01-28,2023.0,1.0,28.0
4667663,cake,5.0,3.0,15.0,credit card,,2023-03-07,2023.0,3.0,7.0
8571235,cake,1.0,3.0,3.0,cash,takeaway,2023-03-01,2023.0,3.0,1.0
2580487,cake,1.0,3.0,3.0,,takeaway,2023-01-13,2023.0,1.0,13.0
2611683,cake,3.0,3.0,9.0,digital wallet,in-store,2023-04-11,2023.0,4.0,11.0
4271744,juice,3.0,3.0,9.0,digital wallet,takeaway,2023-06-19,2023.0,6.0,19.0
2917072,tea,3.0,1.5,4.5,,takeaway,2023-01-25,2023.0,1.0,25.0
4653861,sandwich,,4.0,,cash,takeaway,,,,
5777903,coffee,,2.0,,,takeaway,2023-05-15,2023.0,5.0,15.0
5153086,tea,3.0,1.5,4.5,cash,in-store,2023-06-27,2023.0,6.0,27.0
6004967,salad,4.0,5.0,20.0,credit card,,2023-01-13,2023.0,1.0,13.0
3435509,sandwich,1.0,4.0,4.0,cash,takeaway,2023-08-19,2023.0,8.0,19.0
2488232,tea,2.0,1.5,3.0,,,2023-10-05,2023.0,10.0,5.0
8771574,coffee,3.0,2.0,6.0,digital wallet,takeaway,2023-05-03,2023.0,5.0,3.0
1181626,cookie,4.0,1.0,4.0,,takeaway,2023-02-06,2023.0,2.0,6.0
4081759,,,2.0,,,,2023-09-30,2023.0,9.0,30.0
6177161,tea,5.0,1.5,7.5,credit card,in-store,2023-04-01,2023.0,4.0,1.0
2500345,salad,5.0,5.0,25.0,,in-store,2023-04-16,2023.0,4.0,16.0
1228652,salad,1.0,,,cash,in-store,2023-07-24,2023.0,7.0,24.0
4476151,juice,4.0,3.0,12.0,credit card,in-store,2023-02-15,2023.0,2.0,15.0
7990902,coffee,5.0,2.0,10.0,,in-store,,,,
6557174,salad,4.0,5.0,20.0,credit card,in-store,2023-08-20,2023.0,8.0,20.0
5089516,smoothie,2.0,4.0,8.0,credit card,in-store,2023-11-04,2023.0,11.0,4.0
5915706,tea,1.0,1.5,1.5,cash,in-store,2023-08-18,2023.0,8.0,18.0
9341159,cake,5.0,3.0,15.0,,,2023-09-29,2023.0,9.0,29.0
1870303,coffee,4.0,2.0,8.0,digital wallet,in-store,2023-05-05,2023.0,5.0,5.0
5680238,juice,5.0,3.0,15.0,,,2023-12-17,2023.0,12.0,17.0
7766134,tea,1.0,1.5,1.5,credit card,takeaway,2023-01-05,2023.0,1.0,5.0
2617257,cookie,1.0,1.0,1.0,cash,takeaway,2023-08-20,2023.0,8.0,20.0
8993132,cake,3.0,3.0,9.0,,in-store,2023-01-21,2023.0,1.0,21.0
4268167,smoothie,4.0,4.0,16.0,,,2023-07-06,2023.0,7.0,6.0
9358399,tea,5.0,1.5,7.5,credit card,,2023-06-16,2023.0,6.0,16.0
2793054,smoothie,4.0,4.0,16.0,,takeaway,2023-04-29,2023.0,4.0,29.0
6179169,sandwich,2.0,4.0,8.0,cash,in-store,2023-10-21,2023.0,10.0,21.0
7932895,smoothie,2.0,4.0,8.0,,in-store,2023-04-04,2023.0,4.0,4.0
3364751,coffee,2.0,2.0,4.0,digital wallet,takeaway,2023-04-12,2023.0,4.0,12.0
1097334,coffee,2.0,2.0,4.0,credit card,takeaway,2023-03-21,2023.0,3.0,21.0
9914084,,1.0,2.0,2.0,,takeaway,2023-06-16,2023.0,6.0,16.0
5982786,juice,4.0,3.0,12.0,credit card,in-store,2023-12-26,2023.0,12.0,26.0
3160090,salad,1.0,5.0,5.0,,takeaway,2023-07-23,2023.0,7.0,23.0
2300313,coffee,4.0,2.0,8.0,,in-store,2023-06-02,2023.0,6.0,2.0
9461396,smoothie,5.0,4.0,20.0,,,2023-05-23,2023.0,5.0,23.0
6887407,cake,3.0,3.0,9.0,cash,in-store,2023-09-15,2023.0,9.0,15.0
6425991,salad,1.0,5.0,5.0,credit card,takeaway,2023-08-06,2023.0,8.0,6.0
6040882,cookie,1.0,1.0,1.0,cash,in-store,2023-06-06,2023.0,6.0,6.0
4151440,cake,5.0,3.0,15.0,,in-store,2023-11-16,2023.0,11.0,16.0
7921799,cookie,1.0,1.0,1.0,credit card,takeaway,2023-09-14,2023.0,9.0,14.0
1715317,,5.0,3.0,15.0,digital wallet,in-store,2023-02-10,2023.0,2.0,10.0
2482242,cookie,4.0,1.0,4.0,,,2023-02-07,2023.0,2.0,7.0
5861636,coffee,4.0,2.0,8.0,credit card,,2023-05-15,2023.0,5.0,15.0
7272630,tea,4.0,1.5,6.0,cash,takeaway,2023-03-24,2023.0,3.0,24.0
7157169,sandwich,3.0,4.0,12.0,,,2023-01-29,2023.0,1.0,29.0
9325384,juice,5.0,3.0,15.0,,in-store,2023-04-24,2023.0,4.0,24.0
2832778,juice,2.0,3.0,6.0,credit card,,2023-09-27,2023.0,9.0,27.0
9894745,tea,,1.5,,cash,takeaway,2023-08-28,2023.0,8.0,28.0
1244299,sandwich,2.0,4.0,8.0,cash,takeaway,2023-07-18,2023.0,7.0,18.0
1694090,coffee,4.0,2.0,8.0,digital wallet,,2023-11-30,2023.0,11.0,30.0
5965095,salad,4.0,5.0,20.0,digital wallet,in-store,2023-06-16,2023.0,6.0,16.0
7911650,juice,2.0,3.0,6.0,cash,takeaway,2023-03-13,2023.0,3.0,13.0
9610933,tea,3.0,1.5,4.5,cash,,2023-05-20,2023.0,5.0,20.0
7440879,,1.0,3.0,3.0,,in-store,2023-12-30,2023.0,12.0,30.0
4228312,coffee,4.0,2.0,8.0,digital wallet,,2023-01-22,2023.0,1.0,22.0
6431703,sandwich,1.0,4.0,4.0,credit card,takeaway,2023-08-25,2023.0,8.0,25.0
1063524,smoothie,5.0,4.0,20.0,credit card,,2023-11-09,2023.0,11.0,9.0
9031518,sandwich,5.0,4.0,20.0,credit card,in-store,2023-01-13,2023.0,1.0,13.0
5781767,sandwich,5.0,,,credit card,in-store,2023-04-27,2023.0,4.0,27.0
4465589,,,1.5,,credit card,,2023-03-26,2023.0,3.0,26.0
2035838,,,3.0,,digital wallet,takeaway,2023-02-01,2023.0,2.0,1.0
9817602,,2.0,4.0,8.0,credit card,takeaway,2023-12-26,2023.0,12.0,26.0
9643180,coffee,2.0,2.0,4.0,cash,,2023-06-10,2023.0,6.0,10.0
9070074,coffee,5.0,2.0,10.0,digital wallet,,2023-02-03,2023.0,2.0,3.0
5274961,,1.0,3.0,3.0,credit card,in-store,2023-11-04,2023.0,11.0,4.0
8715388,salad,1.0,5.0,5.0,,in-store,2023-11-04,2023.0,11.0,4.0
1980303,tea,3.0,1.5,4.5,digital wallet,,2023-04-22,2023.0,4.0,22.0
9291130,cookie,,1.0,,cash,in-store,2023-05-11,2023.0,5.0,11.0
6485220,cake,3.0,3.0,9.0,cash,,,,,
2652800,cake,4.0,3.0,12.0,cash,,2023-11-30,2023.0,11.0,30.0
7068406,juice,2.0,3.0,6.0,digital wallet,takeaway,2023-01-26,2023.0,1.0,26.0
5380220,coffee,4.0,2.0,8.0,credit card,in-store,2023-10-18,2023.0,10.0,18.0
7842557,tea,4.0,1.5,6.0,,in-store,2023-02-09,2023.0,2.0,9.0
7208533,tea,1.0,1.5,1.5,cash,in-store,2023-05-15,2023.0,5.0,15.0
6916853,smoothie,5.0,4.0,20.0,cash,,2023-12-22,2023.0,12.0,22.0
9086710,salad,2.0,5.0,10.0,,in-store,2023-10-27,2023.0,10.0,27.0
1830278,cookie,3.0,1.0,3.0,credit card,,2023-05-15,2023.0,5.0,15.0
8388122,tea,4.0,1.5,6.0,,in-store,2023-11-01,2023.0,11.0,1.0
8612901,juice,3.0,3.0,9.0,digital wallet,,2023-03-18,2023.0,3.0,18.0
7752958,juice,2.0,3.0,6.0,,,2023-09-22,2023.0,9.0,22.0
5311814,tea,4.0,1.5,6.0,digital wallet,,2023-07-06,2023.0,7.0,6.0
2933739,cookie,1.0,1.0,1.0,digital wallet,,2023-09-15,2023.0,9.0,15.0
1239876,,2.0,4.0,8.0,digital wallet,in-store,2023-04-04,2023.0,4.0,4.0
6295047,tea,,1.5,,digital wallet,,2023-09-06,2023.0,9.0,6.0
3858791,cookie,5.0,1.0,5.0,credit card,,2023-06-25,2023.0,6.0,25.0
1737731,smoothie,5.0,4.0,20.0,digital wallet,,2023-06-29,2023.0,6.0,29.0
6131195,salad,1.0,5.0,5.0,,,2023-10-24,2023.0,10.0,24.0
3251829,tea,,1.5,,digital wallet,in-store,2023-07-25,2023.0,7.0,25.0
2727347,cake,5.0,3.0,15.0,cash,takeaway,2023-01-20,2023.0,1.0,20.0
7242713,sandwich,1.0,4.0,4.0,,in-store,2023-04-21,2023.0,4.0,21.0
7797231,,5.0,,,digital wallet,,2023-05-05,2023.0,5.0,5.0
3651337,smoothie,4.0,4.0,16.0,cash,in-store,2023-10-25,2023.0,10.0,25.0
4740892,cake,1.0,3.0,3.0,digital wallet,takeaway,2023-11-19,2023.0,11.0,19.0
7218719,cake,1.0,3.0,3.0,cash,,2023-10-07,2023.0,10.0,7.0
3455415,cookie,2.0,1.0,2.0,credit card,,2023-03-31,2023.0,3.0,31.0
2475259,smoothie,2.0,4.0,8.0,cash,,,,,
3390882,sandwich,3.0,4.0,12.0,credit card,in-store,2023-07-03,2023.0,7.0,3.0
3848261,tea,2.0,1.5,3.0,,takeaway,2023-08-03,2023.0,8.0,3.0
2797925,cake,2.0,3.0,6.0,cash,,2023-10-19,2023.0,10.0,19.0
2599005,cake,2.0,3.0,6.0,cash,,2023-06-10,2023.0,6.0,10.0
1872692,salad,5.0,5.0,25.0,cash,in-store,2023-08-09,2023.0,8.0,9.0
1372492,salad,4.0,5.0,20.0,cash,takeaway,2023-03-28,2023.0,3.0,28.0
6549132,salad,5.0,,,,,2023-12-05,2023.0,12.0,5.0
1003246,juice,2.0,3.0,6.0,,,2023-02-15,2023.0,2.0,15.0
5732615,coffee,,2.0,,cash,takeaway,2023-12-05,2023.0,12.0,5.0
3197621,sandwich,5.0,4.0,20.0,,in-store,2023-02-10,2023.0,2.0,10.0
9006674,tea,1.0,1.5,1.5,,takeaway,,,,
6221348,sandwich,1.0,,,,,2023-03-28,2023.0,3.0,28.0
4986514,tea,3.0,1.5,4.5,credit card,in-store,2023-06-06,2023.0,6.0,6.0
1050083,cake,5.0,3.0,15.0,credit card,takeaway,2023-06-28,2023.0,6.0,28.0
5880567,smoothie,5.0,4.0,20.0,,in-store,2023-02-13,2023.0,2.0,13.0
1068317,juice,3.0,3.0,9.0,digital wallet,takeaway,2023-03-16,2023.0,3.0,16.0
7389329,coffee,4.0,2.0,8.0,,,2023-01-18,2023.0,1.0,18.0
3951460,,4.0,4.0,16.0,,takeaway,2023-04-21,2023.0,4.0,21.0
6584150,juice,5.0,3.0,15.0,credit card,,2023-10-27,2023.0,10.0,27.0
7754428,cookie,2.0,1.0,2.0,,in-store,2023-07-27,2023.0,7.0,27.0
3918515,,4.0,5.0,20.0,credit card,takeaway,2023-03-29,2023.0,3.0,29.0
6484387,cookie,5.0,,,cash,,2023-11-23,2023.0,11.0,23.0
4156369,cake,5.0,3.0,15.0,,in-store,2023-08-07,2023.0,8.0,7.0
4483226,juice,1.0,3.0,3.0,credit card,,2023-08-08,2023.0,8.0,8.0
6457997,,1.0,,,credit card,,2023-12-12,2023.0,12.0,12.0
2553269,,5.0,1.0,5.0,digital wallet,,2023-04-09,2023.0,4.0,9.0
5297692,juice,5.0,3.0,15.0,credit card,,2023-03-21,2023.0,3.0,21.0
8241724,smoothie,1.0,4.0,4.0,credit card,takeaway,2023-05-14,2023.0,5.0,14.0
4916936,smoothie,1.0,4.0,4.0,,takeaway,2023-06-04,2023.0,6.0,4.0
1425215,juice,1.0,3.0,3.0,cash,takeaway,2023-03-13,2023.0,3.0,13.0
4222908,cookie,,1.0,,,in-store,2023-12-14,2023.0,12.0,14.0
3938018,coffee,,2.0,,,takeaway,2023-10-10,2023.0,10.0,10.0
2363378,coffee,5.0,2.0,10.0,cash,takeaway,2023-04-23,2023.0,4.0,23.0
8267616,tea,4.0,1.5,6.0,cash,,2023-03-01,2023.0,3.0,1.0
4786680,,3.0,4.0,12.0,,in-store,2023-02-05,2023.0,2.0,5.0
6437181,,4.0,3.0,12.0,credit card,,2023-04-10,2023.0,4.0,10.0
2335312,,2.0,3.0,6.0,digital wallet,,2023-06-23,2023.0,6.0,23.0
8999576,cake,5.0,3.0,15.0,digital wallet,takeaway,2023-04-09,2023.0,4.0,9.0
4844022,,1.0,1.0,1.0,,takeaway,2023-02-26,2023.0,2.0,26.0
5513984,tea,1.0,1.5,1.5,credit card,in-store,2023-09-13,2023.0,9.0,13.0
1662024,,4.0,1.0,4.0,,in-store,2023-01-16,2023.0,1.0,16.0
5600914,smoothie,4.0,4.0,16.0,credit card,,2023-02-16,2023.0,2.0,16.0
9923860,cookie,2.0,1.0,2.0,,,2023-11-16,2023.0,11.0,16.0
5346493,cookie,5.0,1.0,5.0,digital wallet,in-store,2023-04-08,2023.0,4.0,8.0
3528599,cookie,1.0,1.0,1.0,,,2023-12-09,2023.0,12.0,9.0
5738521,coffee,5.0,2.0,10.0,digital wallet,,2023-03-14,2023.0,3.0,14.0
6219634,salad,1.0,5.0,5.0,cash,takeaway,2023-09-11,2023.0,9.0,11.0
3539062,salad,2.0,5.0,10.0,digital wallet,in-store,2023-10-04,2023.0,10.0,4.0
8782513,sandwich,5.0,4.0,20.0,,takeaway,2023-10-15,2023.0,10.0,15.0
2252218,,4.0,5.0,20.0,cash,,,,,
2851804,coffee,3.0,2.0,6.0,,,2023-11-30,2023.0,11.0,30.0
9175519,cake,4.0,3.0,12.0,,,2023-10-05,2023.0,10.0,5.0
6224451,sandwich,1.0,4.0,4.0,credit card,,2023-03-19,2023.0,3.0,19.0
3174488,,4.0,1.0,4.0,cash,takeaway,2023-06-28,2023.0,6.0,28.0
7630912,juice,2.0,,,credit card,,2023-01-04,2023.0,1.0,4.0
5650608,juice,,3.0,,digital wallet,,2023-06-25,2023.0,6.0,25.0
2134911,tea,5.0,1.5,7.5,digital wallet,in-store,2023-10-07,2023.0,10.0,7.0
4013761,coffee,3.0,2.0,6.0,,,2023-09-07,2023.0,9.0,7.0
9257475,,4.0,3.0,12.0,digital wallet,,2023-07-06,2023.0,7.0,6.0
6616311,coffee,4.0,2.0,8.0,,,2023-09-01,2023.0,9.0,1.0
9123562,juice,5.0,3.0,15.0,credit card,takeaway,,,,
6991430,cookie,5.0,1.0,5.0,cash,in-store,2023-05-31,2023.0,5.0,31.0
6778974,smoothie,2.0,4.0,8.0,,,2023-09-07,2023.0,9.0,7.0
1818438,coffee,5.0,2.0,10.0,cash,,2023-06-18,2023.0,6.0,18.0
5486886,smoothie,1.0,4.0,4.0,,,2023-12-23,2023.0,12.0,23.0
5470598,cake,3.0,3.0,9.0,digital wallet,in-store,2023-03-14,2023.0,3.0,14.0
3186333,cookie,5.0,1.0,5.0,cash,in-store,2023-08-19,2023.0,8.0,19.0
8748633,sandwich,5.0,,,cash,takeaway,2023-04-27,2023.0,4.0,27.0
3228558,sandwich,2.0,4.0,8.0,credit card,,2023-12-13,2023.0,12.0,13.0
6388107,,3.0,3.0,9.0,digital wallet,in-store,2023-12-04,2023.0,12.0,4.0
6506895,cake,5.0,3.0,15.0,credit card,in-store,2023-08-10,2023.0,8.0,10.0
2917211,smoothie,5.0,4.0,20.0,digital wallet,takeaway,2023-11-19,2023.0,11.0,19.0
5882566,cake,1.0,3.0,3.0,,takeaway,2023-07-09,2023.0,7.0,9.0
2413548,tea,2.0,1.5,3.0,credit card,,2023-08-12,2023.0,8.0,12.0
6633097,juice,4.0,3.0,12.0,credit card,in-store,,,,
7116936,coffee,5.0,2.0,10.0,credit card,takeaway,2023-05-19,2023.0,5.0,19.0
7991322,coffee,5.0,2.0,10.0,digital wallet,,2023-11-14,2023.0,11.0,14.0
1914728,,5.0,1.0,5.0,cash,in-store,2023-06-16,2023.0,6.0,16.0
4209748,cookie,2.0,1.0,2.0,digital wallet,takeaway,2023-10-24,2023.0,10.0,24.0
8941438,juice,4.0,3.0,12.0,digital wallet,,2023-07-23,2023.0,7.0,23.0
7932127,coffee,3.0,2.0,6.0,,,2023-07-29,2023.0,7.0,29.0
7097699,tea,4.0,1.5,6.0,,takeaway,2023-12-16,2023.0,12.0,16.0
7054849,cake,4.0,3.0,12.0,cash,takeaway,2023-06-16,2023.0,6.0,16.0
7185724,cake,4.0,3.0,12.0,,takeaway,2023-05-06,2023.0,5.0,6.0
5664982,tea,5.0,1.5,7.5,digital wallet,in-store,2023-12-24,2023.0,12.0,24.0
9378562,juice,3.0,3.0,9.0,,,2023-09-06,2023.0,9.0,6.0
2892693,cookie,4.0,1.0,4.0,credit card,in-store,2023-03-02,2023.0,3.0,2.0
2265603,smoothie,3.0,4.0,12.0,digital wallet,takeaway,,,,
6552269,,4.0,3.0,12.0,cash,takeaway,2023-04-29,2023.0,4.0,29.0
4639918,sandwich,1.0,4.0,4.0,digital wallet,,2023-11-05,2023.0,11.0,5.0
6037144,tea,3.0,1.5,4.5,cash,takeaway,2023-09-02,2023.0,9.0,2.0
3494014,cake,1.0,3.0,3.0,credit card,in-store,2023-06-09,2023.0,6.0,9.0
3656884,coffee,5.0,2.0,10.0,credit card,,2023-10-08,2023.0,10.0,8.0
2277013,smoothie,3.0,4.0,12.0,,,2023-07-26,2023.0,7.0,26.0
5423636,sandwich,4.0,4.0,16.0,cash,,2023-10-18,2023.0,10.0,18.0
8040251,coffee,1.0,2.0,2.0,digital wallet,,2023-04-16,2023.0,4.0,16.0
1635137,cake,2.0,3.0,6.0,cash,,2023-12-28,2023.0,12.0,28.0
8411549,tea,4.0,,,credit card,in-store,2023-02-15,2023.0,2.0,15.0
3747376,,2.0,1.0,2.0,digital wallet,takeaway,2023-11-03,2023.0,11.0,3.0
1503903,tea,1.0,1.5,1.5,cash,takeaway,2023-03-20,2023.0,3.0,20.0
8606152,smoothie,5.0,4.0,20.0,credit card,,2023-08-05,2023.0,8.0,5.0
1260517,smoothie,5.0,4.0,20.0,digital wallet,takeaway,2023-04-17,2023.0,4.0,17.0
6898368,smoothie,3.0,4.0,12.0,digital wallet,,2023-05-01,2023.0,5.0,1.0
2224251,juice,4.0,3.0,12.0,digital wallet,takeaway,2023-04-14,2023.0,4.0,14.0
4567429,tea,3.0,1.5,4.5,cash,,2023-10-11,2023.0,10.0,11.0
8622404,cookie,3.0,1.0,3.0,,,2023-09-21,2023.0,9.0,21.0
1152249,smoothie,3.0,4.0,12.0,,in-store,2023-05-09,2023.0,5.0,9.0
2989533,salad,5.0,5.0,25.0,,takeaway,2023-01-30,2023.0,1.0,30.0
3734446,,5.0,2.0,10.0,digital wallet,,2023-04-16,2023.0,4.0,16.0
9517380,tea,4.0,,,cash,,2023-10-29,2023.0,10.0,29.0
3599216,,,1.5,,cash,in-store,2023-09-21,2023.0,9.0,21.0
1363508,salad,4.0,5.0,20.0,cash,,2023-08-08,2023.0,8.0,8.0
7969017,tea,3.0,1.5,4.5,digital wallet,,2023-02-17,2023.0,2.0,17.0
6987705,cookie,5.0,1.0,5.0,cash,,2023-06-04,2023.0,6.0,4.0
8490157,salad,2.0,5.0,10.0,credit card,in-store,2023-09-06,2023.0,9.0,6.0
7878395,salad,3.0,5.0,15.0,credit card,in-store,2023-05-26,2023.0,5.0,26.0
1672632,,3.0,5.0,15.0,digital wallet,,2023-07-04,2023.0,7.0,4.0
9216314,cake,1.0,3.0,3.0,credit card,,2023-03-07,2023.0,3.0,7.0
1647144,salad,2.0,,,,takeaway,2023-08-29,2023.0,8.0,29.0
4090464,sandwich,5.0,4.0,20.0,cash,takeaway,2023-01-16,2023.0,1.0,16.0
2172301,cookie,4.0,1.0,4.0,digital wallet,takeaway,2023-04-06,2023.0,4.0,6.0
3730077,cookie,2.0,1.0,2.0,credit card,,2023-07-08,2023.0,7.0,8.0
8253046,cake,1.0,3.0,3.0,,in-store,2023-12-20,2023.0,12.0,20.0
2901304,cookie,3.0,1.0,3.0,,,2023-07-01,2023.0,7.0,1.0
6198799,salad,1.0,,,,,2023-05-27,2023.0,5.0,27.0
9910573,salad,2.0,5.0,10.0,,takeaway,2023-01-28,2023.0,1.0,28.0
3680192,salad,4.0,5.0,20.0,digital wallet,takeaway,2023-05-20,2023.0,5.0,20.0
9268974,sandwich,2.0,4.0,8.0,digital wallet,takeaway,2023-10-29,2023.0,10.0,29.0
7435796,coffee,2.0,2.0,4.0,cash,in-store,2023-11-03,2023.0,11.0,3.0
1882390,cookie,1.0,1.0,1.0,,takeaway,2023-05-22,2023.0,5.0,22.0
2465074,smoothie,1.0,4.0,4.0,digital wallet,,2023-09-29,2023.0,9.0,29.0
8038871,juice,5.0,3.0,15.0,digital wallet,,2023-06-09,2023.0,6.0,9.0
1269172,sandwich,1.0,4.0,4.0,cash,,2023-08-22,2023.0,8.0,22.0
4564556,coffee,3.0,2.0,6.0,credit card,,2023-11-21,2023.0,11.0,21.0
8139533,smoothie,1.0,,,cash,in-store,2023-09-21,2023.0,9.0,21.0
1998401,,1.0,4.0,4.0,cash,,2023-09-17,2023.0,9.0,17.0
9327493,,1.0,2.0,2.0,,,2023-03-27,2023.0,3.0,27.0
7349319,cookie,3.0,1.0,3.0,digital wallet,,2023-03-10,2023.0,3.0,10.0
7294526,smoothie,5.0,4.0,20.0,digital wallet,takeaway,2023-12-02,2023.0,12.0,2.0
5618976,coffee,2.0,2.0,4.0,cash,takeaway,2023-12-05,2023.0,12.0,5.0
3964398,cake,4.0,3.0,12.0,credit card,takeaway,2023-10-20,2023.0,10.0,20.0
4372163,sandwich,1.0,4.0,4.0,,,2023-03-10,2023.0,3.0,10.0
7242133,coffee,3.0,2.0,6.0,,,2023-05-20,2023.0,5.0,20.0
7083168,cookie,4.0,1.0,4.0,,takeaway,2023-06-01,2023.0,6.0,1.0
5107006,,4.0,1.0,4.0,,,2023-04-18,2023.0,4.0,18.0
1210183,tea,3.0,1.5,4.5,,in-store,2023-01-23,2023.0,1.0,23.0
3419352,salad,3.0,5.0,15.0,digital wallet,in-store,2023-10-22,2023.0,10.0,22.0
1900036,cookie,1.0,1.0,1.0,,,2023-12-20,2023.0,12.0,20.0
7497565,cookie,4.0,1.0,4.0,,takeaway,2023-10-07,2023.0,10.0,7.0
6851735,,1.0,1.0,1.0,digital wallet,,2023-01-17,2023.0,1.0,17.0
6716918,coffee,2.0,2.0,4.0,,,2023-04-10,2023.0,4.0,10.0
6654975,salad,3.0,5.0,15.0,,in-store,2023-08-11,2023.0,8.0,11.0
9184804,cookie,2.0,,,digital wallet,,2023-11-08,2023.0,11.0,8.0
9100063,sandwich,2.0,4.0,8.0,,in-store,2023-09-16,2023.0,9.0,16.0
6202631,tea,2.0,1.5,3.0,digital wallet,takeaway,2023-07-29,2023.0,7.0,29.0
1868447,tea,3.0,1.5,4.5,cash,,2023-09-30,2023.0,9.0,30.0
4726531,salad,5.0,5.0,25.0,cash,takeaway,2023-09-09,2023.0,9.0,9.0
8640655,coffee,3.0,2.0,6.0,,,2023-12-27,2023.0,12.0,27.0
8377812,tea,2.0,1.5,3.0,digital wallet,in-store,2023-03-27,2023.0,3.0,27.0
2603561,coffee,3.0,2.0,6.0,digital wallet,,2023-04-25,2023.0,4.0,25.0
9822173,cake,5.0,3.0,15.0,digital wallet,,2023-05-22,2023.0,5.0,22.0
2163150,salad,1.0,5.0,5.0,cash,in-store,2023-08-25,2023.0,8.0,25.0
2371464,smoothie,4.0,4.0,16.0,cash,in-store,2023-09-20,2023.0,9.0,20.0
3389521,salad,5.0,,,digital wallet,,2023-02-10,2023.0,2.0,10.0
8916290,salad,5.0,5.0,25.0,digital wallet,,2023-07-08,2023.0,7.0,8.0
6130281,,2.0,4.0,8.0,cash,,2023-01-18,2023.0,1.0,18.0
2505416,cookie,,1.0,,,,2023-05-18,2023.0,5.0,18.0
8275626,coffee,2.0,2.0,4.0,,takeaway,2023-09-10,2023.0,9.0,10.0
9803409,cookie,4.0,1.0,4.0,,in-store,2023-01-24,2023.0,1.0,24.0
3094597,sandwich,4.0,4.0,16.0,,,2023-03-11,2023.0,3.0,11.0
5276842,coffee,2.0,2.0,4.0,digital wallet,takeaway,2023-06-26,2023.0,6.0,26.0
1367003,salad,5.0,5.0,25.0,cash,in-store,2023-11-10,2023.0,11.0,10.0
1752992,,3.0,2.0,6.0,,,2023-12-12,2023.0,12.0,12.0
5716276,,4.0,1.5,6.0,digital wallet,,2023-09-12,2023.0,9.0,12.0
5696844,cookie,2.0,1.0,2.0,,in-store,2023-01-29,2023.0,1.0,29.0
5672156,cookie,2.0,,,credit card,in-store,2023-07-05,2023.0,7.0,5.0
6480646,,2.0,1.5,3.0,,takeaway,2023-10-28,2023.0,10.0,28.0
1603051,,4.0,1.0,4.0,credit card,takeaway,2023-03-21,2023.0,3.0,21.0
6293225,cake,4.0,3.0,12.0,cash,,2023-07-02,2023.0,7.0,2.0
6567880,sandwich,5.0,,,credit card,,2023-08-15,2023.0,8.0,15.0
6355620,cookie,1.0,,,cash,,2023-06-18,2023.0,6.0,18.0
3466686,smoothie,3.0,4.0,12.0,digital wallet,takeaway,2023-09-03,2023.0,9.0,3.0
6064301,cookie,1.0,1.0,1.0,credit card,takeaway,2023-07-12,2023.0,7.0,12.0
5005674,salad,4.0,5.0,20.0,credit card,in-store,2023-10-03,2023.0,10.0,3.0
1714471,juice,4.0,3.0,12.0,cash,takeaway,2023-08-17,2023.0,8.0,17.0
5420062,,4.0,5.0,20.0,cash,in-store,2023-06-06,2023.0,6.0,6.0
6377813,salad,2.0,5.0,10.0,credit card,,2023-08-07,2023.0,8.0,7.0
3271393,smoothie,4.0,4.0,16.0,cash,in-store,,,,
2857444,smoothie,1.0,,,cash,takeaway,2023-05-10,2023.0,5.0,10.0
1064565,juice,4.0,3.0,12.0,digital wallet,in-store,2023-03-14,2023.0,3.0,14.0
1784150,,3.0,1.0,3.0,,,2023-03-10,2023.0,3.0,10.0
9104545,juice,2.0,3.0,6.0,digital wallet,takeaway,2023-03-19,2023.0,3.0,19.0
2108125,coffee,1.0,2.0,2.0,credit card,in-store,2023-10-06,2023.0,10.0,6.0
7795324,salad,2.0,5.0,10.0,,,2023-06-28,2023.0,6.0,28.0
1203191,coffee,5.0,2.0,10.0,,in-store,2023-10-12,2023.0,10.0,12.0
8743849,juice,2.0,3.0,6.0,digital wallet,takeaway,2023-05-04,2023.0,5.0,4.0
8588231,cake,4.0,3.0,12.0,,takeaway,2023-09-02,2023.0,9.0,2.0
6324818,salad,5.0,5.0,25.0,,,2023-06-26,2023.0,6.0,26.0
4536827,cookie,3.0,,,digital wallet,takeaway,2023-10-14,2023.0,10.0,14.0
6226704,,4.0,2.0,8.0,digital wallet,in-store,2023-09-07,2023.0,9.0,7.0
2693108,cookie,3.0,1.0,3.0,cash,in-store,2023-11-18,2023.0,11.0,18.0
6234070,smoothie,2.0,4.0,8.0,credit card,takeaway,2023-01-31,2023.0,1.0,31.0
9816901,coffee,2.0,2.0,4.0,cash,,2023-12-07,2023.0,12.0,7.0
9489495,coffee,1.0,2.0,2.0,credit card,,2023-05-20,2023.0,5.0,20.0
7637178,coffee,3.0,2.0,6.0,digital wallet,takeaway,2023-05-26,2023.0,5.0,26.0
1281536,smoothie,5.0,4.0,20.0,digital wallet,in-store,2023-03-19,2023.0,3.0,19.0
2591969,salad,,5.0,,credit card,in-store,,,,
8736069,tea,5.0,1.5,7.5,cash,takeaway,2023-07-06,2023.0,7.0,6.0
7975336,tea,5.0,1.5,7.5,credit card,takeaway,2023-12-03,2023.0,12.0,3.0
9278090,cake,5.0,3.0,15.0,credit card,,2023-12-28,2023.0,12.0,28.0
8939048,cookie,3.0,1.0,3.0,digital wallet,,,,,
1193809,tea,3.0,1.5,4.5,digital wallet,,2023-01-21,2023.0,1.0,21.0
9281710,juice,3.0,3.0,9.0,credit card,in-store,2023-08-05,2023.0,8.0,5.0
3784001,sandwich,1.0,4.0,4.0,,takeaway,,,,
3291149,coffee,5.0,2.0,10.0,,,2023-12-09,2023.0,12.0,9.0
3596270,coffee,,2.0,,credit card,takeaway,2023-05-05,2023.0,5.0,5.0
8172182,cake,2.0,3.0,6.0,,,2023-06-22,2023.0,6.0,22.0
3902135,tea,4.0,1.5,6.0,credit card,,2023-06-20,2023.0,6.0,20.0
9007414,cake,3.0,3.0,9.0,cash,,2023-12-08,2023.0,12.0,8.0
9131337,sandwich,4.0,4.0,16.0,credit card,takeaway,2023-05-24,2023.0,5.0,24.0
2278015,tea,2.0,1.5,3.0,digital wallet,in-store,2023-04-10,2023.0,4.0,10.0
1077060,coffee,3.0,2.0,6.0,,takeaway,2023-08-22,2023.0,8.0,22.0
9362728,sandwich,1.0,4.0,4.0,,in-store,2023-12-26,2023.0,12.0,26.0
6471185,juice,,3.0,,,in-store,2023-03-17,2023.0,3.0,17.0
5677927,,5.0,5.0,25.0,digital wallet,,2023-12-20,2023.0,12.0,20.0
6177081,cookie,,,,cash,,2023-07-26,2023.0,7.0,26.0
9281586,sandwich,5.0,4.0,20.0,,,2023-05-20,2023.0,5.0,20.0
8721484,,4.0,2.0,8.0,,,2023-04-03,2023.0,4.0,3.0
9350427,juice,5.0,3.0,15.0,,,2023-01-24,2023.0,1.0,24.0
7860054,tea,5.0,1.5,7.5,credit card,in-store,2023-02-07,2023.0,2.0,7.0
9233730,tea,5.0,1.5,7.5,credit card,,2023-05-28,2023.0,5.0,28.0
8304399,tea,2.0,1.5,3.0,cash,in-store,2023-06-08,2023.0,6.0,8.0
1538515,juice,4.0,3.0,12.0,cash,,2023-06-11,2023.0,6.0,11.0
9774251,,2.0,3.0,6.0,digital wallet,takeaway,2023-06-16,2023.0,6.0,16.0
4565233,salad,3.0,5.0,15.0,credit card,in-store,2023-11-16,2023.0,11.0,16.0
6898341,tea,2.0,1.5,3.0,credit card,in-store,2023-08-21,2023.0,8.0,21.0
1016246,coffee,1.0,2.0,2.0,,,2023-01-19,2023.0,1.0,19.0
9160109,cake,1.0,3.0,3.0,credit card,,2023-08-03,2023.0,8.0,3.0
1082012,smoothie,5.0,4.0,20.0,credit card,,2023-01-04,2023.0,1.0,4.0
8325464,,5.0,4.0,20.0,credit card,takeaway,2023-08-02,2023.0,8.0,2.0
7322436,sandwich,3.0,4.0,12.0,digital wallet,in-store,2023-06-29,2023.0,6.0,29.0
1733916,sandwich,4.0,4.0,16.0,digital wallet,in-store,2023-01-12,2023.0,1.0,12.0
6068564,cake,4.0,3.0,12.0,credit card,takeaway,2023-09-28,2023.0,9.0,28.0
7023753,coffee,,2.0,,credit card,takeaway,2023-05-16,2023.0,5.0,16.0
4507630,smoothie,2.0,4.0,8.0,,takeaway,2023-05-11,2023.0,5.0,11.0
5037728,smoothie,,4.0,,credit card,,2023-08-18,2023.0,8.0,18.0
4577234,,4.0,3.0,12.0,,in-store,2023-06-09,2023.0,6.0,9.0
6309570,smoothie,1.0,4.0,4.0,digital wallet,in-store,2023-09-26,2023.0,9.0,26.0
7587652,,1.0,3.0,3.0,cash,,2023-08-23,2023.0,8.0,23.0
1118799,,4.0,4.0,16.0,credit card,takeaway,2023-09-19,2023.0,9.0,19.0
5738282,cake,4.0,3.0,12.0,credit card,in-store,,,,
8192063,juice,4.0,3.0,12.0,cash,,2023-02-06,2023.0,2.0,6.0
2687593,,5.0,3.0,15.0,,takeaway,2023-06-27,2023.0,6.0,27.0
1603563,cake,4.0,3.0,12.0,,takeaway,2023-04-13,2023.0,4.0,13.0
6346483,coffee,1.0,2.0,2.0,credit card,,2023-06-08,2023.0,6.0,8.0
3499910,cookie,4.0,1.0,4.0,credit card,takeaway,2023-09-29,2023.0,9.0,29.0
8616276,,2.0,,,digital wallet,takeaway,2023-07-22,2023.0,7.0,22.0
5941840,cookie,4.0,1.0,4.0,,,2023-04-01,2023.0,4.0,1.0
6249023,juice,1.0,3.0,3.0,credit card,,2023-11-03,2023.0,11.0,3.0
8620426,cookie,3.0,1.0,3.0,credit card,takeaway,2023-11-28,2023.0,11.0,28.0
2037742,cake,4.0,3.0,12.0,digital wallet,in-store,2023-11-14,2023.0,11.0,14.0
7013527,salad,2.0,5.0,10.0,credit card,in-store,2023-05-18,2023.0,5.0,18.0
2798420,tea,5.0,1.5,7.5,digital wallet,takeaway,2023-03-17,2023.0,3.0,17.0
6500126,smoothie,2.0,,,,,,,,
8106064,cookie,,1.0,,,,2023-06-17,2023.0,6.0,17.0
5483442,tea,,1.5,,cash,,2023-04-03,2023.0,4.0,3.0
3926570,coffee,3.0,2.0,6.0,,,2023-09-04,2023.0,9.0,4.0
9489442,,3.0,2.0,6.0,credit card,takeaway,2023-02-06,2023.0,2.0,6.0
5506907,cookie,2.0,1.0,2.0,cash,takeaway,2023-12-08,2023.0,12.0,8.0
8155325,,5.0,2.0,10.0,digital wallet,in-store,2023-11-27,2023.0,11.0,27.0
5353468,tea,2.0,1.5,3.0,credit card,in-store,2023-11-30,2023.0,11.0,30.0
2111293,smoothie,3.0,4.0,12.0,,takeaway,2023-05-29,2023.0,5.0,29.0
2101632,sandwich,4.0,4.0,16.0,,takeaway,2023-06-12,2023.0,6.0,12.0
3355537,tea,3.0,1.5,4.5,digital wallet,,2023-01-09,2023.0,1.0,9.0
4594866,cookie,1.0,1.0,1.0,digital wallet,,2023-03-24,2023.0,3.0,24.0
7485712,sandwich,4.0,4.0,16.0,cash,in-store,2023-04-15,2023.0,4.0,15.0
4848431,salad,5.0,5.0,25.0,credit card,,2023-01-09,2023.0,1.0,9.0
7352058,coffee,2.0,2.0,4.0,,takeaway,2023-08-24,2023.0,8.0,24.0
3442244,cake,4.0,3.0,12.0,,takeaway,2023-05-13,2023.0,5.0,13.0
9810868,cookie,1.0,1.0,1.0,credit card,takeaway,2023-10-05,2023.0,10.0,5.0
1430778,,1.0,1.5,1.5,credit card,takeaway,2023-05-26,2023.0,5.0,26.0
4837909,cake,5.0,3.0,15.0,,takeaway,2023-11-19,2023.0,11.0,19.0
4722816,salad,4.0,5.0,20.0,cash,in-store,2023-10-19,2023.0,10.0,19.0
1833012,salad,3.0,5.0,15.0,digital wallet,,2023-08-16,2023.0,8.0,16.0
6933222,tea,1.0,1.5,1.5,cash,,2023-01-22,2023.0,1.0,22.0
7737862,cookie,2.0,1.0,2.0,credit card,,2023-08-29,2023.0,8.0,29.0
7814690,smoothie,1.0,4.0,4.0,credit card,takeaway,2023-05-10,2023.0,5.0,10.0
8880299,,1.0,1.5,1.5,,,2023-11-16,2023.0,11.0,16.0
6083650,coffee,2.0,2.0,4.0,digital wallet,takeaway,2023-07-01,2023.0,7.0,1.0
8342990,tea,1.0,1.5,1.5,digital wallet,takeaway,2023-04-23,2023.0,4.0,23.0
4407959,tea,1.0,1.5,1.5,digital wallet,takeaway,2023-01-28,2023.0,1.0,28.0
4382970,tea,,1.5,,,in-store,2023-06-04,2023.0,6.0,4.0
3422759,salad,5.0,5.0,25.0,credit card,takeaway,2023-02-19,2023.0,2.0,19.0
1074435,coffee,1.0,2.0,2.0,,in-store,2023-11-25,2023.0,11.0,25.0
8164332,tea,4.0,1.5,6.0,cash,takeaway,2023-04-22,2023.0,4.0,22.0
1912525,,4.0,4.0,16.0,cash,takeaway,2023-11-25,2023.0,11.0,25.0
9715885,smoothie,4.0,4.0,16.0,,in-store,2023-06-16,2023.0,6.0,16.0
1583983,tea,3.0,1.5,4.5,credit card,,2023-03-02,2023.0,3.0,2.0
3634860,juice,5.0,3.0,15.0,credit card,,2023-05-28,2023.0,5.0,28.0
5732357,tea,5.0,1.5,7.5,credit card,,2023-05-06,2023.0,5.0,6.0
2379052,,1.0,5.0,5.0,,,2023-02-16,2023.0,2.0,16.0
7502273,,5.0,2.0,10.0,,in-store,2023-11-14,2023.0,11.0,14.0
2567222,coffee,3.0,2.0,6.0,,takeaway,2023-09-09,2023.0,9.0,9.0
3166181,cookie,3.0,1.0,3.0,credit card,in-store,2023-05-21,2023.0,5.0,21.0
5644074,sandwich,2.0,,,digital wallet,in-store,2023-11-08,2023.0,11.0,8.0
5173881,cookie,3.0,1.0,3.0,cash,takeaway,2023-01-29,2023.0,1.0,29.0
2396923,cookie,1.0,,,digital wallet,,2023-11-02,2023.0,11.0,2.0
7249235,,3.0,4.0,12.0,cash,,2023-05-27,2023.0,5.0,27.0
9612877,smoothie,1.0,4.0,4.0,cash,in-store,2023-03-07,2023.0,3.0,7.0
4841285,tea,2.0,1.5,3.0,credit card,,2023-05-04,2023.0,5.0,4.0
1263426,sandwich,2.0,,,,,2023-10-20,2023.0,10.0,20.0
5293518,sandwich,3.0,,,,in-store,2023-07-16,2023.0,7.0,16.0
4296204,salad,5.0,5.0,25.0,digital wallet,in-store,2023-11-28,2023.0,11.0,28.0
7180164,sandwich,,4.0,,cash,takeaway,2023-01-05,2023.0,1.0,5.0
6478978,juice,3.0,3.0,9.0,credit card,takeaway,2023-10-27,2023.0,10.0,27.0
2030107,juice,4.0,3.0,12.0,,takeaway,2023-01-03,2023.0,1.0,3.0
4897182,cake,3.0,3.0,9.0,cash,takeaway,2023-11-26,2023.0,11.0,26.0
4612269,salad,5.0,,,,,2023-01-09,2023.0,1.0,9.0
7630750,juice,2.0,3.0,6.0,digital wallet,in-store,2023-03-16,2023.0,3.0,16.0
6380978,tea,1.0,1.5,1.5,cash,,2023-12-31,2023.0,12.0,31.0
3744974,,1.0,3.0,3.0,,in-store,2023-01-09,2023.0,1.0,9.0
7551023,salad,5.0,5.0,25.0,cash,,2023-10-06,2023.0,10.0,6.0
2629168,juice,1.0,3.0,3.0,credit card,,,,,
6416741,coffee,,2.0,,cash,,2023-12-03,2023.0,12.0,3.0
1269252,cake,1.0,3.0,3.0,digital wallet,takeaway,2023-07-18,2023.0,7.0,18.0
2377708,cookie,1.0,1.0,1.0,,takeaway,2023-01-03,2023.0,1.0,3.0
3193212,cake,1.0,3.0,3.0,cash,in-store,2023-11-23,2023.0,11.0,23.0
1427963,coffee,1.0,2.0,2.0,cash,,2023-10-14,2023.0,10.0,14.0
3391446,tea,1.0,1.5,1.5,,takeaway,2023-01-14,2023.0,1.0,14.0
4849180,,5.0,,,credit card,in-store,2023-10-14,2023.0,10.0,14.0
2370338,cake,4.0,3.0,12.0,credit card,takeaway,2023-10-30,2023.0,10.0,30.0
8628848,juice,1.0,3.0,3.0,credit card,in-store,2023-01-29,2023.0,1.0,29.0
4294955,salad,5.0,5.0,25.0,,,2023-10-19,2023.0,10.0,19.0
6894703,cookie,1.0,1.0,1.0,digital wallet,,2023-06-06,2023.0,6.0,6.0
9926931,cookie,5.0,1.0,5.0,,takeaway,2023-01-26,2023.0,1.0,26.0
9681369,salad,5.0,5.0,25.0,,,2023-10-23,2023.0,10.0,23.0
9246948,cake,5.0,3.0,15.0,credit card,,2023-11-11,2023.0,11.0,11.0
8519330,cookie,4.0,1.0,4.0,,,2023-03-18,2023.0,3.0,18.0
1720329,cookie,2.0,1.0,2.0,cash,,2023-04-06,2023.0,4.0,6.0
9859715,smoothie,5.0,4.0,20.0,,,2023-07-11,2023.0,7.0,11.0
2805332,cake,4.0,3.0,12.0,cash,,2023-08-10,2023.0,8.0,10.0
4807265,sandwich,3.0,4.0,12.0,digital wallet,,2023-11-19,2023.0,11.0,19.0
5275315,smoothie,2.0,4.0,8.0,digital wallet,in-store,2023-01-19,2023.0,1.0,19.0
7423281,juice,1.0,3.0,3.0,digital wallet,,2023-06-01,2023.0,6.0,1.0
9764251,cookie,4.0,1.0,4.0,,takeaway,2023-06-18,2023.0,6.0,18.0
1034956,sandwich,4.0,4.0,16.0,cash,in-store,,,,
9272043,cake,4.0,3.0,12.0,,,2023-04-20,2023.0,4.0,20.0
5591048,,3.0,2.0,6.0,,in-store,2023-01-15,2023.0,1.0,15.0
4455667,sandwich,2.0,4.0,8.0,credit card,,2023-08-13,2023.0,8.0,13.0
9945729,,2.0,5.0,10.0,digital wallet,,2023-02-03,2023.0,2.0,3.0
8124663,sandwich,2.0,4.0,8.0,credit card,takeaway,2023-10-15,2023.0,10.0,15.0
1769466,,5.0,2.0,10.0,digital wallet,takeaway,2023-08-01,2023.0,8.0,1.0
3209184,salad,,5.0,,cash,takeaway,2023-03-19,2023.0,3.0,19.0
6717074,tea,3.0,1.5,4.5,digital wallet,takeaway,2023-06-12,2023.0,6.0,12.0
2833327,,3.0,2.0,6.0,cash,,2023-07-05,2023.0,7.0,5.0
3856021,salad,1.0,5.0,5.0,credit card,,2023-02-24,2023.0,2.0,24.0
2902289,tea,5.0,1.5,7.5,credit card,in-store,2023-12-16,2023.0,12.0,16.0
9456575,tea,5.0,1.5,7.5,cash,,2023-06-10,2023.0,6.0,10.0
9231214,tea,4.0,1.5,6.0,digital wallet,takeaway,2023-05-24,2023.0,5.0,24.0
6935106,tea,5.0,1.5,7.5,,in-store,,,,
2005789,juice,3.0,3.0,9.0,credit card,takeaway,2023-03-13,2023.0,3.0,13.0
4814965,salad,2.0,5.0,10.0,digital wallet,,2023-07-23,2023.0,7.0,23.0
5656252,sandwich,4.0,4.0,16.0,,takeaway,2023-08-04,2023.0,8.0,4.0
6739950,salad,,5.0,,credit card,in-store,2023-03-04,2023.0,3.0,4.0
1165762,,3.0,2.0,6.0,credit card,,2023-10-22,2023.0,10.0,22.0
1122700,salad,5.0,5.0,25.0,digital wallet,in-store,2023-11-09,2023.0,11.0,9.0
6441337,coffee,5.0,2.0,10.0,,takeaway,2023-02-22,2023.0,2.0,22.0
9134335,cake,3.0,3.0,9.0,digital wallet,takeaway,2023-01-30,2023.0,1.0,30.0
7278970,salad,2.0,5.0,10.0,,in-store,2023-08-15,2023.0,8.0,15.0
7376255,,,,,,in-store,2023-05-27,2023.0,5.0,27.0
1075969,cookie,2.0,1.0,2.0,digital wallet,,2023-08-13,2023.0,8.0,13.0
1972843,coffee,2.0,2.0,4.0,,,2023-02-20,2023.0,2.0,20.0
9546951,sandwich,4.0,4.0,16.0,,,2023-12-14,2023.0,12.0,14.0
2336946,sandwich,4.0,4.0,16.0,,,2023-05-29,2023.0,5.0,29.0
4219548,coffee,5.0,2.0,10.0,,takeaway,2023-07-24,2023.0,7.0,24.0
5799196,sandwich,3.0,4.0,12.0,digital wallet,,2023-12-03,2023.0,12.0,3.0
3337203,smoothie,3.0,4.0,12.0,,takeaway,2023-11-16,2023.0,11.0,16.0
4561006,juice,3.0,3.0,9.0,credit card,,2023-11-23,2023.0,11.0,23.0
6652858,salad,5.0,5.0,25.0,credit card,in-store,2023-09-13,2023.0,9.0,13.0
5932892,juice,4.0,3.0,12.0,digital wallet,in-store,2023-11-19,2023.0,11.0,19.0
7466586,salad,4.0,5.0,20.0,digital wallet,takeaway,2023-04-02,2023.0,4.0,2.0
4207981,smoothie,1.0,4.0,4.0,digital wallet,in-store,2023-03-17,2023.0,3.0,17.0
2771482,salad,4.0,5.0,20.0,credit card,,2023-02-03,2023.0,2.0,3.0
9450903,smoothie,3.0,4.0,12.0,digital wallet,,2023-04-07,2023.0,4.0,7.0
1165779,cookie,4.0,1.0,4.0,digital wallet,takeaway,2023-06-30,2023.0,6.0,30.0
8205635,cake,5.0,3.0,15.0,credit card,,,,,
1984966,,2.0,1.5,3.0,credit card,takeaway,2023-03-31,2023.0,3.0,31.0
4607933,smoothie,2.0,4.0,8.0,credit card,in-store,2023-09-22,2023.0,9.0,22.0
3486178,cake,5.0,3.0,15.0,cash,,2023-06-09,2023.0,6.0,9.0
2324227,cookie,1.0,1.0,1.0,digital wallet,in-store,2023-06-07,2023.0,6.0,7.0
2452819,cookie,3.0,1.0,3.0,credit card,in-store,2023-07-31,2023.0,7.0,31.0
2342256,tea,3.0,1.5,4.5,,,,,,
4789193,juice,3.0,3.0,9.0,,,2023-02-21,2023.0,2.0,21.0
5743519,smoothie,2.0,4.0,8.0,cash,,2023-05-23,2023.0,5.0,23.0
1783857,coffee,2.0,,,digital wallet,in-store,2023-11-29,2023.0,11.0,29.0
6269540,,,4.0,,,,2023-12-06,2023.0,12.0,6.0
8106538,coffee,3.0,,,digital wallet,,2023-07-09,2023.0,7.0,9.0
6732494,coffee,2.0,2.0,4.0,credit card,takeaway,2023-03-18,2023.0,3.0,18.0
3828620,,1.0,5.0,5.0,,in-store,2023-10-15,2023.0,10.0,15.0
9958548,tea,4.0,1.5,6.0,,in-store,,,,
5458161,sandwich,1.0,4.0,4.0,digital wallet,takeaway,2023-07-19,2023.0,7.0,19.0
1518379,juice,4.0,3.0,12.0,,in-store,2023-08-12,2023.0,8.0,12.0
9097840,tea,3.0,1.5,4.5,credit card,,2023-02-06,2023.0,2.0,6.0
5747094,juice,2.0,3.0,6.0,digital wallet,takeaway,2023-05-11,2023.0,5.0,11.0
9782087,sandwich,4.0,4.0,16.0,credit card,in-store,2023-07-27,2023.0,7.0,27.0
5824950,coffee,1.0,2.0,2.0,credit card,in-store,2023-12-06,2023.0,12.0,6.0
6682782,cookie,5.0,1.0,5.0,cash,in-store,2023-12-15,2023.0,12.0,15.0
2468359,,2.0,5.0,10.0,,,2023-07-20,2023.0,7.0,20.0
1902038,,4.0,2.0,8.0,credit card,takeaway,2023-04-07,2023.0,4.0,7.0
9405019,cake,5.0,3.0,15.0,,,,,,
7210366,cake,2.0,3.0,6.0,digital wallet,,2023-03-25,2023.0,3.0,25.0
6327785,,3.0,1.5,4.5,credit card,,2023-11-20,2023.0,11.0,20.0
3206293,cookie,5.0,1.0,5.0,digital wallet,takeaway,2023-05-04,2023.0,5.0,4.0
5827969,salad,5.0,5.0,25.0,digital wallet,,2023-07-03,2023.0,7.0,3.0
6999471,,1.0,3.0,3.0,,,2023-08-07,2023.0,8.0,7.0
2859077,smoothie,3.0,4.0,12.0,digital wallet,takeaway,2023-01-31,2023.0,1.0,31.0
3643361,tea,1.0,1.5,1.5,cash,,2023-01-12,2023.0,1.0,12.0
8066306,cake,5.0,3.0,15.0,digital wallet,takeaway,2023-01-07,2023.0,1.0,7.0
2260351,coffee,3.0,2.0,6.0,cash,,2023-10-26,2023.0,10.0,26.0
5224275,cookie,4.0,1.0,4.0,credit card,in-store,2023-12-17,2023.0,12.0,17.0
3842567,salad,1.0,5.0,5.0,credit card,in-store,2023-03-13,2023.0,3.0,13.0
8515063,,3.0,1.0,3.0,,takeaway,2023-12-06,2023.0,12.0,6.0
2188137,,1.0,1.5,1.5,credit card,,2023-01-15,2023.0,1.0,15.0
3104589,,2.0,1.0,2.0,cash,takeaway,2023-03-01,2023.0,3.0,1.0
9638367,coffee,1.0,2.0,2.0,,,2023-07-22,2023.0,7.0,22.0
8742742,cake,4.0,3.0,12.0,,,2023-03-07,2023.0,3.0,7.0
5687012,salad,2.0,5.0,10.0,cash,,2023-03-12,2023.0,3.0,12.0
5784372,salad,2.0,,,cash,,2023-05-23,2023.0,5.0,23.0
2737300,cake,,3.0,,,in-store,2023-12-25,2023.0,12.0,25.0
5905025,cookie,4.0,1.0,4.0,,takeaway,2023-03-08,2023.0,3.0,8.0
6602557,cake,4.0,3.0,12.0,cash,takeaway,2023-02-06,2023.0,2.0,6.0
8065180,smoothie,5.0,4.0,20.0,digital wallet,takeaway,2023-06-07,2023.0,6.0,7.0
4448424,salad,4.0,,,digital wallet,,2023-01-31,2023.0,1.0,31.0
3396099,coffee,1.0,2.0,2.0,digital wallet,in-store,2023-04-06,2023.0,4.0,6.0
2693431,salad,2.0,5.0,10.0,digital wallet,,2023-05-20,2023.0,5.0,20.0
7767493,sandwich,5.0,4.0,20.0,credit card,in-store,2023-02-20,2023.0,2.0,20.0
2954575,tea,2.0,1.5,3.0,digital wallet,takeaway,2023-11-14,2023.0,11.0,14.0
8983868,,5.0,2.0,10.0,credit card,,2023-03-10,2023.0,3.0,10.0
3540841,,,1.5,,credit card,in-store,2023-03-22,2023.0,3.0,22.0
8933027,juice,5.0,3.0,15.0,credit card,,2023-07-14,2023.0,7.0,14.0
5763287,cake,2.0,,,credit card,,2023-06-27,2023.0,6.0,27.0
7272945,smoothie,4.0,4.0,16.0,,takeaway,2023-04-13,2023.0,4.0,13.0
8511110,tea,3.0,1.5,4.5,,,2023-10-17,2023.0,10.0,17.0
9307650,coffee,3.0,2.0,6.0,,takeaway,2023-02-22,2023.0,2.0,22.0
1812185,juice,2.0,3.0,6.0,digital wallet,,2023-09-21,2023.0,9.0,21.0
2134650,juice,4.0,3.0,12.0,digital wallet,takeaway,2023-02-11,2023.0,2.0,11.0
7899761,juice,2.0,3.0,6.0,,in-store,2023-10-08,2023.0,10.0,8.0
6785552,juice,5.0,3.0,15.0,cash,,2023-01-19,2023.0,1.0,19.0
8794205,cake,4.0,3.0,12.0,credit card,takeaway,2023-10-22,2023.0,10.0,22.0
2464879,cake,2.0,3.0,6.0,credit card,,2023-10-11,2023.0,10.0,11.0
8294790,cookie,1.0,1.0,1.0,digital wallet,takeaway,2023-09-01,2023.0,9.0,1.0
4207219,cake,1.0,3.0,3.0,cash,in-store,2023-09-16,2023.0,9.0,16.0
1921415,cake,1.0,3.0,3.0,cash,takeaway,2023-11-03,2023.0,11.0,3.0
7122109,coffee,5.0,2.0,10.0,,takeaway,2023-05-19,2023.0,5.0,19.0
3601338,cake,3.0,3.0,9.0,credit card,,2023-03-06,2023.0,3.0,6.0
7403839,coffee,1.0,2.0,2.0,,,2023-12-23,2023.0,12.0,23.0
3709876,coffee,1.0,2.0,2.0,credit card,takeaway,2023-11-04,2023.0,11.0,4.0
6063689,cookie,3.0,1.0,3.0,cash,in-store,2023-02-01,2023.0,2.0,1.0
8126762,coffee,5.0,2.0,10.0,digital wallet,takeaway,2023-06-08,2023.0,6.0,8.0
5940531,tea,1.0,1.5,1.5,,in-store,2023-01-11,2023.0,1.0,11.0
9844453,tea,2.0,1.5,3.0,,,2023-01-09,2023.0,1.0,9.0
5774784,cake,5.0,3.0,15.0,,in-store,2023-10-04,2023.0,10.0,4.0
6241682,sandwich,3.0,4.0,12.0,,in-store,2023-09-07,2023.0,9.0,7.0
1235828,tea,4.0,1.5,6.0,cash,takeaway,2023-02-19,2023.0,2.0,19.0
9206403,cookie,1.0,1.0,1.0,,in-store,2023-12-15,2023.0,12.0,15.0
8377178,coffee,5.0,2.0,10.0,,,2023-02-03,2023.0,2.0,3.0
8125141,tea,3.0,1.5,4.5,,takeaway,2023-04-18,2023.0,4.0,18.0
9673343,,2.0,4.0,8.0,cash,in-store,2023-06-22,2023.0,6.0,22.0
8734331,,3.0,1.5,4.5,,,2023-05-17,2023.0,5.0,17.0
9565246,coffee,5.0,2.0,10.0,cash,,2023-12-28,2023.0,12.0,28.0
9914747,coffee,5.0,2.0,10.0,,,2023-12-05,2023.0,12.0,5.0
6148776,coffee,5.0,2.0,10.0,,takeaway,2023-03-02,2023.0,3.0,2.0
4992510,cookie,4.0,1.0,4.0,cash,in-store,2023-01-26,2023.0,1.0,26.0
8384806,sandwich,3.0,,,,takeaway,2023-07-07,2023.0,7.0,7.0
6472826,juice,4.0,3.0,12.0,cash,in-store,2023-04-11,2023.0,4.0,11.0
8131052,cookie,1.0,1.0,1.0,credit card,takeaway,2023-09-16,2023.0,9.0,16.0
8425819,sandwich,1.0,4.0,4.0,,,2023-01-09,2023.0,1.0,9.0
8116619,smoothie,3.0,4.0,12.0,cash,in-store,,,,
6636395,juice,4.0,3.0,12.0,cash,in-store,2023-01-30,2023.0,1.0,30.0
2137354,coffee,2.0,2.0,4.0,,,2023-05-17,2023.0,5.0,17.0
3353615,coffee,4.0,2.0,8.0,credit card,takeaway,2023-07-24,2023.0,7.0,24.0
2703095,salad,1.0,5.0,5.0,,,2023-10-05,2023.0,10.0,5.0
7282082,sandwich,4.0,4.0,16.0,,in-store,2023-02-02,2023.0,2.0,2.0
6705109,cake,3.0,3.0,9.0,cash,in-store,2023-08-05,2023.0,8.0,5.0
1857902,sandwich,5.0,4.0,20.0,,takeaway,2023-04-26,2023.0,4.0,26.0
5788053,sandwich,5.0,4.0,20.0,digital wallet,,2023-01-04,2023.0,1.0,4.0
8650185,smoothie,5.0,4.0,20.0,cash,,2023-06-13,2023.0,6.0,13.0
1171281,coffee,2.0,2.0,4.0,digital wallet,,2023-02-06,2023.0,2.0,6.0
9875865,cookie,3.0,1.0,3.0,digital wallet,,2023-10-23,2023.0,10.0,23.0
6244602,cake,5.0,3.0,15.0,digital wallet,,2023-05-06,2023.0,5.0,6.0
5093855,,4.0,,,cash,takeaway,2023-11-23,2023.0,11.0,23.0
5588102,,4.0,1.0,4.0,credit card,in-store,2023-01-14,2023.0,1.0,14.0
7762815,smoothie,5.0,4.0,20.0,credit card,,2023-07-26,2023.0,7.0,26.0
8421481,coffee,4.0,2.0,8.0,digital wallet,takeaway,2023-07-27,2023.0,7.0,27.0
3717307,cookie,,1.0,,credit card,in-store,2023-07-02,2023.0,7.0,2.0
6201227,salad,2.0,5.0,10.0,cash,takeaway,2023-01-15,2023.0,1.0,15.0
9052231,sandwich,1.0,4.0,4.0,credit card,in-store,2023-08-20,2023.0,8.0,20.0
8228865,juice,3.0,3.0,9.0,digital wallet,in-store,2023-09-19,2023.0,9.0,19.0
5875188,salad,3.0,5.0,15.0,digital wallet,in-store,2023-07-09,2023.0,7.0,9.0
7997704,sandwich,2.0,4.0,8.0,digital wallet,,2023-04-28,2023.0,4.0,28.0
4409875,cake,3.0,3.0,9.0,digital wallet,,2023-09-08,2023.0,9.0,8.0
4015427,cookie,5.0,1.0,5.0,credit card,,2023-08-05,2023.0,8.0,5.0
3358787,cake,1.0,3.0,3.0,digital wallet,,2023-06-10,2023.0,6.0,10.0
8557847,,4.0,4.0,16.0,,takeaway,2023-09-02,2023.0,9.0,2.0
1307239,coffee,1.0,2.0,2.0,digital wallet,takeaway,2023-10-26,2023.0,10.0,26.0
5138519,cake,5.0,3.0,15.0,cash,in-store,2023-05-22,2023.0,5.0,22.0
8763436,juice,4.0,3.0,12.0,cash,,2023-04-11,2023.0,4.0,11.0
3067609,,4.0,5.0,20.0,cash,,2023-12-25,2023.0,12.0,25.0
2450896,smoothie,1.0,4.0,4.0,digital wallet,takeaway,,,,
4052950,salad,2.0,5.0,10.0,credit card,,2023-03-13,2023.0,3.0,13.0
2207332,coffee,1.0,2.0,2.0,credit card,,2023-01-12,2023.0,1.0,12.0
6633385,,2.0,3.0,6.0,credit card,takeaway,2023-02-12,2023.0,2.0,12.0
8302551,cake,4.0,3.0,12.0,,,,,,
6710660,salad,2.0,5.0,10.0,cash,in-store,2023-02-08,2023.0,2.0,8.0
9523369,coffee,3.0,2.0,6.0,digital wallet,takeaway,2023-08-25,2023.0,8.0,25.0
3548756,juice,3.0,3.0,9.0,digital wallet,,2023-02-24,2023.0,2.0,24.0
9332035,cookie,2.0,1.0,2.0,digital wallet,,2023-11-02,2023.0,11.0,2.0
7539774,salad,1.0,,,,in-store,2023-02-12,2023.0,2.0,12.0
7846513,sandwich,3.0,4.0,12.0,credit card,,2023-10-19,2023.0,10.0,19.0
6188931,cake,5.0,3.0,15.0,digital wallet,in-store,2023-01-28,2023.0,1.0,28.0
6707466,salad,,5.0,,credit card,,2023-04-02,2023.0,4.0,2.0
4076392,coffee,3.0,2.0,6.0,,in-store,2023-12-24,2023.0,12.0,24.0
2365394,cake,2.0,3.0,6.0,digital wallet,in-store,2023-04-06,2023.0,4.0,6.0
7089466,cookie,4.0,1.0,4.0,,,2023-12-26,2023.0,12.0,26.0
2898188,salad,4.0,5.0,20.0,digital wallet,takeaway,2023-04-26,2023.0,4.0,26.0
1632205,cookie,4.0,1.0,4.0,,in-store,2023-02-04,2023.0,2.0,4.0
3741197,cake,4.0,3.0,12.0,credit card,,2023-10-13,2023.0,10.0,13.0
5300938,tea,5.0,1.5,7.5,cash,takeaway,2023-10-30,2023.0,10.0,30.0
3547013,tea,3.0,1.5,4.5,,,2023-04-26,2023.0,4.0,26.0
7705748,juice,3.0,3.0,9.0,digital wallet,,2023-07-14,2023.0,7.0,14.0
7469391,coffee,5.0,2.0,10.0,cash,in-store,,,,
8073173,tea,5.0,1.5,7.5,cash,,2023-07-05,2023.0,7.0,5.0
1489746,cookie,3.0,1.0,3.0,digital wallet,in-store,2023-12-18,2023.0,12.0,18.0
2864951,tea,5.0,1.5,7.5,credit card,takeaway,2023-10-09,2023.0,10.0,9.0
6817889,tea,1.0,1.5,1.5,,,2023-10-04,2023.0,10.0,4.0
7809825,,2.0,4.0,8.0,credit card,,2023-08-26,2023.0,8.0,26.0
7402573,sandwich,4.0,4.0,16.0,,takeaway,2023-02-13,2023.0,2.0,13.0
4762520,smoothie,1.0,4.0,4.0,cash,takeaway,2023-07-17,2023.0,7.0,17.0
6869880,juice,4.0,3.0,12.0,digital wallet,takeaway,2023-08-05,2023.0,8.0,5.0
3054405,juice,3.0,3.0,9.0,cash,in-store,2023-11-19,2023.0,11.0,19.0
2085992,cake,1.0,3.0,3.0,,takeaway,2023-05-15,2023.0,5.0,15.0
1443201,cookie,5.0,1.0,5.0,credit card,in-store,2023-10-03,2023.0,10.0,3.0
9157460,cake,4.0,3.0,12.0,digital wallet,takeaway,2023-01-23,2023.0,1.0,23.0
2299364,salad,1.0,5.0,5.0,cash,in-store,2023-10-26,2023.0,10.0,26.0
9948645,salad,1.0,5.0,5.0,credit card,,2023-08-29,2023.0,8.0,29.0
8244640,cookie,1.0,1.0,1.0,,takeaway,2023-09-24,2023.0,9.0,24.0
9507568,smoothie,4.0,4.0,16.0,credit card,,2023-10-12,2023.0,10.0,12.0
7952916,coffee,4.0,2.0,8.0,,,2023-12-10,2023.0,12.0,10.0
1058927,sandwich,4.0,4.0,16.0,cash,,2023-07-08,2023.0,7.0,8.0
2165365,coffee,5.0,,,digital wallet,takeaway,2023-06-08,2023.0,6.0,8.0
4497327,cookie,2.0,1.0,2.0,credit card,,2023-11-08,2023.0,11.0,8.0
3677890,sandwich,,4.0,,credit card,in-store,2023-02-28,2023.0,2.0,28.0
6029333,cake,1.0,3.0,3.0,,,2023-06-10,2023.0,6.0,10.0
9300970,cake,2.0,3.0,6.0,credit card,takeaway,2023-03-06,2023.0,3.0,6.0
3931747,,4.0,1.0,4.0,,takeaway,2023-01-14,2023.0,1.0,14.0
5747642,salad,2.0,5.0,10.0,cash,takeaway,2023-07-26,2023.0,7.0,26.0
1505875,smoothie,4.0,4.0,16.0,cash,takeaway,2023-05-17,2023.0,5.0,17.0
5417192,cookie,4.0,1.0,4.0,cash,in-store,2023-06-23,2023.0,6.0,23.0
1522140,cookie,4.0,1.0,4.0,cash,,2023-05-28,2023.0,5.0,28.0
5357157,juice,4.0,3.0,12.0,credit card,in-store,2023-05-21,2023.0,5.0,21.0
2000400,tea,5.0,1.5,7.5,digital wallet,takeaway,2023-09-29,2023.0,9.0,29.0
5612022,cookie,5.0,1.0,5.0,digital wallet,,2023-09-27,2023.0,9.0,27.0
3105489,cake,3.0,3.0,9.0,digital wallet,in-store,2023-03-14,2023.0,3.0,14.0
4509329,tea,1.0,1.5,1.5,,takeaway,2023-10-22,2023.0,10.0,22.0
1724815,,,4.0,,,in-store,2023-08-16,2023.0,8.0,16.0
2096922,coffee,3.0,2.0,6.0,digital wallet,takeaway,2023-12-11,2023.0,12.0,11.0
2563679,salad,3.0,5.0,15.0,digital wallet,,2023-04-09,2023.0,4.0,9.0
2930503,juice,3.0,3.0,9.0,,in-store,2023-06-18,2023.0,6.0,18.0
9265178,sandwich,4.0,4.0,16.0,cash,takeaway,2023-03-18,2023.0,3.0,18.0
7126770,cake,4.0,3.0,12.0,credit card,takeaway,2023-11-09,2023.0,11.0,9.0
6348409,salad,3.0,5.0,15.0,credit card,takeaway,2023-07-26,2023.0,7.0,26.0
3776109,,1.0,5.0,5.0,,,2023-05-20,2023.0,5.0,20.0
2538739,salad,2.0,5.0,10.0,,in-store,2023-07-29,2023.0,7.0,29.0
4159135,coffee,3.0,2.0,6.0,,takeaway,2023-02-09,2023.0,2.0,9.0
1454866,sandwich,1.0,,,digital wallet,takeaway,2023-12-13,2023.0,12.0,13.0
4654061,sandwich,2.0,4.0,8.0,credit card,,2023-05-04,2023.0,5.0,4.0
8160791,cake,5.0,3.0,15.0,digital wallet,in-store,2023-10-24,2023.0,10.0,24.0
1647069,sandwich,1.0,4.0,4.0,credit card,takeaway,2023-04-06,2023.0,4.0,6.0
8499005,,5.0,2.0,10.0,,,2023-10-26,2023.0,10.0,26.0
1512185,coffee,4.0,2.0,8.0,cash,takeaway,2023-06-16,2023.0,6.0,16.0
8632653,juice,2.0,3.0,6.0,,in-store,2023-12-24,2023.0,12.0,24.0
8744240,,4.0,4.0,16.0,cash,,2023-06-19,2023.0,6.0,19.0
4190750,juice,5.0,3.0,15.0,,takeaway,2023-04-02,2023.0,4.0,2.0
9470260,coffee,5.0,2.0,10.0,,in-store,2023-10-07,2023.0,10.0,7.0
6257213,juice,5.0,3.0,15.0,cash,,2023-12-12,2023.0,12.0,12.0
1004563,tea,5.0,1.5,7.5,credit card,in-store,2023-10-28,2023.0,10.0,28.0
5352739,sandwich,4.0,4.0,16.0,,,2023-07-31,2023.0,7.0,31.0
7387056,juice,4.0,3.0,12.0,credit card,,2023-10-24,2023.0,10.0,24.0
1927431,cookie,1.0,1.0,1.0,credit card,in-store,2023-02-07,2023.0,2.0,7.0
3432433,cookie,5.0,1.0,5.0,cash,in-store,2023-02-19,2023.0,2.0,19.0
1130142,cookie,1.0,1.0,1.0,credit card,in-store,2023-03-13,2023.0,3.0,13.0
6682443,cake,4.0,3.0,12.0,digital wallet,,2023-09-03,2023.0,9.0,3.0
3279039,cake,4.0,3.0,12.0,credit card,in-store,2023-06-26,2023.0,6.0,26.0
6119612,,3.0,3.0,9.0,cash,,2023-12-25,2023.0,12.0,25.0
1295824,tea,1.0,1.5,1.5,credit card,,2023-08-01,2023.0,8.0,1.0
8305936,juice,3.0,3.0,9.0,digital wallet,in-store,2023-08-02,2023.0,8.0,2.0
9550664,salad,2.0,,,,,2023-06-29,2023.0,6.0,29.0
3808895,salad,2.0,5.0,10.0,cash,in-store,2023-07-13,2023.0,7.0,13.0
9843811,juice,2.0,3.0,6.0,credit card,,2023-03-01,2023.0,3.0,1.0
6405258,tea,2.0,1.5,3.0,credit card,takeaway,2023-08-10,2023.0,8.0,10.0
1224087,coffee,5.0,2.0,10.0,digital wallet,takeaway,2023-03-20,2023.0,3.0,20.0
7727118,smoothie,5.0,4.0,20.0,digital wallet,takeaway,2023-11-04,2023.0,11.0,4.0
8456072,smoothie,1.0,4.0,4.0,,in-store,2023-07-11,2023.0,7.0,11.0
8173006,salad,3.0,5.0,15.0,,takeaway,2023-12-21,2023.0,12.0,21.0
2769769,,5.0,5.0,25.0,credit card,in-store,2023-04-01,2023.0,4.0,1.0
8413949,juice,1.0,3.0,3.0,credit card,in-store,2023-10-14,2023.0,10.0,14.0
7538763,smoothie,1.0,4.0,4.0,,takeaway,2023-11-18,2023.0,11.0,18.0
6541110,cookie,3.0,1.0,3.0,cash,in-store,2023-12-30,2023.0,12.0,30.0
6264390,,2.0,4.0,8.0,cash,,2023-06-29,2023.0,6.0,29.0
6814891,coffee,1.0,2.0,2.0,digital wallet,takeaway,2023-06-26,2023.0,6.0,26.0
9884180,salad,1.0,5.0,5.0,cash,takeaway,2023-05-19,2023.0,5.0,19.0
6424202,cookie,2.0,,,credit card,in-store,2023-11-20,2023.0,11.0,20.0
6775024,coffee,2.0,2.0,4.0,cash,in-store,2023-01-30,2023.0,1.0,30.0
8540553,cake,1.0,3.0,3.0,,in-store,2023-07-13,2023.0,7.0,13.0
6501361,salad,5.0,5.0,25.0,cash,in-store,2023-01-17,2023.0,1.0,17.0
5671997,juice,3.0,,,,takeaway,2023-09-03,2023.0,9.0,3.0
4283360,coffee,2.0,2.0,4.0,credit card,in-store,2023-12-19,2023.0,12.0,19.0
3956393,cookie,4.0,1.0,4.0,credit card,in-store,2023-01-14,2023.0,1.0,14.0
1971103,juice,4.0,3.0,12.0,,,2023-08-22,2023.0,8.0,22.0
9576057,tea,5.0,1.5,7.5,digital wallet,takeaway,2023-03-03,2023.0,3.0,3.0
1435035,smoothie,1.0,4.0,4.0,,in-store,2023-12-31,2023.0,12.0,31.0
8111101,sandwich,5.0,4.0,20.0,cash,,2023-01-12,2023.0,1.0,12.0
8323012,tea,3.0,1.5,4.5,credit card,,2023-12-17,2023.0,12.0,17.0
9415451,cake,3.0,3.0,9.0,,takeaway,2023-01-04,2023.0,1.0,4.0
7072883,smoothie,1.0,4.0,4.0,credit card,,2023-10-05,2023.0,10.0,5.0
7455637,juice,3.0,3.0,9.0,,takeaway,2023-04-23,2023.0,4.0,23.0
3779292,salad,2.0,5.0,10.0,credit card,in-store,2023-12-30,2023.0,12.0,30.0
2629420,smoothie,2.0,4.0,8.0,,takeaway,2023-01-16,2023.0,1.0,16.0
5848025,tea,5.0,1.5,7.5,credit card,in-store,2023-01-19,2023.0,1.0,19.0
1452253,sandwich,2.0,4.0,8.0,,,2023-05-12,2023.0,5.0,12.0
4661976,smoothie,3.0,4.0,12.0,digital wallet,,2023-10-13,2023.0,10.0,13.0
4818703,cookie,2.0,1.0,2.0,digital wallet,takeaway,2023-04-20,2023.0,4.0,20.0
9849760,cake,2.0,3.0,6.0,,takeaway,2023-09-01,2023.0,9.0,1.0
6387334,smoothie,5.0,4.0,20.0,digital wallet,in-store,2023-02-19,2023.0,2.0,19.0
6431384,juice,4.0,3.0,12.0,digital wallet,in-store,2023-08-06,2023.0,8.0,6.0
2445017,tea,5.0,1.5,7.5,,takeaway,2023-07-23,2023.0,7.0,23.0
9202190,sandwich,,4.0,,,in-store,2023-08-25,2023.0,8.0,25.0
4695464,cookie,4.0,1.0,4.0,,takeaway,,,,
1486576,sandwich,4.0,4.0,16.0,,takeaway,2023-09-10,2023.0,9.0,10.0
5530717,juice,1.0,3.0,3.0,credit card,in-store,2023-03-10,2023.0,3.0,10.0
7490314,cookie,2.0,1.0,2.0,,in-store,2023-05-14,2023.0,5.0,14.0
1811734,coffee,4.0,2.0,8.0,,,2023-07-16,2023.0,7.0,16.0
3100053,cake,3.0,3.0,9.0,cash,in-store,2023-12-19,2023.0,12.0,19.0
5812394,salad,5.0,5.0,25.0,cash,,2023-10-17,2023.0,10.0,17.0
6315475,coffee,2.0,2.0,4.0,,,2023-09-23,2023.0,9.0,23.0
5477578,smoothie,,4.0,,digital wallet,takeaway,2023-03-12,2023.0,3.0,12.0
5373441,salad,1.0,5.0,5.0,,in-store,2023-06-02,2023.0,6.0,2.0
1094145,cookie,3.0,1.0,3.0,credit card,,2023-03-15,2023.0,3.0,15.0
8680875,,2.0,1.5,3.0,cash,takeaway,2023-07-21,2023.0,7.0,21.0
6504180,smoothie,1.0,4.0,4.0,digital wallet,in-store,2023-08-31,2023.0,8.0,31.0
6378045,sandwich,5.0,4.0,20.0,digital wallet,in-store,2023-05-07,2023.0,5.0,7.0
4502704,tea,4.0,1.5,6.0,,in-store,2023-04-04,2023.0,4.0,4.0
6992967,smoothie,5.0,4.0,20.0,cash,,2023-08-29,2023.0,8.0,29.0
6266147,juice,3.0,3.0,9.0,credit card,in-store,2023-01-31,2023.0,1.0,31.0
7499330,cookie,1.0,1.0,1.0,credit card,in-store,2023-10-28,2023.0,10.0,28.0
8815623,coffee,2.0,2.0,4.0,digital wallet,in-store,2023-02-03,2023.0,2.0,3.0
7632478,juice,2.0,3.0,6.0,digital wallet,,2023-04-11,2023.0,4.0,11.0
5431854,cookie,3.0,1.0,3.0,,in-store,2023-01-18,2023.0,1.0,18.0
3518789,coffee,2.0,2.0,4.0,digital wallet,takeaway,2023-12-01,2023.0,12.0,1.0
6162668,,4.0,5.0,20.0,digital wallet,,2023-03-30,2023.0,3.0,30.0
4767006,cake,1.0,3.0,3.0,cash,takeaway,2023-08-23,2023.0,8.0,23.0
2880409,tea,4.0,1.5,6.0,cash,,2023-09-11,2023.0,9.0,11.0
4277671,tea,5.0,1.5,7.5,,takeaway,2023-08-21,2023.0,8.0,21.0
8810601,juice,2.0,3.0,6.0,digital wallet,,2023-08-18,2023.0,8.0,18.0
6572164,cookie,4.0,1.0,4.0,credit card,takeaway,2023-01-15,2023.0,1.0,15.0
6281959,,4.0,1.5,6.0,,in-store,2023-03-16,2023.0,3.0,16.0
6714068,coffee,1.0,,,,,2023-02-17,2023.0,2.0,17.0
2470532,,1.0,2.0,2.0,digital wallet,in-store,2023-01-21,2023.0,1.0,21.0
6920323,sandwich,1.0,4.0,4.0,credit card,,2023-06-10,2023.0,6.0,10.0
6519486,cake,5.0,3.0,15.0,,,2023-02-05,2023.0,2.0,5.0
7524971,tea,4.0,1.5,6.0,digital wallet,takeaway,2023-09-05,2023.0,9.0,5.0
4650447,tea,1.0,1.5,1.5,cash,,2023-08-18,2023.0,8.0,18.0
3928174,coffee,3.0,2.0,6.0,,,2023-09-11,2023.0,9.0,11.0
1475403,cookie,1.0,1.0,1.0,cash,in-store,,,,
1700027,smoothie,4.0,4.0,16.0,digital wallet,in-store,2023-06-04,2023.0,6.0,4.0
2026084,,2.0,2.0,4.0,cash,in-store,2023-10-20,2023.0,10.0,20.0
5942938,,3.0,3.0,9.0,credit card,,2023-05-24,2023.0,5.0,24.0
8813764,cookie,,1.0,,credit card,in-store,2023-05-08,2023.0,5.0,8.0
5202349,cookie,4.0,1.0,4.0,,in-store,2023-11-27,2023.0,11.0,27.0
2409052,sandwich,1.0,4.0,4.0,credit card,in-store,2023-07-08,2023.0,7.0,8.0
8528546,cake,3.0,3.0,9.0,cash,,2023-12-09,2023.0,12.0,9.0
4849860,tea,4.0,1.5,6.0,credit card,in-store,2023-12-01,2023.0,12.0,1.0
1840897,,1.0,,,,,2023-06-03,2023.0,6.0,3.0
7689696,,5.0,4.0,20.0,digital wallet,takeaway,2023-07-03,2023.0,7.0,3.0
6905794,salad,1.0,5.0,5.0,cash,takeaway,2023-05-31,2023.0,5.0,31.0
4469769,salad,5.0,5.0,25.0,,,2023-08-15,2023.0,8.0,15.0
9452261,cake,5.0,3.0,15.0,,,2023-11-29,2023.0,11.0,29.0
7347515,smoothie,3.0,4.0,12.0,,takeaway,2023-04-25,2023.0,4.0,25.0
1940330,tea,4.0,1.5,6.0,,in-store,2023-01-12,2023.0,1.0,12.0
1576355,coffee,4.0,2.0,8.0,,,2023-10-20,2023.0,10.0,20.0
8615635,,,1.0,,,in-store,2023-01-12,2023.0,1.0,12.0
9511794,cookie,1.0,1.0,1.0,cash,takeaway,2023-06-10,2023.0,6.0,10.0
9024781,smoothie,4.0,4.0,16.0,cash,in-store,2023-09-12,2023.0,9.0,12.0
7771526,juice,1.0,3.0,3.0,cash,in-store,2023-04-28,2023.0,4.0,28.0
7070302,salad,3.0,5.0,15.0,,in-store,2023-04-30,2023.0,4.0,30.0
6511228,salad,4.0,5.0,20.0,credit card,,2023-11-01,2023.0,11.0,1.0
5320512,tea,5.0,1.5,7.5,,in-store,2023-04-25,2023.0,4.0,25.0
2972777,juice,4.0,,,credit card,,2023-04-08,2023.0,4.0,8.0
8591813,coffee,3.0,2.0,6.0,cash,takeaway,2023-10-31,2023.0,10.0,31.0
4095768,salad,5.0,5.0,25.0,digital wallet,in-store,2023-06-18,2023.0,6.0,18.0
9107508,coffee,1.0,2.0,2.0,,,2023-06-06,2023.0,6.0,6.0
2791987,smoothie,,4.0,,credit card,,2023-06-23,2023.0,6.0,23.0
6045577,,3.0,2.0,6.0,credit card,,2023-07-06,2023.0,7.0,6.0
5534944,tea,5.0,1.5,7.5,credit card,takeaway,2023-01-26,2023.0,1.0,26.0
7887682,,2.0,2.0,4.0,credit card,takeaway,2023-06-17,2023.0,6.0,17.0
5037517,,5.0,4.0,20.0,,in-store,2023-06-01,2023.0,6.0,1.0
6805091,,2.0,4.0,8.0,cash,,2023-12-28,2023.0,12.0,28.0
5839300,cake,1.0,3.0,3.0,credit card,,2023-07-01,2023.0,7.0,1.0
7801115,tea,1.0,1.5,1.5,cash,,2023-12-18,2023.0,12.0,18.0
4753853,,5.0,3.0,15.0,credit card,takeaway,2023-05-07,2023.0,5.0,7.0
7145259,juice,2.0,3.0,6.0,digital wallet,in-store,2023-11-11,2023.0,11.0,11.0
2817018,sandwich,3.0,4.0,12.0,credit card,takeaway,2023-04-25,2023.0,4.0,25.0
6762490,juice,5.0,3.0,15.0,cash,,2023-05-03,2023.0,5.0,3.0
9705872,cookie,3.0,,,,in-store,,,,
6012446,smoothie,4.0,4.0,16.0,cash,takeaway,2023-07-20,2023.0,7.0,20.0
8936086,sandwich,4.0,4.0,16.0,,in-store,2023-11-27,2023.0,11.0,27.0
4135134,cookie,5.0,1.0,5.0,credit card,takeaway,2023-08-11,2023.0,8.0,11.0
7808032,cookie,4.0,,,,takeaway,2023-12-19,2023.0,12.0,19.0
2212234,juice,2.0,3.0,6.0,cash,in-store,2023-12-22,2023.0,12.0,22.0
8611918,,3.0,5.0,15.0,cash,takeaway,2023-06-27,2023.0,6.0,27.0
5115009,cake,4.0,3.0,12.0,,takeaway,2023-02-21,2023.0,2.0,21.0
9827492,tea,3.0,1.5,4.5,,,2023-07-13,2023.0,7.0,13.0
6344003,cake,1.0,3.0,3.0,,,2023-12-22,2023.0,12.0,22.0
1993155,juice,1.0,3.0,3.0,,,2023-05-23,2023.0,5.0,23.0
4566012,cookie,5.0,1.0,5.0,credit card,takeaway,2023-05-10,2023.0,5.0,10.0
1030539,cake,3.0,3.0,9.0,,takeaway,2023-11-06,2023.0,11.0,6.0
3830605,coffee,,2.0,,,takeaway,2023-12-07,2023.0,12.0,7.0
5052515,tea,,1.5,,cash,in-store,2023-09-19,2023.0,9.0,19.0
5125382,coffee,1.0,2.0,2.0,digital wallet,in-store,2023-12-26,2023.0,12.0,26.0
5015183,cake,2.0,3.0,6.0,,in-store,2023-08-29,2023.0,8.0,29.0
1661068,salad,3.0,5.0,15.0,cash,takeaway,2023-04-09,2023.0,4.0,9.0
9549381,juice,1.0,3.0,3.0,digital wallet,in-store,2023-11-23,2023.0,11.0,23.0
7812084,sandwich,4.0,4.0,16.0,cash,in-store,2023-01-17,2023.0,1.0,17.0
1694364,sandwich,3.0,4.0,12.0,,takeaway,2023-06-10,2023.0,6.0,10.0
4191925,coffee,2.0,2.0,4.0,,,2023-10-21,2023.0,10.0,21.0
2258091,juice,2.0,3.0,6.0,,in-store,2023-10-11,2023.0,10.0,11.0
6482262,juice,3.0,3.0,9.0,credit card,,2023-05-13,2023.0,5.0,13.0
1951166,tea,2.0,1.5,3.0,credit card,,2023-08-28,2023.0,8.0,28.0
4552615,cake,2.0,3.0,6.0,cash,takeaway,2023-04-09,2023.0,4.0,9.0
6745856,cake,4.0,3.0,12.0,cash,in-store,2023-06-16,2023.0,6.0,16.0
4898949,salad,1.0,5.0,5.0,,in-store,2023-09-18,2023.0,9.0,18.0
7027560,,5.0,1.5,7.5,,in-store,2023-10-05,2023.0,10.0,5.0
9646000,,2.0,,,,in-store,2023-12-14,2023.0,12.0,14.0
2338426,coffee,2.0,2.0,4.0,,,2023-05-07,2023.0,5.0,7.0
3369191,cookie,5.0,1.0,5.0,cash,takeaway,2023-02-07,2023.0,2.0,7.0
5551020,sandwich,2.0,4.0,8.0,credit card,,2023-01-31,2023.0,1.0,31.0
9269683,sandwich,5.0,4.0,20.0,digital wallet,,2023-09-26,2023.0,9.0,26.0
9287350,smoothie,2.0,4.0,8.0,,in-store,2023-01-28,2023.0,1.0,28.0
6541809,tea,3.0,1.5,4.5,,,2023-05-01,2023.0,5.0,1.0
4398750,sandwich,2.0,4.0,8.0,cash,in-store,2023-05-28,2023.0,5.0,28.0
7493097,cake,,3.0,,credit card,,2023-11-04,2023.0,11.0,4.0
9850541,cookie,4.0,1.0,4.0,cash,takeaway,2023-09-02,2023.0,9.0,2.0
4262142,cake,2.0,3.0,6.0,cash,takeaway,2023-01-02,2023.0,1.0,2.0
7153313,tea,1.0,1.5,1.5,cash,,2023-12-29,2023.0,12.0,29.0
8581124,salad,2.0,5.0,10.0,credit card,,2023-05-08,2023.0,5.0,8.0
3589218,salad,2.0,5.0,10.0,credit card,in-store,2023-06-21,2023.0,6.0,21.0
7303515,salad,4.0,5.0,20.0,cash,in-store,2023-05-29,2023.0,5.0,29.0
2586183,cookie,2.0,1.0,2.0,cash,,2023-09-04,2023.0,9.0,4.0
2436779,cake,1.0,3.0,3.0,credit card,takeaway,2023-05-24,2023.0,5.0,24.0
4001763,juice,3.0,3.0,9.0,,takeaway,2023-05-11,2023.0,5.0,11.0
9317529,juice,4.0,,,credit card,,2023-07-10,2023.0,7.0,10.0
6974587,salad,3.0,5.0,15.0,cash,,2023-06-16,2023.0,6.0,16.0
4379467,tea,,1.5,,,,2023-06-16,2023.0,6.0,16.0
2719734,cake,5.0,3.0,15.0,digital wallet,in-store,2023-05-22,2023.0,5.0,22.0
2887332,sandwich,5.0,4.0,20.0,,,2023-11-16,2023.0,11.0,16.0
8566668,sandwich,5.0,4.0,20.0,digital wallet,in-store,2023-02-12,2023.0,2.0,12.0
8284384,juice,2.0,3.0,6.0,digital wallet,takeaway,2023-06-05,2023.0,6.0,5.0
2139240,sandwich,4.0,4.0,16.0,digital wallet,,2023-04-06,2023.0,4.0,6.0
5454841,cookie,5.0,1.0,5.0,,takeaway,2023-06-04,2023.0,6.0,4.0
8104431,tea,5.0,1.5,7.5,,in-store,2023-03-07,2023.0,3.0,7.0
5141000,smoothie,4.0,4.0,16.0,,takeaway,2023-06-16,2023.0,6.0,16.0
2508499,tea,3.0,1.5,4.5,credit card,in-store,2023-02-22,2023.0,2.0,22.0
4571510,smoothie,3.0,4.0,12.0,cash,takeaway,2023-11-19,2023.0,11.0,19.0
4742476,coffee,2.0,2.0,4.0,cash,in-store,2023-10-27,2023.0,10.0,27.0
8510436,cake,1.0,3.0,3.0,digital wallet,in-store,2023-07-19,2023.0,7.0,19.0
7509630,cookie,3.0,1.0,3.0,cash,in-store,2023-04-20,2023.0,4.0,20.0
5276301,cake,3.0,3.0,9.0,cash,,2023-03-13,2023.0,3.0,13.0
4977130,sandwich,1.0,4.0,4.0,digital wallet,in-store,2023-07-08,2023.0,7.0,8.0
4293196,cookie,,1.0,,,in-store,2023-06-17,2023.0,6.0,17.0
9284099,cake,2.0,3.0,6.0,digital wallet,in-store,2023-07-20,2023.0,7.0,20.0
1900411,salad,3.0,5.0,15.0,,,2023-09-24,2023.0,9.0,24.0
7454416,tea,1.0,1.5,1.5,credit card,takeaway,2023-12-07,2023.0,12.0,7.0
4178899,coffee,2.0,2.0,4.0,,takeaway,2023-04-05,2023.0,4.0,5.0
9027002,smoothie,4.0,,,credit card,takeaway,2023-12-31,2023.0,12.0,31.0
6587399,smoothie,1.0,4.0,4.0,,takeaway,2023-08-08,2023.0,8.0,8.0
7179013,juice,5.0,3.0,15.0,credit card,in-store,2023-05-06,2023.0,5.0,6.0
7694559,cookie,3.0,1.0,3.0,cash,takeaway,2023-05-05,2023.0,5.0,5.0
4391496,sandwich,1.0,4.0,4.0,cash,,2023-02-20,2023.0,2.0,20.0
5668193,coffee,5.0,2.0,10.0,cash,takeaway,2023-08-14,2023.0,8.0,14.0
1448501,cake,4.0,3.0,12.0,credit card,takeaway,2023-09-10,2023.0,9.0,10.0
7139869,tea,1.0,1.5,1.5,cash,in-store,2023-06-22,2023.0,6.0,22.0
6419668,sandwich,3.0,4.0,12.0,credit card,in-store,2023-04-29,2023.0,4.0,29.0
8810001,smoothie,5.0,4.0,20.0,digital wallet,takeaway,2023-12-23,2023.0,12.0,23.0
5647773,salad,2.0,5.0,10.0,,in-store,2023-07-20,2023.0,7.0,20.0
4439120,cookie,2.0,1.0,2.0,credit card,in-store,2023-03-31,2023.0,3.0,31.0
4613510,cake,5.0,3.0,15.0,credit card,takeaway,2023-02-16,2023.0,2.0,16.0
7937275,cake,4.0,3.0,12.0,credit card,,2023-09-18,2023.0,9.0,18.0
7565052,smoothie,5.0,4.0,20.0,,in-store,2023-06-18,2023.0,6.0,18.0
2044375,salad,1.0,5.0,5.0,cash,takeaway,2023-01-05,2023.0,1.0,5.0
1772692,smoothie,3.0,4.0,12.0,cash,,2023-09-05,2023.0,9.0,5.0
6399545,sandwich,4.0,4.0,16.0,credit card,takeaway,2023-03-22,2023.0,3.0,22.0
2980279,,1.0,3.0,3.0,digital wallet,takeaway,2023-04-23,2023.0,4.0,23.0
6286062,coffee,1.0,2.0,2.0,credit card,,,,,
4049031,coffee,5.0,2.0,10.0,digital wallet,,2023-08-22,2023.0,8.0,22.0
1328968,tea,1.0,,,,in-store,2023-06-28,2023.0,6.0,28.0
8549381,,5.0,4.0,20.0,digital wallet,,2023-02-06,2023.0,2.0,6.0
2080228,juice,1.0,3.0,3.0,,in-store,2023-06-21,2023.0,6.0,21.0
7416880,cake,1.0,3.0,3.0,credit card,in-store,2023-07-20,2023.0,7.0,20.0
1360379,tea,1.0,1.5,1.5,credit card,,2023-08-23,2023.0,8.0,23.0
9617454,smoothie,1.0,4.0,4.0,digital wallet,takeaway,2023-08-22,2023.0,8.0,22.0
6421446,cake,2.0,3.0,6.0,cash,takeaway,2023-09-17,2023.0,9.0,17.0
6272674,coffee,3.0,2.0,6.0,cash,,2023-09-12,2023.0,9.0,12.0
6805882,cookie,4.0,1.0,4.0,cash,in-store,2023-09-04,2023.0,9.0,4.0
1475459,tea,4.0,1.5,6.0,,takeaway,2023-11-09,2023.0,11.0,9.0
2825812,cake,3.0,,,cash,takeaway,2023-06-26,2023.0,6.0,26.0
5380198,cake,3.0,3.0,9.0,,,,,,
5398922,salad,1.0,5.0,5.0,cash,in-store,2023-01-10,2023.0,1.0,10.0
3458602,cake,2.0,3.0,6.0,cash,in-store,2023-11-18,2023.0,11.0,18.0
6571440,smoothie,2.0,4.0,8.0,,takeaway,2023-01-18,2023.0,1.0,18.0
1368769,cookie,3.0,1.0,3.0,credit card,takeaway,2023-06-02,2023.0,6.0,2.0
4343848,cookie,5.0,1.0,5.0,credit card,takeaway,2023-07-16,2023.0,7.0,16.0
7656355,sandwich,3.0,4.0,12.0,credit card,takeaway,2023-09-11,2023.0,9.0,11.0
4434005,cookie,1.0,1.0,1.0,digital wallet,in-store,2023-03-20,2023.0,3.0,20.0
7975760,,3.0,3.0,9.0,digital wallet,in-store,2023-12-02,2023.0,12.0,2.0
9177867,tea,3.0,1.5,4.5,digital wallet,,2023-09-14,2023.0,9.0,14.0
8158986,cookie,5.0,1.0,5.0,,in-store,2023-12-10,2023.0,12.0,10.0
9882625,sandwich,1.0,4.0,4.0,cash,in-store,2023-03-26,2023.0,3.0,26.0
8937461,cookie,5.0,1.0,5.0,digital wallet,,2023-12-22,2023.0,12.0,22.0
2485272,tea,4.0,1.5,6.0,digital wallet,takeaway,2023-06-30,2023.0,6.0,30.0
4085337,smoothie,3.0,4.0,12.0,,in-store,2023-10-25,2023.0,10.0,25.0
6838802,coffee,1.0,2.0,2.0,,takeaway,2023-08-29,2023.0,8.0,29.0
2114182,cookie,3.0,1.0,3.0,digital wallet,,2023-07-28,2023.0,7.0,28.0
8417552,coffee,1.0,2.0,2.0,,takeaway,2023-12-09,2023.0,12.0,9.0
4126189,tea,,1.5,,credit card,,2023-09-30,2023.0,9.0,30.0
1892454,juice,1.0,3.0,3.0,,,2023-07-19,2023.0,7.0,19.0
9592941,tea,5.0,1.5,7.5,digital wallet,in-store,2023-04-08,2023.0,4.0,8.0
1063342,sandwich,5.0,4.0,20.0,,in-store,2023-01-13,2023.0,1.0,13.0
4407203,,4.0,1.0,4.0,cash,takeaway,2023-08-21,2023.0,8.0,21.0
7153885,salad,1.0,5.0,5.0,credit card,,2023-05-22,2023.0,5.0,22.0
1917388,,2.0,3.0,6.0,digital wallet,,2023-04-15,2023.0,4.0,15.0
5279972,smoothie,4.0,4.0,16.0,credit card,takeaway,2023-01-07,2023.0,1.0,7.0
6953244,smoothie,5.0,4.0,20.0,cash,,2023-09-13,2023.0,9.0,13.0
5347792,salad,3.0,5.0,15.0,digital wallet,,2023-02-10,2023.0,2.0,10.0
4876195,tea,2.0,1.5,3.0,,in-store,,,,
1574190,smoothie,3.0,4.0,12.0,,,2023-12-17,2023.0,12.0,17.0
4829492,,2.0,3.0,6.0,credit card,takeaway,2023-01-09,2023.0,1.0,9.0
9550629,smoothie,1.0,4.0,4.0,,in-store,2023-02-06,2023.0,2.0,6.0
6470865,coffee,,2.0,,digital wallet,takeaway,2023-09-18,2023.0,9.0,18.0
3986639,salad,1.0,5.0,5.0,credit card,in-store,2023-10-09,2023.0,10.0,9.0
3227673,cookie,1.0,1.0,1.0,cash,,2023-10-13,2023.0,10.0,13.0
2915287,salad,1.0,5.0,5.0,digital wallet,takeaway,2023-01-16,2023.0,1.0,16.0
2513558,juice,4.0,3.0,12.0,,,2023-10-11,2023.0,10.0,11.0
7460497,cake,5.0,3.0,15.0,cash,,2023-11-13,2023.0,11.0,13.0
1607471,sandwich,2.0,4.0,8.0,credit card,takeaway,2023-01-03,2023.0,1.0,3.0
1244739,salad,2.0,5.0,10.0,credit card,takeaway,2023-09-13,2023.0,9.0,13.0
7878672,coffee,1.0,,,cash,in-store,2023-10-25,2023.0,10.0,25.0
6807913,juice,3.0,3.0,9.0,credit card,takeaway,2023-01-22,2023.0,1.0,22.0
6438869,juice,5.0,3.0,15.0,credit card,takeaway,2023-10-30,2023.0,10.0,30.0
1047204,cookie,3.0,1.0,3.0,digital wallet,,2023-04-13,2023.0,4.0,13.0
6017458,,5.0,5.0,25.0,credit card,,2023-04-23,2023.0,4.0,23.0
4311086,cake,4.0,3.0,12.0,,in-store,2023-10-10,2023.0,10.0,10.0
1075446,cookie,4.0,1.0,4.0,credit card,,2023-07-17,2023.0,7.0,17.0
8958723,sandwich,4.0,4.0,16.0,digital wallet,,2023-11-12,2023.0,11.0,12.0
2206740,coffee,3.0,2.0,6.0,,takeaway,2023-06-07,2023.0,6.0,7.0
2337113,coffee,1.0,2.0,2.0,digital wallet,takeaway,2023-11-19,2023.0,11.0,19.0
2417721,coffee,4.0,2.0,8.0,credit card,takeaway,2023-10-20,2023.0,10.0,20.0
5808539,sandwich,1.0,4.0,4.0,,takeaway,2023-06-30,2023.0,6.0,30.0
6574910,cookie,1.0,1.0,1.0,digital wallet,,2023-09-13,2023.0,9.0,13.0
5342900,cake,5.0,3.0,15.0,cash,,2023-07-12,2023.0,7.0,12.0
8949453,,5.0,4.0,20.0,,takeaway,2023-11-13,2023.0,11.0,13.0
2853459,tea,4.0,1.5,6.0,cash,,2023-08-14,2023.0,8.0,14.0
3379182,juice,4.0,3.0,12.0,cash,,2023-06-03,2023.0,6.0,3.0
9629448,tea,2.0,1.5,3.0,,in-store,2023-02-22,2023.0,2.0,22.0
8233101,salad,2.0,5.0,10.0,cash,in-store,2023-02-12,2023.0,2.0,12.0
1247244,sandwich,1.0,4.0,4.0,digital wallet,in-store,2023-12-27,2023.0,12.0,27.0
4292280,cake,4.0,3.0,12.0,cash,takeaway,2023-01-01,2023.0,1.0,1.0
3670476,tea,3.0,1.5,4.5,cash,takeaway,2023-03-25,2023.0,3.0,25.0
4506936,cookie,1.0,1.0,1.0,credit card,takeaway,2023-03-20,2023.0,3.0,20.0
4009914,sandwich,2.0,4.0,8.0,,in-store,,,,
2827994,cake,5.0,3.0,15.0,digital wallet,in-store,2023-12-04,2023.0,12.0,4.0
5342051,sandwich,3.0,4.0,12.0,cash,,2023-04-21,2023.0,4.0,21.0
7924635,smoothie,5.0,4.0,20.0,digital wallet,takeaway,2023-02-21,2023.0,2.0,21.0
5958999,tea,2.0,1.5,3.0,,,2023-04-13,2023.0,4.0,13.0
9098841,cake,1.0,3.0,3.0,credit card,,2023-08-07,2023.0,8.0,7.0
9723314,coffee,4.0,2.0,8.0,cash,in-store,2023-10-10,2023.0,10.0,10.0
2311186,smoothie,3.0,4.0,12.0,digital wallet,,2023-07-16,2023.0,7.0,16.0
8061460,sandwich,3.0,4.0,12.0,credit card,takeaway,,,,
4659573,cake,,3.0,,,,2023-05-15,2023.0,5.0,15.0
3920436,juice,2.0,3.0,6.0,digital wallet,in-store,2023-11-19,2023.0,11.0,19.0
5514988,cookie,5.0,1.0,5.0,credit card,,,,,
7825638,,4.0,3.0,12.0,,,2023-12-09,2023.0,12.0,9.0
8710758,sandwich,3.0,4.0,12.0,credit card,in-store,2023-01-12,2023.0,1.0,12.0
4873180,tea,5.0,1.5,7.5,digital wallet,in-store,2023-01-17,2023.0,1.0,17.0
9643918,,3.0,1.0,3.0,credit card,in-store,2023-07-21,2023.0,7.0,21.0
9997620,cookie,2.0,1.0,2.0,cash,,2023-12-11,2023.0,12.0,11.0
2830671,sandwich,1.0,4.0,4.0,cash,takeaway,2023-11-08,2023.0,11.0,8.0
7876619,,2.0,3.0,6.0,cash,in-store,2023-09-27,2023.0,9.0,27.0
5898238,,,2.0,,credit card,,2023-06-29,2023.0,6.0,29.0
5337074,cookie,3.0,1.0,3.0,credit card,in-store,2023-01-12,2023.0,1.0,12.0
9774186,tea,3.0,1.5,4.5,,,2023-07-03,2023.0,7.0,3.0
8619494,coffee,2.0,2.0,4.0,digital wallet,in-store,,,,
7268802,salad,2.0,5.0,10.0,digital wallet,takeaway,2023-04-10,2023.0,4.0,10.0
3894735,juice,5.0,3.0,15.0,,,2023-03-10,2023.0,3.0,10.0
1842981,tea,5.0,1.5,7.5,credit card,,2023-04-12,2023.0,4.0,12.0
1720238,salad,5.0,5.0,25.0,,takeaway,2023-05-08,2023.0,5.0,8.0
8520687,salad,5.0,5.0,25.0,,takeaway,2023-04-21,2023.0,4.0,21.0
5793417,sandwich,2.0,4.0,8.0,digital wallet,in-store,2023-12-29,2023.0,12.0,29.0
2927909,cake,4.0,3.0,12.0,credit card,,2023-10-04,2023.0,10.0,4.0
3412484,cake,4.0,3.0,12.0,,takeaway,2023-09-06,2023.0,9.0,6.0
3754190,,3.0,3.0,9.0,digital wallet,in-store,,,,
4048203,smoothie,2.0,4.0,8.0,,takeaway,2023-12-13,2023.0,12.0,13.0
9181224,sandwich,5.0,4.0,20.0,cash,,,,,
6841304,cake,1.0,3.0,3.0,,,2023-03-13,2023.0,3.0,13.0
2156454,cookie,5.0,1.0,5.0,,in-store,2023-08-17,2023.0,8.0,17.0
2001807,,5.0,4.0,20.0,,in-store,2023-08-10,2023.0,8.0,10.0
4781960,juice,1.0,3.0,3.0,digital wallet,,2023-03-28,2023.0,3.0,28.0
4381404,salad,,5.0,,,,2023-08-15,2023.0,8.0,15.0
8406851,,2.0,3.0,6.0,,in-store,2023-09-09,2023.0,9.0,9.0
3982257,coffee,2.0,2.0,4.0,digital wallet,,2023-07-23,2023.0,7.0,23.0
1463795,coffee,5.0,2.0,10.0,credit card,,2023-08-04,2023.0,8.0,4.0
7454894,tea,,1.5,,cash,takeaway,2023-07-25,2023.0,7.0,25.0
5930304,sandwich,2.0,4.0,8.0,digital wallet,,2023-11-02,2023.0,11.0,2.0
4249989,coffee,4.0,2.0,8.0,digital wallet,,2023-01-22,2023.0,1.0,22.0
2957017,sandwich,,4.0,,cash,in-store,2023-06-13,2023.0,6.0,13.0
2733833,cake,,3.0,,,in-store,2023-09-09,2023.0,9.0,9.0
6585794,smoothie,5.0,4.0,20.0,credit card,in-store,2023-02-15,2023.0,2.0,15.0
5721846,cookie,3.0,1.0,3.0,cash,takeaway,2023-04-14,2023.0,4.0,14.0
6487493,salad,3.0,5.0,15.0,cash,in-store,2023-03-13,2023.0,3.0,13.0
4476636,coffee,3.0,,,credit card,in-store,,,,
1197495,juice,5.0,3.0,15.0,,takeaway,,,,
9395087,tea,1.0,1.5,1.5,cash,in-store,2023-06-12,2023.0,6.0,12.0
4477559,juice,5.0,3.0,15.0,credit card,,2023-10-02,2023.0,10.0,2.0
5542033,sandwich,3.0,4.0,12.0,digital wallet,,2023-06-26,2023.0,6.0,26.0
8850984,sandwich,3.0,,,cash,takeaway,2023-05-27,2023.0,5.0,27.0
1710823,salad,2.0,5.0,10.0,credit card,,2023-01-27,2023.0,1.0,27.0
6575440,tea,1.0,1.5,1.5,cash,,2023-02-05,2023.0,2.0,5.0
5225537,tea,5.0,1.5,7.5,digital wallet,,2023-11-04,2023.0,11.0,4.0
1583315,cookie,3.0,1.0,3.0,,takeaway,2023-10-17,2023.0,10.0,17.0
8130122,sandwich,2.0,4.0,8.0,,in-store,2023-10-23,2023.0,10.0,23.0
3587444,juice,2.0,3.0,6.0,credit card,,2023-02-03,2023.0,2.0,3.0
7053280,,,2.0,,,in-store,2023-05-28,2023.0,5.0,28.0
9407000,sandwich,4.0,4.0,16.0,,takeaway,2023-10-03,2023.0,10.0,3.0
3017917,cookie,3.0,,,credit card,takeaway,2023-08-31,2023.0,8.0,31.0
8090925,,3.0,1.0,3.0,digital wallet,in-store,2023-07-11,2023.0,7.0,11.0
7738013,salad,5.0,5.0,25.0,credit card,takeaway,2023-11-28,2023.0,11.0,28.0
8542781,cake,2.0,3.0,6.0,,,2023-05-18,2023.0,5.0,18.0
6617283,tea,4.0,1.5,6.0,digital wallet,,2023-06-09,2023.0,6.0,9.0
1461221,salad,2.0,5.0,10.0,cash,in-store,2023-04-30,2023.0,4.0,30.0
2056358,coffee,3.0,2.0,6.0,cash,in-store,2023-09-17,2023.0,9.0,17.0
1858674,smoothie,2.0,4.0,8.0,,in-store,2023-04-09,2023.0,4.0,9.0
2251009,cookie,5.0,1.0,5.0,,,2023-04-02,2023.0,4.0,2.0
5616473,sandwich,4.0,4.0,16.0,cash,,2023-07-28,2023.0,7.0,28.0
7022398,sandwich,4.0,4.0,16.0,,,2023-12-23,2023.0,12.0,23.0
2615514,cookie,5.0,,,digital wallet,,,,,
7379939,,1.0,1.0,1.0,cash,,2023-04-21,2023.0,4.0,21.0
7331525,cake,2.0,3.0,6.0,,,,,,
1004184,smoothie,1.0,4.0,4.0,credit card,in-store,2023-05-18,2023.0,5.0,18.0
4141868,tea,3.0,1.5,4.5,credit card,,2023-02-08,2023.0,2.0,8.0
9871971,smoothie,3.0,4.0,12.0,,takeaway,2023-10-06,2023.0,10.0,6.0
4168771,coffee,5.0,2.0,10.0,digital wallet,,2023-08-02,2023.0,8.0,2.0
6328925,salad,4.0,5.0,20.0,credit card,,2023-09-05,2023.0,9.0,5.0
1226662,salad,1.0,5.0,5.0,,in-store,2023-06-17,2023.0,6.0,17.0
7562171,tea,1.0,1.5,1.5,,in-store,2023-09-02,2023.0,9.0,2.0
6843677,,,2.0,,,takeaway,2023-09-09,2023.0,9.0,9.0
2980632,cookie,3.0,1.0,3.0,credit card,takeaway,2023-01-14,2023.0,1.0,14.0
2609762,coffee,5.0,2.0,10.0,,takeaway,2023-07-26,2023.0,7.0,26.0
7253734,sandwich,,4.0,,digital wallet,,2023-09-28,2023.0,9.0,28.0
6679600,coffee,1.0,2.0,2.0,digital wallet,,2023-03-15,2023.0,3.0,15.0
8722854,juice,1.0,3.0,3.0,credit card,takeaway,,,,
8279992,juice,5.0,3.0,15.0,,,2023-07-03,2023.0,7.0,3.0
5722123,cake,4.0,3.0,12.0,digital wallet,takeaway,2023-11-23,2023.0,11.0,23.0
3446174,cake,5.0,3.0,15.0,cash,,2023-10-31,2023.0,10.0,31.0
3518261,sandwich,2.0,4.0,8.0,digital wallet,,2023-08-05,2023.0,8.0,5.0
5927925,juice,4.0,3.0,12.0,digital wallet,in-store,2023-11-02,2023.0,11.0,2.0
5101593,cake,5.0,3.0,15.0,credit card,takeaway,2023-01-25,2023.0,1.0,25.0
1578981,cake,1.0,3.0,3.0,cash,in-store,2023-05-15,2023.0,5.0,15.0
7876388,cookie,4.0,1.0,4.0,cash,in-store,2023-10-05,2023.0,10.0,5.0
5939363,tea,5.0,1.5,7.5,credit card,in-store,2023-02-14,2023.0,2.0,14.0
1636908,cake,4.0,3.0,12.0,digital wallet,,2023-10-17,2023.0,10.0,17.0
5221688,coffee,2.0,2.0,4.0,cash,,2023-07-03,2023.0,7.0,3.0
1196923,smoothie,2.0,4.0,8.0,,,2023-04-27,2023.0,4.0,27.0
8944698,coffee,3.0,2.0,6.0,credit card,,2023-09-15,2023.0,9.0,15.0
8167275,salad,5.0,5.0,25.0,,,,,,
2167159,cake,,3.0,,cash,,2023-04-06,2023.0,4.0,6.0
7811387,cookie,5.0,1.0,5.0,credit card,takeaway,2023-11-30,2023.0,11.0,30.0
1884923,coffee,4.0,2.0,8.0,digital wallet,takeaway,2023-05-11,2023.0,5.0,11.0
8215595,tea,2.0,1.5,3.0,cash,,2023-11-23,2023.0,11.0,23.0
7618171,cake,5.0,3.0,15.0,cash,,,,,
9857674,tea,5.0,1.5,7.5,,takeaway,2023-06-12,2023.0,6.0,12.0
7389626,tea,2.0,1.5,3.0,,,,,,
6035512,cake,5.0,3.0,15.0,cash,takeaway,2023-02-19,2023.0,2.0,19.0
1398769,smoothie,1.0,4.0,4.0,cash,in-store,2023-06-02,2023.0,6.0,2.0
6874354,sandwich,4.0,4.0,16.0,credit card,,2023-03-23,2023.0,3.0,23.0
9690711,cookie,2.0,1.0,2.0,credit card,in-store,2023-09-13,2023.0,9.0,13.0
5620636,tea,4.0,,,,in-store,2023-06-12,2023.0,6.0,12.0
7234224,cake,3.0,3.0,9.0,,,2023-10-31,2023.0,10.0,31.0
3844347,sandwich,4.0,,,cash,,2023-10-04,2023.0,10.0,4.0
4507533,cake,1.0,3.0,3.0,digital wallet,,2023-08-31,2023.0,8.0,31.0
7636238,sandwich,4.0,4.0,16.0,credit card,,2023-03-27,2023.0,3.0,27.0
8913153,smoothie,2.0,4.0,8.0,credit card,,2023-09-02,2023.0,9.0,2.0
7595206,sandwich,5.0,4.0,20.0,credit card,in-store,2023-12-02,2023.0,12.0,2.0
8424592,smoothie,4.0,4.0,16.0,credit card,takeaway,2023-11-09,2023.0,11.0,9.0
1769882,,3.0,3.0,9.0,,takeaway,2023-03-17,2023.0,3.0,17.0
2000406,cake,2.0,3.0,6.0,credit card,,2023-06-06,2023.0,6.0,6.0
3105786,smoothie,3.0,4.0,12.0,,in-store,2023-10-04,2023.0,10.0,4.0
7820220,cake,3.0,3.0,9.0,credit card,in-store,2023-03-16,2023.0,3.0,16.0
5880883,sandwich,5.0,4.0,20.0,digital wallet,in-store,2023-02-02,2023.0,2.0,2.0
4447856,smoothie,2.0,4.0,8.0,cash,takeaway,2023-09-11,2023.0,9.0,11.0
6613909,cake,4.0,3.0,12.0,credit card,in-store,2023-06-30,2023.0,6.0,30.0
5331924,sandwich,2.0,4.0,8.0,cash,takeaway,2023-06-30,2023.0,6.0,30.0
9090433,cookie,2.0,1.0,2.0,cash,,2023-07-12,2023.0,7.0,12.0
9393467,,5.0,3.0,15.0,cash,,2023-09-25,2023.0,9.0,25.0
9811033,cookie,3.0,1.0,3.0,cash,takeaway,2023-11-30,2023.0,11.0,30.0
5452419,coffee,4.0,,,cash,in-store,2023-01-25,2023.0,1.0,25.0
5384343,juice,1.0,3.0,3.0,credit card,,2023-03-29,2023.0,3.0,29.0
6580743,coffee,1.0,2.0,2.0,digital wallet,takeaway,2023-12-18,2023.0,12.0,18.0
8361821,tea,5.0,1.5,7.5,cash,in-store,2023-06-30,2023.0,6.0,30.0
2103626,juice,3.0,3.0,9.0,cash,in-store,2023-04-23,2023.0,4.0,23.0
1891141,juice,4.0,3.0,12.0,digital wallet,in-store,2023-10-25,2023.0,10.0,25.0
1252575,tea,1.0,1.5,1.5,digital wallet,takeaway,2023-10-16,2023.0,10.0,16.0
5354721,,5.0,3.0,15.0,,takeaway,2023-09-07,2023.0,9.0,7.0
6723498,salad,3.0,5.0,15.0,,takeaway,2023-01-28,2023.0,1.0,28.0
1852224,tea,4.0,,,cash,takeaway,2023-01-06,2023.0,1.0,6.0
5247378,sandwich,2.0,4.0,8.0,digital wallet,takeaway,2023-06-16,2023.0,6.0,16.0
8786479,coffee,4.0,2.0,8.0,,,2023-05-29,2023.0,5.0,29.0
5108439,salad,2.0,5.0,10.0,,in-store,2023-05-06,2023.0,5.0,6.0
4993989,smoothie,2.0,4.0,8.0,,,2023-11-15,2023.0,11.0,15.0
8004510,cake,,3.0,,cash,takeaway,2023-12-29,2023.0,12.0,29.0
8541473,coffee,3.0,2.0,6.0,,,2023-08-02,2023.0,8.0,2.0
8917822,cake,2.0,3.0,6.0,digital wallet,,2023-12-12,2023.0,12.0,12.0
8108731,juice,5.0,3.0,15.0,,,2023-08-13,2023.0,8.0,13.0
4570750,,1.0,2.0,2.0,cash,takeaway,2023-05-18,2023.0,5.0,18.0
1190151,juice,5.0,3.0,15.0,digital wallet,,2023-08-14,2023.0,8.0,14.0
8304002,juice,1.0,3.0,3.0,credit card,takeaway,2023-05-02,2023.0,5.0,2.0
4341764,coffee,2.0,2.0,4.0,cash,,2023-12-02,2023.0,12.0,2.0
1751183,,5.0,4.0,20.0,credit card,,2023-12-25,2023.0,12.0,25.0
2112333,cookie,2.0,1.0,2.0,credit card,in-store,,,,
1046384,smoothie,1.0,4.0,4.0,cash,,2023-06-09,2023.0,6.0,9.0
1736630,,5.0,1.5,7.5,credit card,,2023-07-16,2023.0,7.0,16.0
8287437,tea,2.0,1.5,3.0,,,2023-03-16,2023.0,3.0,16.0
4153132,salad,3.0,5.0,15.0,digital wallet,,2023-03-21,2023.0,3.0,21.0
3243410,tea,2.0,,,,,2023-10-30,2023.0,10.0,30.0
3061634,coffee,1.0,2.0,2.0,digital wallet,,2023-03-17,2023.0,3.0,17.0
7433308,salad,4.0,5.0,20.0,cash,takeaway,2023-02-14,2023.0,2.0,14.0
6991736,juice,2.0,3.0,6.0,digital wallet,in-store,2023-11-07,2023.0,11.0,7.0
7334272,sandwich,2.0,4.0,8.0,credit card,takeaway,2023-07-07,2023.0,7.0,7.0
8120577,,3.0,3.0,9.0,cash,in-store,2023-09-08,2023.0,9.0,8.0
9072093,cookie,1.0,1.0,1.0,,,2023-03-06,2023.0,3.0,6.0
4705417,salad,5.0,5.0,25.0,credit card,takeaway,2023-12-14,2023.0,12.0,14.0
8145970,juice,5.0,3.0,15.0,digital wallet,takeaway,2023-10-26,2023.0,10.0,26.0
1910553,smoothie,5.0,4.0,20.0,cash,,2023-10-01,2023.0,10.0,1.0
9115899,cake,2.0,,,credit card,in-store,2023-02-23,2023.0,2.0,23.0
2785563,juice,5.0,3.0,15.0,cash,takeaway,,,,
6020552,sandwich,2.0,4.0,8.0,cash,takeaway,2023-01-14,2023.0,1.0,14.0
7970906,coffee,,2.0,,,in-store,2023-03-07,2023.0,3.0,7.0
5317458,salad,2.0,5.0,10.0,credit card,,2023-01-22,2023.0,1.0,22.0
6913384,tea,3.0,1.5,4.5,credit card,takeaway,2023-09-18,2023.0,9.0,18.0
1910487,sandwich,3.0,,,digital wallet,in-store,2023-08-14,2023.0,8.0,14.0
6142549,juice,3.0,3.0,9.0,digital wallet,,2023-03-12,2023.0,3.0,12.0
7266318,sandwich,1.0,4.0,4.0,,in-store,2023-01-16,2023.0,1.0,16.0
4390911,salad,2.0,5.0,10.0,digital wallet,,2023-12-19,2023.0,12.0,19.0
1445532,coffee,3.0,2.0,6.0,cash,takeaway,2023-03-03,2023.0,3.0,3.0
8841996,sandwich,2.0,4.0,8.0,,,2023-12-09,2023.0,12.0,9.0
9814511,,1.0,3.0,3.0,credit card,,2023-01-05,2023.0,1.0,5.0
2563505,sandwich,1.0,4.0,4.0,cash,takeaway,2023-10-27,2023.0,10.0,27.0
5183674,coffee,2.0,2.0,4.0,digital wallet,,2023-04-13,2023.0,4.0,13.0
6748199,salad,2.0,5.0,10.0,cash,,2023-07-23,2023.0,7.0,23.0
3463281,cake,5.0,,,,takeaway,2023-10-06,2023.0,10.0,6.0
5795475,tea,3.0,1.5,4.5,digital wallet,in-store,2023-09-21,2023.0,9.0,21.0
2322399,salad,4.0,5.0,20.0,,takeaway,2023-04-15,2023.0,4.0,15.0
5865534,smoothie,4.0,4.0,16.0,digital wallet,,2023-10-16,2023.0,10.0,16.0
7060144,cake,5.0,3.0,15.0,credit card,,,,,
5159669,tea,4.0,1.5,6.0,credit card,,2023-09-30,2023.0,9.0,30.0
4268051,cookie,1.0,1.0,1.0,digital wallet,in-store,2023-05-05,2023.0,5.0,5.0
8120958,cookie,5.0,,,credit card,,2023-06-21,2023.0,6.0,21.0
6126149,tea,2.0,1.5,3.0,,,,,,
5530097,juice,2.0,3.0,6.0,credit card,takeaway,2023-12-19,2023.0,12.0,19.0
7805241,salad,4.0,5.0,20.0,,,2023-04-16,2023.0,4.0,16.0
2427834,tea,4.0,1.5,6.0,,in-store,2023-06-15,2023.0,6.0,15.0
6949949,salad,3.0,5.0,15.0,,,2023-05-14,2023.0,5.0,14.0
9094261,juice,2.0,3.0,6.0,digital wallet,takeaway,2023-05-15,2023.0,5.0,15.0
5661323,cookie,2.0,1.0,2.0,credit card,takeaway,2023-05-06,2023.0,5.0,6.0
2356583,smoothie,4.0,,,digital wallet,in-store,2023-11-30,2023.0,11.0,30.0
4248711,smoothie,1.0,4.0,4.0,cash,,2023-08-01,2023.0,8.0,1.0
6270766,cookie,1.0,1.0,1.0,,in-store,2023-11-10,2023.0,11.0,10.0
9697154,tea,3.0,1.5,4.5,credit card,in-store,2023-10-08,2023.0,10.0,8.0
6381860,coffee,1.0,2.0,2.0,digital wallet,in-store,2023-08-21,2023.0,8.0,21.0
6028331,cake,4.0,3.0,12.0,cash,,2023-10-22,2023.0,10.0,22.0
8830924,tea,2.0,1.5,3.0,credit card,,2023-10-25,2023.0,10.0,25.0
3866156,coffee,4.0,2.0,8.0,,takeaway,2023-02-28,2023.0,2.0,28.0
6872833,coffee,,2.0,,,,2023-11-02,2023.0,11.0,2.0
6405210,coffee,4.0,2.0,8.0,cash,,2023-08-11,2023.0,8.0,11.0
4740952,tea,4.0,1.5,6.0,,takeaway,2023-02-21,2023.0,2.0,21.0
6321174,tea,4.0,1.5,6.0,digital wallet,,2023-12-09,2023.0,12.0,9.0
5613875,tea,5.0,1.5,7.5,,in-store,,,,
6052901,smoothie,5.0,4.0,20.0,credit card,takeaway,2023-08-16,2023.0,8.0,16.0
1253619,juice,5.0,3.0,15.0,,,2023-05-25,2023.0,5.0,25.0
5537517,smoothie,3.0,4.0,12.0,digital wallet,takeaway,2023-10-27,2023.0,10.0,27.0
5496019,cookie,5.0,1.0,5.0,cash,in-store,2023-11-26,2023.0,11.0,26.0
4579666,smoothie,2.0,4.0,8.0,,,2023-10-23,2023.0,10.0,23.0
6359281,coffee,2.0,2.0,4.0,credit card,,2023-09-16,2023.0,9.0,16.0
3620122,sandwich,1.0,4.0,4.0,cash,in-store,2023-05-06,2023.0,5.0,6.0
8367716,tea,2.0,1.5,3.0,credit card,takeaway,2023-02-03,2023.0,2.0,3.0
6779763,cookie,1.0,1.0,1.0,credit card,,2023-04-25,2023.0,4.0,25.0
1985142,smoothie,3.0,4.0,12.0,digital wallet,,,,,
8385321,smoothie,2.0,4.0,8.0,credit card,takeaway,2023-02-08,2023.0,2.0,8.0
5345258,salad,2.0,5.0,10.0,credit card,takeaway,2023-03-13,2023.0,3.0,13.0
8932759,smoothie,3.0,4.0,12.0,credit card,takeaway,2023-09-01,2023.0,9.0,1.0
6958638,tea,,1.5,,digital wallet,takeaway,2023-11-27,2023.0,11.0,27.0
3898665,sandwich,2.0,4.0,8.0,cash,takeaway,2023-03-07,2023.0,3.0,7.0
4996304,coffee,2.0,2.0,4.0,credit card,,2023-08-17,2023.0,8.0,17.0
9566593,cake,2.0,3.0,6.0,digital wallet,,2023-09-30,2023.0,9.0,30.0
4808700,cookie,4.0,1.0,4.0,cash,takeaway,2023-01-13,2023.0,1.0,13.0
5776252,tea,4.0,1.5,6.0,cash,takeaway,2023-08-11,2023.0,8.0,11.0
5673476,smoothie,4.0,4.0,16.0,cash,takeaway,2023-02-09,2023.0,2.0,9.0
6363733,tea,1.0,1.5,1.5,,takeaway,2023-10-25,2023.0,10.0,25.0
5297995,tea,5.0,1.5,7.5,,in-store,2023-07-04,2023.0,7.0,4.0
8049635,salad,3.0,5.0,15.0,cash,,2023-11-16,2023.0,11.0,16.0
2881529,,1.0,3.0,3.0,,in-store,2023-07-04,2023.0,7.0,4.0
3459927,cookie,,1.0,,digital wallet,in-store,2023-07-20,2023.0,7.0,20.0
6478968,salad,2.0,5.0,10.0,,,2023-09-12,2023.0,9.0,12.0
4135861,salad,2.0,5.0,10.0,credit card,,2023-03-16,2023.0,3.0,16.0
2031545,juice,2.0,3.0,6.0,digital wallet,in-store,2023-05-02,2023.0,5.0,2.0
4676976,smoothie,3.0,4.0,12.0,digital wallet,in-store,2023-05-26,2023.0,5.0,26.0
7421018,sandwich,4.0,4.0,16.0,digital wallet,,2023-08-26,2023.0,8.0,26.0
8239121,smoothie,,4.0,,,in-store,2023-05-11,2023.0,5.0,11.0
1435192,cake,2.0,3.0,6.0,,,2023-06-18,2023.0,6.0,18.0
5364052,sandwich,2.0,4.0,8.0,credit card,,2023-02-05,2023.0,2.0,5.0
8345649,cookie,5.0,1.0,5.0,cash,,2023-08-23,2023.0,8.0,23.0
8560548,sandwich,1.0,4.0,4.0,credit card,takeaway,2023-09-02,2023.0,9.0,2.0
2345332,tea,3.0,1.5,4.5,,in-store,2023-07-05,2023.0,7.0,5.0
9389434,cake,5.0,3.0,15.0,,in-store,2023-06-16,2023.0,6.0,16.0
1240476,juice,2.0,3.0,6.0,digital wallet,takeaway,2023-04-20,2023.0,4.0,20.0
8345092,smoothie,1.0,4.0,4.0,credit card,,2023-07-24,2023.0,7.0,24.0
5849947,sandwich,5.0,4.0,20.0,cash,,2023-02-02,2023.0,2.0,2.0
8227648,,,1.5,,,takeaway,2023-05-31,2023.0,5.0,31.0
7800602,tea,1.0,1.5,1.5,cash,,2023-04-30,2023.0,4.0,30.0
5926836,cake,5.0,3.0,15.0,,in-store,2023-08-07,2023.0,8.0,7.0
4397994,cookie,5.0,1.0,5.0,,takeaway,2023-09-26,2023.0,9.0,26.0
1585827,cake,3.0,3.0,9.0,credit card,in-store,2023-09-30,2023.0,9.0,30.0
3384640,salad,4.0,5.0,20.0,,takeaway,2023-10-17,2023.0,10.0,17.0
1990029,tea,4.0,1.5,6.0,credit card,in-store,2023-11-18,2023.0,11.0,18.0
5796131,smoothie,3.0,4.0,12.0,digital wallet,takeaway,2023-09-30,2023.0,9.0,30.0
5166412,,4.0,1.0,4.0,,takeaway,2023-06-17,2023.0,6.0,17.0
7804740,smoothie,2.0,4.0,8.0,digital wallet,,2023-10-19,2023.0,10.0,19.0
9082461,cake,5.0,,,digital wallet,in-store,2023-05-30,2023.0,5.0,30.0
6665881,juice,2.0,3.0,6.0,credit card,,2023-07-04,2023.0,7.0,4.0
4046039,juice,5.0,3.0,15.0,,in-store,2023-04-20,2023.0,4.0,20.0
8447640,sandwich,,4.0,,cash,in-store,2023-06-12,2023.0,6.0,12.0
3042768,cookie,3.0,1.0,3.0,digital wallet,takeaway,2023-09-07,2023.0,9.0,7.0
4664329,tea,2.0,1.5,3.0,credit card,takeaway,2023-01-06,2023.0,1.0,6.0
7442492,salad,5.0,5.0,25.0,credit card,takeaway,2023-07-23,2023.0,7.0,23.0
8664335,sandwich,5.0,4.0,20.0,digital wallet,takeaway,2023-06-12,2023.0,6.0,12.0
7379007,cake,2.0,3.0,6.0,,takeaway,,,,
1434857,cake,5.0,3.0,15.0,,in-store,2023-01-13,2023.0,1.0,13.0
1700374,sandwich,5.0,4.0,20.0,,in-store,2023-08-11,2023.0,8.0,11.0
8383484,,2.0,3.0,6.0,,,2023-12-20,2023.0,12.0,20.0
1261028,juice,3.0,3.0,9.0,,in-store,2023-10-27,2023.0,10.0,27.0
1478016,,4.0,1.0,4.0,,in-store,2023-08-04,2023.0,8.0,4.0
5321145,sandwich,5.0,4.0,20.0,digital wallet,takeaway,2023-08-29,2023.0,8.0,29.0
3884995,juice,5.0,3.0,15.0,cash,in-store,2023-12-25,2023.0,12.0,25.0
4178488,sandwich,3.0,4.0,12.0,cash,in-store,2023-05-08,2023.0,5.0,8.0
4826214,,3.0,2.0,6.0,digital wallet,takeaway,2023-11-23,2023.0,11.0,23.0
2579157,sandwich,1.0,4.0,4.0,,,2023-09-27,2023.0,9.0,27.0
3597806,cookie,3.0,1.0,3.0,credit card,,2023-12-11,2023.0,12.0,11.0
7897119,juice,4.0,3.0,12.0,,in-store,2023-05-27,2023.0,5.0,27.0
2245037,coffee,2.0,2.0,4.0,,,2023-10-18,2023.0,10.0,18.0
4833378,cake,5.0,3.0,15.0,digital wallet,,2023-10-15,2023.0,10.0,15.0
7055306,salad,1.0,5.0,5.0,,takeaway,2023-03-09,2023.0,3.0,9.0
9135433,cookie,4.0,1.0,4.0,,in-store,2023-12-18,2023.0,12.0,18.0
1715684,smoothie,1.0,4.0,4.0,,in-store,2023-07-13,2023.0,7.0,13.0
9073440,sandwich,2.0,4.0,8.0,credit card,takeaway,2023-08-28,2023.0,8.0,28.0
4089355,salad,2.0,5.0,10.0,credit card,takeaway,2023-02-18,2023.0,2.0,18.0
3834078,juice,1.0,3.0,3.0,,in-store,2023-01-29,2023.0,1.0,29.0
5048650,smoothie,2.0,4.0,8.0,cash,takeaway,2023-11-18,2023.0,11.0,18.0
1882700,tea,3.0,1.5,4.5,digital wallet,in-store,2023-04-18,2023.0,4.0,18.0
2112911,salad,3.0,5.0,15.0,digital wallet,takeaway,2023-09-18,2023.0,9.0,18.0
7568316,cake,2.0,3.0,6.0,credit card,,2023-11-28,2023.0,11.0,28.0
3642982,coffee,5.0,2.0,10.0,cash,,2023-10-04,2023.0,10.0,4.0
4475094,sandwich,3.0,4.0,12.0,,,2023-08-12,2023.0,8.0,12.0
6768812,coffee,4.0,2.0,8.0,,,2023-03-30,2023.0,3.0,30.0
1419669,cake,5.0,3.0,15.0,cash,takeaway,2023-03-07,2023.0,3.0,7.0
9810604,cake,2.0,3.0,6.0,,takeaway,2023-04-02,2023.0,4.0,2.0
4791243,cookie,5.0,1.0,5.0,,takeaway,2023-05-12,2023.0,5.0,12.0
5665311,,2.0,1.0,2.0,credit card,in-store,2023-05-17,2023.0,5.0,17.0
7920897,salad,2.0,5.0,10.0,,in-store,2023-07-29,2023.0,7.0,29.0
7515272,,1.0,3.0,3.0,,,2023-08-12,2023.0,8.0,12.0
5453836,smoothie,2.0,4.0,8.0,credit card,in-store,2023-05-29,2023.0,5.0,29.0
5578796,tea,4.0,1.5,6.0,,in-store,2023-04-27,2023.0,4.0,27.0
8620592,smoothie,2.0,4.0,8.0,,in-store,2023-07-14,2023.0,7.0,14.0
7402846,juice,,3.0,,credit card,takeaway,2023-10-11,2023.0,10.0,11.0
9487214,coffee,5.0,2.0,10.0,,,2023-03-25,2023.0,3.0,25.0
2274702,cookie,5.0,1.0,5.0,credit card,in-store,2023-12-11,2023.0,12.0,11.0
2701016,cake,5.0,3.0,15.0,digital wallet,,2023-03-06,2023.0,3.0,6.0
8809853,coffee,1.0,2.0,2.0,digital wallet,takeaway,2023-10-29,2023.0,10.0,29.0
7683607,cake,1.0,3.0,3.0,cash,,2023-03-17,2023.0,3.0,17.0
2402928,coffee,4.0,2.0,8.0,cash,,2023-10-20,2023.0,10.0,20.0
6516391,cake,2.0,3.0,6.0,digital wallet,,2023-06-16,2023.0,6.0,16.0
9685326,smoothie,3.0,4.0,12.0,digital wallet,takeaway,2023-04-07,2023.0,4.0,7.0
6181456,,1.0,1.0,1.0,,takeaway,2023-05-08,2023.0,5.0,8.0
9858627,juice,4.0,3.0,12.0,,,2023-01-22,2023.0,1.0,22.0
9923613,sandwich,4.0,4.0,16.0,,in-store,2023-11-08,2023.0,11.0,8.0
7656770,coffee,1.0,2.0,2.0,credit card,,2023-12-24,2023.0,12.0,24.0
4092551,juice,5.0,3.0,15.0,credit card,takeaway,2023-10-11,2023.0,10.0,11.0
9894204,,2.0,2.0,4.0,cash,takeaway,2023-08-08,2023.0,8.0,8.0
7241288,sandwich,5.0,4.0,20.0,cash,takeaway,2023-04-11,2023.0,4.0,11.0
9833195,coffee,2.0,2.0,4.0,,takeaway,2023-03-03,2023.0,3.0,3.0
9153854,sandwich,2.0,4.0,8.0,,in-store,2023-04-04,2023.0,4.0,4.0
1436851,sandwich,5.0,4.0,20.0,cash,takeaway,2023-07-28,2023.0,7.0,28.0
8598575,sandwich,4.0,4.0,16.0,digital wallet,,2023-11-14,2023.0,11.0,14.0
1417871,salad,3.0,5.0,15.0,cash,takeaway,2023-03-12,2023.0,3.0,12.0
7844352,,2.0,,,credit card,,2023-07-26,2023.0,7.0,26.0
2339781,smoothie,2.0,4.0,8.0,,in-store,2023-01-02,2023.0,1.0,2.0
6674257,sandwich,3.0,4.0,12.0,cash,takeaway,2023-07-20,2023.0,7.0,20.0
2649010,tea,,1.5,,cash,takeaway,2023-08-01,2023.0,8.0,1.0
1339158,salad,4.0,5.0,20.0,cash,,,,,
7948933,sandwich,3.0,4.0,12.0,cash,,,,,
4965631,smoothie,3.0,4.0,12.0,credit card,,2023-01-27,2023.0,1.0,27.0
9254064,coffee,2.0,2.0,4.0,cash,takeaway,2023-12-10,2023.0,12.0,10.0
4554168,tea,4.0,1.5,6.0,digital wallet,in-store,2023-04-08,2023.0,4.0,8.0
6536418,salad,5.0,5.0,25.0,credit card,in-store,2023-02-11,2023.0,2.0,11.0
9024186,juice,2.0,,,cash,takeaway,2023-12-17,2023.0,12.0,17.0
4580084,sandwich,5.0,4.0,20.0,credit card,takeaway,2023-12-17,2023.0,12.0,17.0
3996874,tea,4.0,1.5,6.0,digital wallet,,2023-05-18,2023.0,5.0,18.0
7106595,,,1.5,,credit card,takeaway,2023-06-19,2023.0,6.0,19.0
5439860,tea,1.0,1.5,1.5,digital wallet,in-store,2023-04-18,2023.0,4.0,18.0
3216618,salad,4.0,5.0,20.0,credit card,in-store,2023-12-30,2023.0,12.0,30.0
8360779,cookie,4.0,1.0,4.0,credit card,in-store,2023-10-25,2023.0,10.0,25.0
3700419,cookie,4.0,1.0,4.0,,,2023-01-09,2023.0,1.0,9.0
6369590,salad,5.0,5.0,25.0,digital wallet,takeaway,2023-10-26,2023.0,10.0,26.0
5039782,tea,3.0,1.5,4.5,credit card,takeaway,2023-06-21,2023.0,6.0,21.0
7047860,coffee,2.0,,,,takeaway,2023-06-18,2023.0,6.0,18.0
2985748,coffee,3.0,2.0,6.0,,takeaway,2023-12-19,2023.0,12.0,19.0
8616557,sandwich,5.0,4.0,20.0,,in-store,2023-08-28,2023.0,8.0,28.0
3171673,smoothie,2.0,4.0,8.0,digital wallet,takeaway,2023-12-07,2023.0,12.0,7.0
4827637,smoothie,4.0,4.0,16.0,cash,in-store,2023-04-28,2023.0,4.0,28.0
1170198,tea,4.0,1.5,6.0,credit card,in-store,2023-02-09,2023.0,2.0,9.0
8166527,salad,2.0,5.0,10.0,cash,in-store,2023-05-24,2023.0,5.0,24.0
3097593,smoothie,2.0,4.0,8.0,credit card,in-store,2023-06-18,2023.0,6.0,18.0
2981117,,1.0,3.0,3.0,,in-store,2023-10-02,2023.0,10.0,2.0
3431526,cookie,3.0,1.0,3.0,credit card,takeaway,2023-12-27,2023.0,12.0,27.0
1817076,,3.0,3.0,9.0,cash,in-store,2023-05-31,2023.0,5.0,31.0
1489218,salad,2.0,5.0,10.0,digital wallet,,2023-09-13,2023.0,9.0,13.0
1936644,juice,3.0,3.0,9.0,digital wallet,,2023-01-28,2023.0,1.0,28.0
4293694,smoothie,5.0,4.0,20.0,cash,,2023-08-03,2023.0,8.0,3.0
9469529,coffee,2.0,2.0,4.0,,,2023-08-09,2023.0,8.0,9.0
2946861,,3.0,3.0,9.0,,,2023-03-28,2023.0,3.0,28.0
7919609,sandwich,,4.0,,,in-store,2023-01-31,2023.0,1.0,31.0
7692019,juice,3.0,3.0,9.0,,in-store,2023-10-14,2023.0,10.0,14.0
7677750,tea,2.0,1.5,3.0,cash,takeaway,2023-12-24,2023.0,12.0,24.0
9799633,juice,4.0,3.0,12.0,cash,in-store,2023-11-07,2023.0,11.0,7.0
4252036,sandwich,2.0,4.0,8.0,cash,takeaway,2023-01-22,2023.0,1.0,22.0
6637989,smoothie,1.0,4.0,4.0,cash,,2023-11-09,2023.0,11.0,9.0
2860514,cookie,5.0,1.0,5.0,credit card,,2023-09-01,2023.0,9.0,1.0
4143449,smoothie,3.0,4.0,12.0,digital wallet,,2023-08-23,2023.0,8.0,23.0
1499208,,1.0,4.0,4.0,cash,takeaway,2023-11-01,2023.0,11.0,1.0
1960599,cake,4.0,3.0,12.0,cash,,2023-01-06,2023.0,1.0,6.0
1184377,juice,1.0,3.0,3.0,cash,,2023-10-25,2023.0,10.0,25.0
6995795,salad,4.0,5.0,20.0,,in-store,2023-11-28,2023.0,11.0,28.0
7805508,smoothie,5.0,4.0,20.0,,in-store,2023-07-10,2023.0,7.0,10.0
6193929,juice,5.0,3.0,15.0,,takeaway,2023-06-20,2023.0,6.0,20.0
1942950,sandwich,4.0,4.0,16.0,,takeaway,2023-03-25,2023.0,3.0,25.0
9759221,coffee,3.0,,,cash,takeaway,2023-06-23,2023.0,6.0,23.0
1205522,cake,5.0,3.0,15.0,,in-store,2023-12-26,2023.0,12.0,26.0
7792223,smoothie,3.0,4.0,12.0,credit card,,2023-07-21,2023.0,7.0,21.0
7205370,smoothie,4.0,4.0,16.0,cash,,2023-12-07,2023.0,12.0,7.0
9992148,tea,3.0,1.5,4.5,cash,takeaway,2023-01-14,2023.0,1.0,14.0
6305420,cookie,3.0,1.0,3.0,,in-store,2023-06-17,2023.0,6.0,17.0
9982090,tea,5.0,1.5,7.5,digital wallet,in-store,2023-06-03,2023.0,6.0,3.0
6507690,juice,,3.0,,digital wallet,in-store,2023-01-30,2023.0,1.0,30.0
8487057,smoothie,5.0,4.0,20.0,,takeaway,2023-06-01,2023.0,6.0,1.0
6646382,tea,4.0,1.5,6.0,,,2023-09-16,2023.0,9.0,16.0
5255092,sandwich,1.0,4.0,4.0,,takeaway,2023-10-08,2023.0,10.0,8.0
8402941,cake,5.0,3.0,15.0,credit card,in-store,2023-11-26,2023.0,11.0,26.0
4265056,juice,1.0,3.0,3.0,cash,,2023-07-16,2023.0,7.0,16.0
4605871,cookie,1.0,1.0,1.0,,,2023-06-20,2023.0,6.0,20.0
7976001,juice,4.0,3.0,12.0,credit card,in-store,2023-06-27,2023.0,6.0,27.0
4969003,cookie,1.0,1.0,1.0,digital wallet,in-store,2023-04-19,2023.0,4.0,19.0
3629728,smoothie,1.0,4.0,4.0,digital wallet,takeaway,2023-03-11,2023.0,3.0,11.0
7027319,smoothie,,4.0,,credit card,takeaway,2023-02-25,2023.0,2.0,25.0
1907428,juice,4.0,3.0,12.0,credit card,in-store,2023-06-06,2023.0,6.0,6.0
6594753,juice,3.0,3.0,9.0,,,2023-03-16,2023.0,3.0,16.0
8554646,coffee,2.0,2.0,4.0,cash,,2023-01-10,2023.0,1.0,10.0
5860664,juice,5.0,3.0,15.0,digital wallet,,2023-06-06,2023.0,6.0,6.0
3586768,coffee,2.0,2.0,4.0,,in-store,2023-05-23,2023.0,5.0,23.0
5765294,cookie,4.0,1.0,4.0,digital wallet,in-store,2023-11-14,2023.0,11.0,14.0
4966149,juice,2.0,3.0,6.0,cash,,2023-04-10,2023.0,4.0,10.0
3652726,sandwich,3.0,4.0,12.0,,in-store,2023-08-03,2023.0,8.0,3.0
2273573,cookie,5.0,1.0,5.0,cash,in-store,2023-11-12,2023.0,11.0,12.0
7924516,cookie,1.0,1.0,1.0,credit card,,2023-04-23,2023.0,4.0,23.0
2083132,salad,1.0,5.0,5.0,,,2023-08-31,2023.0,8.0,31.0
8837131,,3.0,4.0,12.0,digital wallet,in-store,2023-12-23,2023.0,12.0,23.0
2659832,sandwich,3.0,,,credit card,,2023-12-05,2023.0,12.0,5.0
5049646,juice,2.0,3.0,6.0,credit card,in-store,2023-08-30,2023.0,8.0,30.0
9182359,salad,3.0,5.0,15.0,,in-store,,,,
7401217,salad,,5.0,,,,2023-02-06,2023.0,2.0,6.0
6853142,smoothie,3.0,4.0,12.0,cash,,2023-07-21,2023.0,7.0,21.0
4031726,cake,4.0,3.0,12.0,credit card,takeaway,2023-11-22,2023.0,11.0,22.0
9512112,coffee,4.0,2.0,8.0,cash,takeaway,2023-05-25,2023.0,5.0,25.0
9428611,salad,4.0,5.0,20.0,digital wallet,,2023-07-13,2023.0,7.0,13.0
1472433,,1.0,2.0,2.0,digital wallet,takeaway,2023-04-05,2023.0,4.0,5.0
5235471,cake,5.0,3.0,15.0,,in-store,,,,
5483635,juice,3.0,3.0,9.0,credit card,in-store,2023-03-23,2023.0,3.0,23.0
1848481,cookie,4.0,1.0,4.0,credit card,,,,,
3478169,juice,2.0,3.0,6.0,cash,in-store,2023-02-03,2023.0,2.0,3.0
3842766,tea,3.0,1.5,4.5,credit card,in-store,2023-03-24,2023.0,3.0,24.0
7805115,smoothie,2.0,4.0,8.0,,,2023-12-18,2023.0,12.0,18.0
7565447,salad,1.0,5.0,5.0,,,2023-02-15,2023.0,2.0,15.0
8225343,smoothie,1.0,4.0,4.0,cash,,2023-05-10,2023.0,5.0,10.0
3822036,smoothie,3.0,4.0,12.0,credit card,takeaway,2023-05-07,2023.0,5.0,7.0
3019996,sandwich,2.0,4.0,8.0,cash,,2023-06-27,2023.0,6.0,27.0
8397209,,3.0,1.5,4.5,cash,in-store,2023-10-12,2023.0,10.0,12.0
5634977,coffee,5.0,2.0,10.0,,in-store,2023-03-06,2023.0,3.0,6.0
8165784,cake,5.0,3.0,15.0,digital wallet,,2023-10-15,2023.0,10.0,15.0
3619141,cookie,4.0,1.0,4.0,digital wallet,in-store,2023-09-30,2023.0,9.0,30.0
7160017,juice,1.0,3.0,3.0,cash,in-store,2023-09-27,2023.0,9.0,27.0
9513509,sandwich,1.0,4.0,4.0,credit card,,2023-04-27,2023.0,4.0,27.0
5919038,cookie,1.0,1.0,1.0,credit card,in-store,2023-12-15,2023.0,12.0,15.0
8384229,tea,4.0,1.5,6.0,digital wallet,,2023-01-08,2023.0,1.0,8.0
9011816,cake,1.0,3.0,3.0,,takeaway,2023-04-02,2023.0,4.0,2.0
2916992,salad,2.0,5.0,10.0,cash,takeaway,2023-08-20,2023.0,8.0,20.0
4350788,tea,3.0,,,,in-store,2023-06-28,2023.0,6.0,28.0
3132488,sandwich,,4.0,,credit card,takeaway,2023-09-12,2023.0,9.0,12.0
9126573,salad,4.0,5.0,20.0,digital wallet,,2023-06-17,2023.0,6.0,17.0
5347338,cake,4.0,3.0,12.0,digital wallet,takeaway,2023-07-04,2023.0,7.0,4.0
9455737,,3.0,5.0,15.0,,,,,,
2930963,,2.0,4.0,8.0,digital wallet,in-store,2023-02-09,2023.0,2.0,9.0
7997252,,3.0,3.0,9.0,credit card,,2023-05-28,2023.0,5.0,28.0
1907740,sandwich,1.0,4.0,4.0,cash,,2023-03-17,2023.0,3.0,17.0
3654670,juice,1.0,3.0,3.0,credit card,takeaway,2023-06-14,2023.0,6.0,14.0
1432682,tea,1.0,1.5,1.5,,,2023-07-11,2023.0,7.0,11.0
3938271,salad,3.0,5.0,15.0,,in-store,2023-01-12,2023.0,1.0,12.0
7619641,juice,3.0,3.0,9.0,,in-store,2023-04-02,2023.0,4.0,2.0
1870423,salad,2.0,5.0,10.0,credit card,takeaway,2023-04-12,2023.0,4.0,12.0
1006942,salad,1.0,5.0,5.0,credit card,in-store,2023-11-30,2023.0,11.0,30.0
2282319,juice,2.0,3.0,6.0,cash,in-store,2023-08-14,2023.0,8.0,14.0
6812735,tea,5.0,1.5,7.5,,,2023-04-21,2023.0,4.0,21.0
6922833,tea,1.0,1.5,1.5,,takeaway,2023-11-17,2023.0,11.0,17.0
1026799,cake,5.0,3.0,15.0,credit card,,,,,
5783469,salad,,5.0,,,,2023-06-14,2023.0,6.0,14.0
8489120,cookie,2.0,1.0,2.0,credit card,,2023-11-07,2023.0,11.0,7.0
6200609,salad,5.0,5.0,25.0,digital wallet,takeaway,2023-04-12,2023.0,4.0,12.0
8194534,coffee,2.0,2.0,4.0,cash,,2023-05-19,2023.0,5.0,19.0
7238674,cookie,1.0,1.0,1.0,,,2023-11-03,2023.0,11.0,3.0
6968752,tea,1.0,,,,,2023-04-07,2023.0,4.0,7.0
2582926,smoothie,4.0,4.0,16.0,,,,,,
1346953,tea,3.0,1.5,4.5,,in-store,2023-09-24,2023.0,9.0,24.0
8742689,tea,5.0,1.5,7.5,digital wallet,takeaway,2023-01-05,2023.0,1.0,5.0
2144031,juice,1.0,3.0,3.0,,,2023-02-25,2023.0,2.0,25.0
1996466,smoothie,1.0,4.0,4.0,digital wallet,,2023-04-24,2023.0,4.0,24.0
1124796,,5.0,1.5,7.5,credit card,,2023-10-28,2023.0,10.0,28.0
7124156,salad,1.0,5.0,5.0,credit card,takeaway,2023-07-28,2023.0,7.0,28.0
3150614,sandwich,1.0,4.0,4.0,cash,takeaway,2023-08-06,2023.0,8.0,6.0
5263693,juice,1.0,3.0,3.0,digital wallet,takeaway,2023-01-20,2023.0,1.0,20.0
1785644,,5.0,1.5,7.5,,,2023-08-13,2023.0,8.0,13.0
1702437,smoothie,4.0,4.0,16.0,credit card,takeaway,2023-06-27,2023.0,6.0,27.0
6500713,cookie,3.0,1.0,3.0,,in-store,2023-04-30,2023.0,4.0,30.0
8725721,sandwich,1.0,4.0,4.0,cash,,2023-06-04,2023.0,6.0,4.0
8965025,salad,1.0,5.0,5.0,cash,in-store,2023-04-14,2023.0,4.0,14.0
8491490,coffee,2.0,2.0,4.0,,in-store,2023-01-16,2023.0,1.0,16.0
4328869,sandwich,2.0,4.0,8.0,cash,,2023-05-02,2023.0,5.0,2.0
3849711,smoothie,5.0,4.0,20.0,cash,,2023-08-14,2023.0,8.0,14.0
1334406,juice,1.0,3.0,3.0,digital wallet,in-store,2023-09-26,2023.0,9.0,26.0
1556708,smoothie,1.0,4.0,4.0,digital wallet,takeaway,2023-06-11,2023.0,6.0,11.0
8422494,salad,4.0,5.0,20.0,cash,in-store,2023-06-08,2023.0,6.0,8.0
3427754,smoothie,2.0,4.0,8.0,digital wallet,takeaway,2023-08-06,2023.0,8.0,6.0
3512545,cookie,,1.0,,credit card,in-store,2023-08-08,2023.0,8.0,8.0
7703185,cake,1.0,,,digital wallet,takeaway,2023-12-10,2023.0,12.0,10.0
8455321,smoothie,3.0,4.0,12.0,,in-store,2023-01-25,2023.0,1.0,25.0
9904505,smoothie,2.0,4.0,8.0,digital wallet,,2023-06-07,2023.0,6.0,7.0
5020643,tea,3.0,1.5,4.5,digital wallet,in-store,2023-10-19,2023.0,10.0,19.0
8170122,cookie,5.0,1.0,5.0,digital wallet,in-store,2023-03-20,2023.0,3.0,20.0
5067216,,4.0,5.0,20.0,,takeaway,2023-07-24,2023.0,7.0,24.0
3930540,smoothie,3.0,4.0,12.0,cash,,2023-03-24,2023.0,3.0,24.0
4663537,coffee,5.0,2.0,10.0,credit card,,2023-10-22,2023.0,10.0,22.0
5392630,juice,5.0,3.0,15.0,cash,takeaway,2023-11-23,2023.0,11.0,23.0
9480851,cake,3.0,3.0,9.0,,in-store,2023-03-21,2023.0,3.0,21.0
5927620,smoothie,1.0,4.0,4.0,credit card,,2023-05-04,2023.0,5.0,4.0
1561430,tea,2.0,1.5,3.0,,takeaway,2023-10-13,2023.0,10.0,13.0
1133945,smoothie,2.0,4.0,8.0,digital wallet,in-store,2023-10-23,2023.0,10.0,23.0
5467240,smoothie,5.0,4.0,20.0,digital wallet,,2023-10-20,2023.0,10.0,20.0
3210288,salad,3.0,,,,takeaway,2023-04-30,2023.0,4.0,30.0
1586452,salad,2.0,5.0,10.0,cash,in-store,2023-02-01,2023.0,2.0,1.0
9814929,cake,3.0,3.0,9.0,digital wallet,in-store,2023-10-01,2023.0,10.0,1.0
8961480,tea,4.0,1.5,6.0,cash,,2023-02-18,2023.0,2.0,18.0
1826919,juice,4.0,3.0,12.0,credit card,in-store,2023-02-21,2023.0,2.0,21.0
3135048,salad,1.0,5.0,5.0,credit card,takeaway,2023-02-03,2023.0,2.0,3.0
3105263,,4.0,4.0,16.0,credit card,takeaway,2023-11-25,2023.0,11.0,25.0
4504141,sandwich,5.0,4.0,20.0,credit card,,2023-09-28,2023.0,9.0,28.0
7408461,juice,3.0,3.0,9.0,,in-store,2023-11-05,2023.0,11.0,5.0
8108115,coffee,,2.0,,,in-store,2023-08-24,2023.0,8.0,24.0
6655437,juice,1.0,3.0,3.0,,,2023-07-07,2023.0,7.0,7.0
9120328,tea,5.0,1.5,7.5,credit card,takeaway,2023-10-22,2023.0,10.0,22.0
3906862,cake,5.0,3.0,15.0,cash,,2023-08-14,2023.0,8.0,14.0
8468071,cookie,4.0,1.0,4.0,,,2023-08-22,2023.0,8.0,22.0
7543921,coffee,3.0,2.0,6.0,cash,in-store,2023-12-06,2023.0,12.0,6.0
8714536,,4.0,4.0,16.0,digital wallet,takeaway,2023-05-06,2023.0,5.0,6.0
3282601,,2.0,3.0,6.0,digital wallet,in-store,2023-02-03,2023.0,2.0,3.0
4569599,,2.0,1.5,3.0,cash,,2023-02-07,2023.0,2.0,7.0
2970011,coffee,4.0,2.0,8.0,credit card,takeaway,2023-06-04,2023.0,6.0,4.0
5556328,tea,5.0,1.5,7.5,digital wallet,in-store,2023-12-10,2023.0,12.0,10.0
8786159,coffee,3.0,2.0,6.0,cash,in-store,2023-04-05,2023.0,4.0,5.0
2467699,tea,1.0,1.5,1.5,cash,,2023-06-17,2023.0,6.0,17.0
3085628,salad,1.0,5.0,5.0,cash,,2023-08-26,2023.0,8.0,26.0
7952153,smoothie,2.0,4.0,8.0,digital wallet,,2023-07-24,2023.0,7.0,24.0
4439321,coffee,3.0,2.0,6.0,cash,in-store,2023-04-25,2023.0,4.0,25.0
1488127,tea,5.0,,,,takeaway,2023-12-12,2023.0,12.0,12.0
6687734,cake,1.0,3.0,3.0,,in-store,2023-03-14,2023.0,3.0,14.0
7323885,sandwich,5.0,4.0,20.0,cash,in-store,2023-09-15,2023.0,9.0,15.0
7894558,coffee,2.0,2.0,4.0,,,2023-01-04,2023.0,1.0,4.0
4019040,tea,1.0,1.5,1.5,cash,in-store,2023-02-01,2023.0,2.0,1.0
1570573,sandwich,3.0,4.0,12.0,digital wallet,takeaway,2023-04-09,2023.0,4.0,9.0
5991995,cake,1.0,3.0,3.0,digital wallet,in-store,2023-01-08,2023.0,1.0,8.0
2437586,sandwich,4.0,4.0,16.0,cash,,2023-08-29,2023.0,8.0,29.0
7326827,smoothie,1.0,4.0,4.0,,in-store,2023-06-30,2023.0,6.0,30.0
6004431,sandwich,2.0,4.0,8.0,cash,takeaway,2023-04-07,2023.0,4.0,7.0
7475500,cookie,2.0,1.0,2.0,cash,,2023-11-22,2023.0,11.0,22.0
8122317,coffee,3.0,2.0,6.0,cash,takeaway,2023-10-16,2023.0,10.0,16.0
2028930,cookie,2.0,1.0,2.0,digital wallet,,2023-11-25,2023.0,11.0,25.0
3394874,coffee,4.0,2.0,8.0,credit card,takeaway,2023-06-18,2023.0,6.0,18.0
5804346,tea,,1.5,,credit card,,2023-07-05,2023.0,7.0,5.0
5926025,,2.0,4.0,8.0,digital wallet,,2023-07-29,2023.0,7.0,29.0
2220389,salad,4.0,5.0,20.0,credit card,,2023-07-26,2023.0,7.0,26.0
9603773,cookie,2.0,1.0,2.0,credit card,,2023-10-10,2023.0,10.0,10.0
1285279,coffee,2.0,2.0,4.0,cash,takeaway,2023-04-09,2023.0,4.0,9.0
5244558,smoothie,4.0,4.0,16.0,digital wallet,,2023-06-06,2023.0,6.0,6.0
1702434,smoothie,3.0,4.0,12.0,digital wallet,,2023-07-22,2023.0,7.0,22.0
2425755,smoothie,1.0,4.0,4.0,,takeaway,2023-09-14,2023.0,9.0,14.0
5350200,,1.0,4.0,4.0,cash,in-store,2023-12-02,2023.0,12.0,2.0
7151817,sandwich,1.0,4.0,4.0,cash,in-store,2023-05-18,2023.0,5.0,18.0
7514589,juice,3.0,3.0,9.0,cash,takeaway,2023-07-25,2023.0,7.0,25.0
5962237,juice,1.0,3.0,3.0,,takeaway,2023-10-31,2023.0,10.0,31.0
9059245,,1.0,4.0,4.0,cash,,2023-07-11,2023.0,7.0,11.0
2188356,tea,1.0,1.5,1.5,,in-store,2023-07-14,2023.0,7.0,14.0
8019335,smoothie,3.0,4.0,12.0,digital wallet,takeaway,2023-11-26,2023.0,11.0,26.0
5921650,salad,,5.0,,,in-store,2023-10-13,2023.0,10.0,13.0
5248011,cake,2.0,3.0,6.0,,in-store,2023-01-21,2023.0,1.0,21.0
7332957,sandwich,5.0,4.0,20.0,digital wallet,,2023-07-26,2023.0,7.0,26.0
1278539,tea,1.0,1.5,1.5,credit card,takeaway,2023-04-04,2023.0,4.0,4.0
1186221,salad,4.0,5.0,20.0,cash,takeaway,2023-04-21,2023.0,4.0,21.0
3086676,cake,2.0,3.0,6.0,cash,,2023-07-21,2023.0,7.0,21.0
9696138,juice,3.0,3.0,9.0,,,2023-12-01,2023.0,12.0,1.0
1846455,sandwich,4.0,4.0,16.0,,,2023-03-16,2023.0,3.0,16.0
1548245,,4.0,4.0,16.0,credit card,,2023-03-15,2023.0,3.0,15.0
1839407,cookie,3.0,1.0,3.0,cash,,2023-03-15,2023.0,3.0,15.0
9028798,cake,2.0,3.0,6.0,cash,in-store,2023-05-25,2023.0,5.0,25.0
4672332,cake,4.0,3.0,12.0,cash,in-store,2023-03-29,2023.0,3.0,29.0
2726078,coffee,3.0,2.0,6.0,digital wallet,,2023-11-27,2023.0,11.0,27.0
5249091,smoothie,5.0,4.0,20.0,credit card,in-store,2023-08-15,2023.0,8.0,15.0
9507397,cookie,3.0,1.0,3.0,credit card,takeaway,2023-10-26,2023.0,10.0,26.0
6948649,,5.0,1.5,7.5,cash,in-store,2023-11-27,2023.0,11.0,27.0
3300171,cookie,5.0,1.0,5.0,credit card,in-store,2023-02-14,2023.0,2.0,14.0
2773085,coffee,1.0,,,,,2023-10-16,2023.0,10.0,16.0
4697112,sandwich,3.0,4.0,12.0,credit card,,2023-04-08,2023.0,4.0,8.0
7897423,,4.0,5.0,20.0,,,2023-05-24,2023.0,5.0,24.0
6373380,coffee,4.0,2.0,8.0,cash,in-store,2023-07-21,2023.0,7.0,21.0
8668590,cookie,4.0,1.0,4.0,digital wallet,,2023-04-18,2023.0,4.0,18.0
9121676,smoothie,4.0,4.0,16.0,,,2023-12-25,2023.0,12.0,25.0
4956012,sandwich,1.0,4.0,4.0,,in-store,2023-07-20,2023.0,7.0,20.0
4341126,cake,2.0,3.0,6.0,cash,,2023-07-01,2023.0,7.0,1.0
9792412,tea,,1.5,,digital wallet,takeaway,2023-06-15,2023.0,6.0,15.0
2103018,cake,5.0,3.0,15.0,credit card,in-store,2023-11-24,2023.0,11.0,24.0
9843421,,3.0,3.0,9.0,,in-store,2023-09-06,2023.0,9.0,6.0
2227781,cake,1.0,3.0,3.0,cash,takeaway,2023-01-21,2023.0,1.0,21.0
6159539,juice,1.0,3.0,3.0,digital wallet,,2023-01-12,2023.0,1.0,12.0
8014766,,1.0,4.0,4.0,,,2023-10-05,2023.0,10.0,5.0
5234152,cookie,5.0,1.0,5.0,digital wallet,takeaway,2023-03-26,2023.0,3.0,26.0
9468033,juice,1.0,3.0,3.0,credit card,,2023-12-13,2023.0,12.0,13.0
3132304,sandwich,1.0,4.0,4.0,credit card,,2023-01-21,2023.0,1.0,21.0
6262910,cake,4.0,3.0,12.0,cash,takeaway,2023-07-02,2023.0,7.0,2.0
7543841,cookie,3.0,1.0,3.0,cash,in-store,2023-11-07,2023.0,11.0,7.0
7901672,cookie,1.0,1.0,1.0,,,2023-06-24,2023.0,6.0,24.0
1058957,juice,2.0,3.0,6.0,cash,in-store,2023-03-21,2023.0,3.0,21.0
7635738,coffee,,2.0,,cash,takeaway,2023-08-08,2023.0,8.0,8.0
2728444,salad,1.0,5.0,5.0,digital wallet,takeaway,2023-01-23,2023.0,1.0,23.0
9073184,cake,2.0,3.0,6.0,,,2023-04-14,2023.0,4.0,14.0
2044945,,2.0,1.5,3.0,cash,,2023-10-18,2023.0,10.0,18.0
5665341,tea,5.0,1.5,7.5,cash,,2023-02-27,2023.0,2.0,27.0
1509627,juice,4.0,,,digital wallet,,2023-03-23,2023.0,3.0,23.0
7813066,juice,1.0,,,,,2023-02-28,2023.0,2.0,28.0
5518591,cookie,4.0,1.0,4.0,digital wallet,,2023-09-21,2023.0,9.0,21.0
6540415,cake,5.0,3.0,15.0,,,2023-05-27,2023.0,5.0,27.0
2991726,juice,5.0,,,,in-store,2023-09-01,2023.0,9.0,1.0
7939659,cake,3.0,3.0,9.0,digital wallet,takeaway,2023-07-26,2023.0,7.0,26.0
7531403,smoothie,2.0,4.0,8.0,cash,in-store,2023-07-08,2023.0,7.0,8.0
3767196,salad,4.0,5.0,20.0,cash,,2023-08-30,2023.0,8.0,30.0
3562332,salad,5.0,5.0,25.0,,,2023-06-20,2023.0,6.0,20.0
7302788,coffee,1.0,2.0,2.0,cash,in-store,2023-09-18,2023.0,9.0,18.0
9233948,cookie,4.0,1.0,4.0,cash,,2023-03-26,2023.0,3.0,26.0
1510673,juice,3.0,3.0,9.0,,,2023-02-26,2023.0,2.0,26.0
9867586,smoothie,4.0,4.0,16.0,,in-store,2023-06-02,2023.0,6.0,2.0
1750875,juice,3.0,3.0,9.0,,,2023-12-13,2023.0,12.0,13.0
6397944,salad,5.0,5.0,25.0,,,2023-10-31,2023.0,10.0,31.0
5216430,cookie,3.0,,,,,2023-02-05,2023.0,2.0,5.0
2723755,juice,3.0,3.0,9.0,cash,,2023-06-30,2023.0,6.0,30.0
2313646,sandwich,3.0,4.0,12.0,,in-store,2023-08-24,2023.0,8.0,24.0
6327139,,4.0,4.0,16.0,,takeaway,,,,
4028494,cake,3.0,3.0,9.0,digital wallet,in-store,2023-10-22,2023.0,10.0,22.0
1412415,juice,3.0,3.0,9.0,cash,in-store,2023-02-24,2023.0,2.0,24.0
7398884,,3.0,4.0,12.0,,takeaway,2023-12-24,2023.0,12.0,24.0
6546131,coffee,4.0,2.0,8.0,credit card,in-store,2023-06-26,2023.0,6.0,26.0
9030656,juice,5.0,3.0,15.0,digital wallet,takeaway,2023-12-12,2023.0,12.0,12.0
1950777,salad,5.0,5.0,25.0,cash,takeaway,2023-08-26,2023.0,8.0,26.0
4605239,coffee,1.0,2.0,2.0,credit card,,2023-08-06,2023.0,8.0,6.0
8019396,sandwich,3.0,4.0,12.0,,,2023-10-20,2023.0,10.0,20.0
3716685,,5.0,4.0,20.0,digital wallet,takeaway,,,,
1580822,juice,5.0,3.0,15.0,credit card,,,,,
5060289,tea,5.0,1.5,7.5,credit card,,,,,
7874772,tea,1.0,1.5,1.5,credit card,takeaway,2023-04-26,2023.0,4.0,26.0
2625464,smoothie,3.0,4.0,12.0,credit card,in-store,2023-10-06,2023.0,10.0,6.0
9338442,cake,1.0,3.0,3.0,digital wallet,in-store,2023-12-29,2023.0,12.0,29.0
2953908,coffee,5.0,2.0,10.0,credit card,in-store,2023-10-11,2023.0,10.0,11.0
2576936,cake,3.0,3.0,9.0,cash,,2023-10-14,2023.0,10.0,14.0
4586482,juice,3.0,3.0,9.0,,in-store,2023-09-04,2023.0,9.0,4.0
3660806,cookie,5.0,,,,takeaway,2023-02-14,2023.0,2.0,14.0
8069514,smoothie,4.0,4.0,16.0,credit card,,,,,
6410244,tea,4.0,1.5,6.0,credit card,takeaway,2023-01-06,2023.0,1.0,6.0
5026431,,5.0,4.0,20.0,cash,,2023-12-05,2023.0,12.0,5.0
3106348,salad,4.0,5.0,20.0,digital wallet,in-store,2023-01-10,2023.0,1.0,10.0
6216278,coffee,4.0,2.0,8.0,credit card,in-store,2023-11-06,2023.0,11.0,6.0
9947324,sandwich,2.0,4.0,8.0,digital wallet,takeaway,2023-08-22,2023.0,8.0,22.0
9531434,cookie,1.0,1.0,1.0,credit card,takeaway,2023-10-09,2023.0,10.0,9.0
4104718,cookie,2.0,1.0,2.0,cash,,2023-11-08,2023.0,11.0,8.0
5789560,juice,2.0,3.0,6.0,cash,takeaway,2023-02-13,2023.0,2.0,13.0
8285752,cookie,4.0,1.0,4.0,,in-store,2023-01-07,2023.0,1.0,7.0
8099340,,4.0,1.5,6.0,,in-store,2023-04-23,2023.0,4.0,23.0
7733300,smoothie,2.0,4.0,8.0,cash,takeaway,2023-12-10,2023.0,12.0,10.0
4416331,cookie,1.0,1.0,1.0,,takeaway,2023-02-13,2023.0,2.0,13.0
3551665,juice,4.0,3.0,12.0,credit card,in-store,2023-04-06,2023.0,4.0,6.0
7377496,,1.0,3.0,3.0,credit card,takeaway,2023-02-28,2023.0,2.0,28.0
4637438,salad,2.0,5.0,10.0,,takeaway,2023-04-07,2023.0,4.0,7.0
5493965,juice,1.0,3.0,3.0,,,2023-06-16,2023.0,6.0,16.0
2525207,cookie,2.0,1.0,2.0,digital wallet,,2023-11-25,2023.0,11.0,25.0
7354480,cake,2.0,3.0,6.0,cash,,2023-01-17,2023.0,1.0,17.0
6819128,salad,1.0,5.0,5.0,cash,,2023-10-19,2023.0,10.0,19.0
5023419,cookie,3.0,1.0,3.0,digital wallet,takeaway,2023-02-26,2023.0,2.0,26.0
9864890,sandwich,3.0,4.0,12.0,,in-store,2023-12-06,2023.0,12.0,6.0
8798330,,1.0,2.0,2.0,,in-store,2023-02-16,2023.0,2.0,16.0
9951411,coffee,1.0,2.0,2.0,cash,in-store,2023-08-09,2023.0,8.0,9.0
6755795,smoothie,5.0,4.0,20.0,cash,,2023-02-22,2023.0,2.0,22.0
7507071,smoothie,2.0,4.0,8.0,,in-store,2023-01-10,2023.0,1.0,10.0
1018470,juice,3.0,3.0,9.0,,,2023-01-14,2023.0,1.0,14.0
2924262,cookie,5.0,1.0,5.0,,,2023-09-01,2023.0,9.0,1.0
6472242,sandwich,1.0,4.0,4.0,,,2023-03-27,2023.0,3.0,27.0
8482647,sandwich,5.0,4.0,20.0,credit card,,2023-01-08,2023.0,1.0,8.0
6994354,salad,5.0,5.0,25.0,,takeaway,2023-07-03,2023.0,7.0,3.0
3520910,salad,1.0,5.0,5.0,credit card,takeaway,2023-05-06,2023.0,5.0,6.0
8589003,tea,4.0,1.5,6.0,cash,,2023-08-25,2023.0,8.0,25.0
3219263,smoothie,5.0,4.0,20.0,,takeaway,2023-03-31,2023.0,3.0,31.0
9619442,cake,4.0,3.0,12.0,digital wallet,in-store,2023-05-23,2023.0,5.0,23.0
1050323,juice,1.0,3.0,3.0,,in-store,2023-03-10,2023.0,3.0,10.0
8379815,smoothie,5.0,,,credit card,,2023-07-31,2023.0,7.0,31.0
6746916,coffee,1.0,2.0,2.0,cash,takeaway,2023-11-15,2023.0,11.0,15.0
1547717,sandwich,5.0,4.0,20.0,,,2023-12-15,2023.0,12.0,15.0
8407982,salad,2.0,5.0,10.0,digital wallet,takeaway,2023-09-17,2023.0,9.0,17.0
3484276,cookie,5.0,1.0,5.0,digital wallet,takeaway,2023-06-14,2023.0,6.0,14.0
3705669,tea,2.0,1.5,3.0,,,2023-11-23,2023.0,11.0,23.0
4105487,sandwich,4.0,4.0,16.0,digital wallet,in-store,2023-04-13,2023.0,4.0,13.0
6856558,juice,4.0,3.0,12.0,,takeaway,2023-10-30,2023.0,10.0,30.0
3669990,tea,2.0,1.5,3.0,cash,takeaway,2023-01-27,2023.0,1.0,27.0
5994713,tea,3.0,1.5,4.5,,takeaway,2023-03-05,2023.0,3.0,5.0
8091357,coffee,1.0,2.0,2.0,cash,,2023-12-28,2023.0,12.0,28.0
9555958,smoothie,4.0,4.0,16.0,digital wallet,takeaway,2023-09-30,2023.0,9.0,30.0
4194085,salad,1.0,5.0,5.0,credit card,,2023-05-25,2023.0,5.0,25.0
7780748,cookie,3.0,1.0,3.0,credit card,in-store,2023-01-19,2023.0,1.0,19.0
7914340,tea,,1.5,,,,2023-09-04,2023.0,9.0,4.0
7780786,cake,1.0,3.0,3.0,credit card,,2023-10-30,2023.0,10.0,30.0
1048284,salad,2.0,5.0,10.0,cash,in-store,2023-08-19,2023.0,8.0,19.0
3301517,salad,,5.0,,credit card,in-store,2023-04-13,2023.0,4.0,13.0
3120848,cookie,1.0,1.0,1.0,cash,in-store,2023-11-01,2023.0,11.0,1.0
3764807,smoothie,2.0,,,,,2023-08-28,2023.0,8.0,28.0
3315467,sandwich,2.0,4.0,8.0,digital wallet,takeaway,2023-11-17,2023.0,11.0,17.0
9363990,cake,3.0,3.0,9.0,credit card,,2023-01-17,2023.0,1.0,17.0
9666257,juice,2.0,3.0,6.0,,in-store,2023-09-27,2023.0,9.0,27.0
1504466,coffee,1.0,2.0,2.0,cash,,2023-11-07,2023.0,11.0,7.0
3324387,,1.0,4.0,4.0,credit card,,2023-12-13,2023.0,12.0,13.0
7603895,smoothie,5.0,4.0,20.0,credit card,in-store,,,,
1477525,salad,3.0,5.0,15.0,cash,takeaway,2023-11-06,2023.0,11.0,6.0
9063624,coffee,1.0,2.0,2.0,credit card,,2023-04-21,2023.0,4.0,21.0
1595139,smoothie,5.0,4.0,20.0,cash,,2023-08-24,2023.0,8.0,24.0
8606912,salad,5.0,,,digital wallet,,2023-03-10,2023.0,3.0,10.0
8548232,sandwich,4.0,4.0,16.0,digital wallet,in-store,2023-06-21,2023.0,6.0,21.0
6074414,salad,2.0,5.0,10.0,credit card,,2023-11-13,2023.0,11.0,13.0
2010658,smoothie,3.0,4.0,12.0,,,2023-02-20,2023.0,2.0,20.0
5070577,cookie,,1.0,,credit card,takeaway,2023-02-07,2023.0,2.0,7.0
5426236,,3.0,4.0,12.0,cash,takeaway,2023-08-31,2023.0,8.0,31.0
8867957,sandwich,1.0,4.0,4.0,digital wallet,,2023-01-04,2023.0,1.0,4.0
3241422,salad,2.0,5.0,10.0,cash,takeaway,2023-07-17,2023.0,7.0,17.0
6036254,,3.0,2.0,6.0,credit card,,2023-09-20,2023.0,9.0,20.0
3580048,smoothie,5.0,,,,,2023-05-17,2023.0,5.0,17.0
2756336,smoothie,3.0,4.0,12.0,credit card,takeaway,2023-07-07,2023.0,7.0,7.0
9691873,juice,2.0,,,digital wallet,takeaway,2023-02-15,2023.0,2.0,15.0
2466187,coffee,2.0,2.0,4.0,,takeaway,2023-04-18,2023.0,4.0,18.0
9699116,cookie,2.0,1.0,2.0,digital wallet,in-store,,,,
7964520,coffee,1.0,2.0,2.0,,in-store,2023-03-26,2023.0,3.0,26.0
3185667,tea,5.0,,,digital wallet,,2023-12-26,2023.0,12.0,26.0
8167741,sandwich,4.0,4.0,16.0,,takeaway,2023-09-09,2023.0,9.0,9.0
1015883,cookie,4.0,1.0,4.0,cash,in-store,2023-10-16,2023.0,10.0,16.0
8838566,cake,5.0,3.0,15.0,digital wallet,in-store,2023-07-25,2023.0,7.0,25.0
2423343,tea,4.0,1.5,6.0,,in-store,2023-09-25,2023.0,9.0,25.0
1496038,juice,4.0,3.0,12.0,,in-store,2023-12-22,2023.0,12.0,22.0
9484436,salad,1.0,,,credit card,in-store,2023-01-20,2023.0,1.0,20.0
7670699,juice,1.0,3.0,3.0,cash,in-store,2023-12-24,2023.0,12.0,24.0
7765640,,,2.0,,credit card,,2023-07-07,2023.0,7.0,7.0
5412418,,3.0,3.0,9.0,cash,,2023-09-23,2023.0,9.0,23.0
2053631,salad,1.0,5.0,5.0,credit card,,2023-03-21,2023.0,3.0,21.0
3632064,cookie,5.0,1.0,5.0,cash,,2023-02-12,2023.0,2.0,12.0
4254587,smoothie,1.0,4.0,4.0,digital wallet,,2023-05-27,2023.0,5.0,27.0
9605972,cake,3.0,3.0,9.0,,,2023-09-30,2023.0,9.0,30.0
1323030,salad,4.0,5.0,20.0,,in-store,2023-03-30,2023.0,3.0,30.0
7989903,juice,2.0,3.0,6.0,cash,,2023-06-19,2023.0,6.0,19.0
7423885,juice,4.0,3.0,12.0,digital wallet,takeaway,2023-09-06,2023.0,9.0,6.0
1495371,sandwich,2.0,4.0,8.0,credit card,takeaway,2023-07-21,2023.0,7.0,21.0
8934025,cookie,2.0,1.0,2.0,,,2023-12-18,2023.0,12.0,18.0
7515290,smoothie,,4.0,,digital wallet,,2023-12-23,2023.0,12.0,23.0
3711520,tea,1.0,1.5,1.5,,in-store,2023-06-29,2023.0,6.0,29.0
3841683,sandwich,1.0,4.0,4.0,,in-store,2023-06-20,2023.0,6.0,20.0
9100530,sandwich,3.0,4.0,12.0,digital wallet,,2023-05-21,2023.0,5.0,21.0
3112013,sandwich,5.0,4.0,20.0,cash,in-store,2023-01-06,2023.0,1.0,6.0
7786787,tea,1.0,1.5,1.5,credit card,takeaway,2023-07-08,2023.0,7.0,8.0
7160196,sandwich,1.0,4.0,4.0,,in-store,2023-12-06,2023.0,12.0,6.0
4634894,coffee,1.0,2.0,2.0,,,2023-12-09,2023.0,12.0,9.0
8214944,,3.0,1.5,4.5,credit card,in-store,2023-11-18,2023.0,11.0,18.0
1080377,cake,2.0,3.0,6.0,,,2023-04-08,2023.0,4.0,8.0
8566683,smoothie,4.0,4.0,16.0,cash,takeaway,2023-08-09,2023.0,8.0,9.0
2784588,juice,2.0,3.0,6.0,cash,takeaway,2023-03-26,2023.0,3.0,26.0
6110769,cookie,2.0,1.0,2.0,,,2023-03-02,2023.0,3.0,2.0
9999124,juice,2.0,3.0,6.0,digital wallet,takeaway,,,,
1637334,,2.0,1.5,3.0,credit card,in-store,2023-08-09,2023.0,8.0,9.0
9514452,,5.0,,,credit card,takeaway,2023-07-29,2023.0,7.0,29.0
8787350,sandwich,5.0,4.0,20.0,,,2023-05-21,2023.0,5.0,21.0
7533675,smoothie,3.0,4.0,12.0,,in-store,2023-10-28,2023.0,10.0,28.0
2264601,tea,1.0,1.5,1.5,,,2023-01-21,2023.0,1.0,21.0
6024139,juice,4.0,3.0,12.0,digital wallet,,2023-08-15,2023.0,8.0,15.0
9841397,coffee,4.0,2.0,8.0,cash,in-store,2023-12-28,2023.0,12.0,28.0
7302991,,4.0,4.0,16.0,digital wallet,takeaway,2023-04-05,2023.0,4.0,5.0
6093331,smoothie,2.0,4.0,8.0,credit card,,2023-06-24,2023.0,6.0,24.0
3087096,tea,3.0,,,cash,,2023-08-19,2023.0,8.0,19.0
8324315,salad,1.0,5.0,5.0,,,2023-08-07,2023.0,8.0,7.0
8933679,salad,3.0,5.0,15.0,digital wallet,in-store,2023-09-24,2023.0,9.0,24.0
3528653,cake,1.0,3.0,3.0,,,2023-02-26,2023.0,2.0,26.0
4256155,cake,5.0,3.0,15.0,,takeaway,2023-04-06,2023.0,4.0,6.0
7186675,cookie,4.0,1.0,4.0,cash,,2023-11-09,2023.0,11.0,9.0
5295223,,5.0,5.0,25.0,cash,in-store,2023-03-23,2023.0,3.0,23.0
8578861,salad,5.0,5.0,25.0,digital wallet,in-store,2023-05-16,2023.0,5.0,16.0
8028042,coffee,3.0,2.0,6.0,,,2023-04-05,2023.0,4.0,5.0
4021467,coffee,2.0,2.0,4.0,,takeaway,2023-04-02,2023.0,4.0,2.0
4807037,salad,5.0,5.0,25.0,cash,in-store,2023-12-08,2023.0,12.0,8.0
3975938,sandwich,3.0,4.0,12.0,credit card,,2023-09-04,2023.0,9.0,4.0
3312653,cookie,5.0,1.0,5.0,cash,takeaway,2023-12-09,2023.0,12.0,9.0
1405498,juice,2.0,3.0,6.0,,takeaway,2023-12-31,2023.0,12.0,31.0
6571288,sandwich,2.0,4.0,8.0,credit card,,2023-10-23,2023.0,10.0,23.0
7560210,juice,5.0,3.0,15.0,,takeaway,2023-02-21,2023.0,2.0,21.0
2905234,cookie,1.0,1.0,1.0,credit card,,2023-09-24,2023.0,9.0,24.0
3630981,coffee,2.0,2.0,4.0,,in-store,2023-10-31,2023.0,10.0,31.0
3339728,juice,5.0,3.0,15.0,,in-store,2023-05-13,2023.0,5.0,13.0
3826298,cookie,3.0,1.0,3.0,,,2023-11-28,2023.0,11.0,28.0
7854306,sandwich,1.0,4.0,4.0,cash,in-store,2023-09-17,2023.0,9.0,17.0
6034709,,2.0,2.0,4.0,credit card,,2023-06-16,2023.0,6.0,16.0
3072565,juice,3.0,3.0,9.0,credit card,,2023-07-09,2023.0,7.0,9.0
9544977,cookie,4.0,1.0,4.0,,in-store,2023-07-04,2023.0,7.0,4.0
9924421,cake,5.0,3.0,15.0,credit card,,,,,
8374101,salad,5.0,5.0,25.0,credit card,,2023-08-16,2023.0,8.0,16.0
5814878,smoothie,2.0,4.0,8.0,digital wallet,,2023-04-02,2023.0,4.0,2.0
2398895,juice,5.0,3.0,15.0,digital wallet,in-store,2023-04-04,2023.0,4.0,4.0
1205020,tea,5.0,1.5,7.5,cash,,2023-10-03,2023.0,10.0,3.0
4620459,sandwich,5.0,4.0,20.0,cash,,,,,
1631377,coffee,5.0,2.0,10.0,,takeaway,2023-06-07,2023.0,6.0,7.0
6368424,cookie,3.0,1.0,3.0,,,,,,
8116676,cake,2.0,3.0,6.0,digital wallet,,2023-09-16,2023.0,9.0,16.0
4116036,salad,2.0,,,credit card,in-store,2023-01-22,2023.0,1.0,22.0
3172090,juice,1.0,3.0,3.0,credit card,,2023-05-09,2023.0,5.0,9.0
5193568,juice,3.0,3.0,9.0,cash,,2023-12-10,2023.0,12.0,10.0
3725152,coffee,5.0,2.0,10.0,,,2023-07-08,2023.0,7.0,8.0
8724711,salad,3.0,5.0,15.0,cash,in-store,2023-02-07,2023.0,2.0,7.0
9477344,,2.0,1.0,2.0,credit card,in-store,2023-09-30,2023.0,9.0,30.0
5899361,cake,1.0,3.0,3.0,credit card,,2023-08-08,2023.0,8.0,8.0
8261380,cake,3.0,3.0,9.0,cash,in-store,2023-10-01,2023.0,10.0,1.0
1188551,,2.0,2.0,4.0,,,2023-03-20,2023.0,3.0,20.0
1887250,tea,3.0,1.5,4.5,,takeaway,2023-05-15,2023.0,5.0,15.0
4799873,cookie,3.0,1.0,3.0,digital wallet,in-store,2023-03-04,2023.0,3.0,4.0
9691151,coffee,4.0,2.0,8.0,,in-store,2023-08-23,2023.0,8.0,23.0
3014261,salad,4.0,5.0,20.0,cash,in-store,2023-11-29,2023.0,11.0,29.0
9987991,smoothie,,4.0,,credit card,takeaway,2023-02-21,2023.0,2.0,21.0
1093668,coffee,2.0,2.0,4.0,digital wallet,,2023-05-18,2023.0,5.0,18.0
8279966,coffee,,2.0,,cash,in-store,2023-08-24,2023.0,8.0,24.0
3977835,tea,5.0,,,,in-store,2023-05-06,2023.0,5.0,6.0
1758689,smoothie,3.0,4.0,12.0,cash,,2023-02-17,2023.0,2.0,17.0
4312977,juice,1.0,3.0,3.0,digital wallet,in-store,2023-03-15,2023.0,3.0,15.0
6503526,cookie,5.0,,,credit card,in-store,2023-10-20,2023.0,10.0,20.0
8676485,salad,2.0,5.0,10.0,,in-store,2023-04-28,2023.0,4.0,28.0
7176851,tea,4.0,1.5,6.0,credit card,takeaway,2023-11-20,2023.0,11.0,20.0
8695037,smoothie,,4.0,,,,2023-01-24,2023.0,1.0,24.0
6632882,smoothie,1.0,4.0,4.0,digital wallet,in-store,2023-04-30,2023.0,4.0,30.0
7775016,sandwich,5.0,4.0,20.0,cash,in-store,2023-09-27,2023.0,9.0,27.0
2176024,coffee,5.0,,,digital wallet,in-store,2023-02-03,2023.0,2.0,3.0
7051683,,3.0,3.0,9.0,digital wallet,in-store,2023-11-16,2023.0,11.0,16.0
3670041,smoothie,3.0,4.0,12.0,digital wallet,,2023-03-22,2023.0,3.0,22.0
5124080,cookie,1.0,1.0,1.0,credit card,in-store,2023-01-14,2023.0,1.0,14.0
3317649,sandwich,3.0,4.0,12.0,,takeaway,2023-11-06,2023.0,11.0,6.0
3953316,cookie,2.0,1.0,2.0,digital wallet,,2023-06-06,2023.0,6.0,6.0
6160209,salad,3.0,5.0,15.0,,in-store,2023-07-28,2023.0,7.0,28.0
7089316,tea,2.0,1.5,3.0,cash,in-store,2023-11-27,2023.0,11.0,27.0
5421310,coffee,,2.0,,digital wallet,in-store,2023-06-10,2023.0,6.0,10.0
9081409,,1.0,3.0,3.0,credit card,in-store,2023-06-16,2023.0,6.0,16.0
6850528,cookie,3.0,1.0,3.0,cash,in-store,2023-10-13,2023.0,10.0,13.0
6900182,smoothie,3.0,4.0,12.0,cash,in-store,2023-09-10,2023.0,9.0,10.0
2643748,salad,3.0,5.0,15.0,cash,,2023-11-28,2023.0,11.0,28.0
4858908,cake,2.0,3.0,6.0,cash,in-store,2023-02-11,2023.0,2.0,11.0
8972137,,4.0,3.0,12.0,credit card,in-store,2023-05-15,2023.0,5.0,15.0
2828785,smoothie,1.0,4.0,4.0,,in-store,2023-01-24,2023.0,1.0,24.0
3489721,coffee,3.0,2.0,6.0,cash,,2023-09-27,2023.0,9.0,27.0
4791031,coffee,,2.0,,cash,,,,,
5223702,smoothie,4.0,4.0,16.0,credit card,,2023-06-23,2023.0,6.0,23.0
2788676,cookie,2.0,1.0,2.0,digital wallet,,2023-11-05,2023.0,11.0,5.0
1643447,,1.0,3.0,3.0,,,2023-09-03,2023.0,9.0,3.0
5172164,tea,3.0,1.5,4.5,digital wallet,in-store,2023-09-13,2023.0,9.0,13.0
2818867,salad,3.0,5.0,15.0,cash,,2023-01-11,2023.0,1.0,11.0
1303984,salad,4.0,5.0,20.0,digital wallet,,2023-07-24,2023.0,7.0,24.0
3373078,smoothie,4.0,4.0,16.0,digital wallet,in-store,2023-12-01,2023.0,12.0,1.0
3982146,coffee,3.0,2.0,6.0,,in-store,2023-07-09,2023.0,7.0,9.0
1185156,smoothie,4.0,4.0,16.0,,takeaway,2023-03-23,2023.0,3.0,23.0
6720290,smoothie,1.0,4.0,4.0,,in-store,2023-01-25,2023.0,1.0,25.0
9365447,,2.0,1.5,3.0,cash,,2023-12-10,2023.0,12.0,10.0
7701878,smoothie,4.0,4.0,16.0,credit card,in-store,2023-08-11,2023.0,8.0,11.0
7677817,,,2.0,,credit card,,2023-01-17,2023.0,1.0,17.0
9983530,smoothie,3.0,4.0,12.0,,,2023-01-04,2023.0,1.0,4.0
4755934,tea,2.0,1.5,3.0,cash,,2023-12-29,2023.0,12.0,29.0
2931198,cake,2.0,3.0,6.0,credit card,in-store,2023-04-21,2023.0,4.0,21.0
7426387,smoothie,5.0,4.0,20.0,cash,,2023-10-30,2023.0,10.0,30.0
3182547,juice,,3.0,,digital wallet,takeaway,2023-07-28,2023.0,7.0,28.0
6980463,salad,1.0,5.0,5.0,digital wallet,in-store,2023-09-03,2023.0,9.0,3.0
6708165,juice,5.0,3.0,15.0,,in-store,2023-10-19,2023.0,10.0,19.0
4310629,cake,3.0,3.0,9.0,credit card,takeaway,2023-10-02,2023.0,10.0,2.0
4650611,coffee,1.0,2.0,2.0,credit card,,2023-10-14,2023.0,10.0,14.0
7952232,tea,4.0,1.5,6.0,cash,,2023-03-31,2023.0,3.0,31.0
1593691,sandwich,2.0,4.0,8.0,,,2023-03-11,2023.0,3.0,11.0
9432007,cookie,4.0,1.0,4.0,,,,,,
3781198,cake,3.0,3.0,9.0,digital wallet,in-store,2023-11-04,2023.0,11.0,4.0
3585464,cookie,3.0,1.0,3.0,,takeaway,2023-09-12,2023.0,9.0,12.0
8286164,smoothie,1.0,4.0,4.0,,in-store,2023-03-08,2023.0,3.0,8.0
8851113,tea,3.0,1.5,4.5,digital wallet,,2023-12-23,2023.0,12.0,23.0
9131136,juice,2.0,3.0,6.0,credit card,,2023-03-20,2023.0,3.0,20.0
8872160,salad,5.0,5.0,25.0,digital wallet,,,,,
1449065,salad,2.0,5.0,10.0,cash,,2023-10-03,2023.0,10.0,3.0
1230311,juice,3.0,3.0,9.0,digital wallet,,2023-08-14,2023.0,8.0,14.0
2325484,salad,1.0,,,digital wallet,takeaway,2023-08-16,2023.0,8.0,16.0
2647425,juice,4.0,3.0,12.0,credit card,,2023-07-30,2023.0,7.0,30.0
5525916,coffee,2.0,2.0,4.0,cash,takeaway,2023-03-02,2023.0,3.0,2.0
4297979,coffee,1.0,2.0,2.0,digital wallet,in-store,2023-08-14,2023.0,8.0,14.0
1686323,smoothie,4.0,4.0,16.0,digital wallet,in-store,2023-11-30,2023.0,11.0,30.0
5373154,cake,3.0,3.0,9.0,digital wallet,,2023-04-06,2023.0,4.0,6.0
6225571,smoothie,2.0,4.0,8.0,credit card,takeaway,2023-09-13,2023.0,9.0,13.0
9772556,coffee,5.0,2.0,10.0,,,2023-10-20,2023.0,10.0,20.0
3033598,sandwich,5.0,4.0,20.0,cash,takeaway,2023-03-12,2023.0,3.0,12.0
4382956,,4.0,1.5,6.0,credit card,,2023-11-16,2023.0,11.0,16.0
8117583,salad,1.0,5.0,5.0,cash,in-store,2023-02-25,2023.0,2.0,25.0
1101527,smoothie,,4.0,,digital wallet,,2023-04-20,2023.0,4.0,20.0
2118759,coffee,2.0,2.0,4.0,digital wallet,,2023-08-07,2023.0,8.0,7.0
7603948,cake,3.0,3.0,9.0,credit card,,2023-01-28,2023.0,1.0,28.0
5519424,tea,2.0,1.5,3.0,digital wallet,,2023-09-23,2023.0,9.0,23.0
3483911,salad,1.0,5.0,5.0,digital wallet,takeaway,2023-07-10,2023.0,7.0,10.0
5447967,smoothie,2.0,,,credit card,,2023-06-06,2023.0,6.0,6.0
2893987,cake,4.0,,,,takeaway,2023-05-31,2023.0,5.0,31.0
5120215,coffee,2.0,2.0,4.0,digital wallet,,2023-10-29,2023.0,10.0,29.0
4417257,salad,5.0,5.0,25.0,digital wallet,takeaway,2023-05-06,2023.0,5.0,6.0
2871592,cookie,4.0,1.0,4.0,cash,in-store,2023-08-07,2023.0,8.0,7.0
8283199,juice,3.0,3.0,9.0,digital wallet,takeaway,2023-01-23,2023.0,1.0,23.0
1571874,cake,1.0,3.0,3.0,digital wallet,,2023-07-10,2023.0,7.0,10.0
8059782,cake,5.0,3.0,15.0,,takeaway,,,,
6534833,salad,4.0,5.0,20.0,digital wallet,in-store,2023-12-14,2023.0,12.0,14.0
6027500,smoothie,4.0,4.0,16.0,,,2023-09-22,2023.0,9.0,22.0
7029944,cookie,2.0,1.0,2.0,cash,takeaway,2023-04-17,2023.0,4.0,17.0
3075169,sandwich,,4.0,,credit card,in-store,2023-06-25,2023.0,6.0,25.0
9791421,sandwich,1.0,4.0,4.0,cash,takeaway,2023-07-15,2023.0,7.0,15.0
6359031,coffee,1.0,2.0,2.0,,,2023-02-28,2023.0,2.0,28.0
8236432,salad,1.0,5.0,5.0,,,2023-12-04,2023.0,12.0,4.0
7359566,coffee,1.0,2.0,2.0,cash,in-store,2023-04-06,2023.0,4.0,6.0
4813580,sandwich,3.0,4.0,12.0,digital wallet,takeaway,2023-04-15,2023.0,4.0,15.0
9940829,smoothie,3.0,4.0,12.0,,in-store,2023-04-04,2023.0,4.0,4.0
4583957,cookie,2.0,1.0,2.0,credit card,takeaway,2023-10-08,2023.0,10.0,8.0
8187222,coffee,4.0,2.0,8.0,credit card,,2023-03-08,2023.0,3.0,8.0
1298084,,2.0,1.5,3.0,credit card,takeaway,2023-01-02,2023.0,1.0,2.0
4403699,,1.0,1.0,1.0,credit card,,2023-08-19,2023.0,8.0,19.0
5639908,tea,,1.5,,,in-store,,,,
9005782,tea,4.0,1.5,6.0,,in-store,2023-06-18,2023.0,6.0,18.0
5083311,sandwich,4.0,4.0,16.0,digital wallet,,2023-04-30,2023.0,4.0,30.0
4325098,,5.0,3.0,15.0,,takeaway,,,,
8847610,juice,3.0,3.0,9.0,digital wallet,takeaway,2023-12-06,2023.0,12.0,6.0
9817102,coffee,3.0,2.0,6.0,credit card,in-store,2023-02-22,2023.0,2.0,22.0
5566774,tea,3.0,1.5,4.5,,in-store,2023-03-29,2023.0,3.0,29.0
5555790,tea,5.0,,,credit card,in-store,2023-02-19,2023.0,2.0,19.0
3575713,,,1.5,,cash,takeaway,2023-02-18,2023.0,2.0,18.0
5811955,salad,2.0,5.0,10.0,credit card,takeaway,2023-06-29,2023.0,6.0,29.0
3737378,smoothie,1.0,4.0,4.0,cash,,,,,
5406762,salad,4.0,5.0,20.0,credit card,,2023-09-12,2023.0,9.0,12.0
3039985,cookie,5.0,1.0,5.0,digital wallet,in-store,2023-04-08,2023.0,4.0,8.0
1424056,smoothie,1.0,4.0,4.0,cash,,2023-07-31,2023.0,7.0,31.0
1193221,tea,3.0,1.5,4.5,credit card,in-store,2023-10-21,2023.0,10.0,21.0
8610501,sandwich,5.0,4.0,20.0,cash,,2023-09-29,2023.0,9.0,29.0
9587445,coffee,4.0,2.0,8.0,,in-store,2023-08-24,2023.0,8.0,24.0
3694901,cookie,2.0,1.0,2.0,,in-store,2023-08-16,2023.0,8.0,16.0
5749454,juice,,3.0,,digital wallet,takeaway,2023-12-04,2023.0,12.0,4.0
8356048,,5.0,4.0,20.0,cash,takeaway,2023-06-05,2023.0,6.0,5.0
3480278,smoothie,4.0,,,digital wallet,in-store,2023-12-26,2023.0,12.0,26.0
9252414,tea,1.0,,,,in-store,2023-11-13,2023.0,11.0,13.0
3010103,,5.0,4.0,20.0,,,2023-02-14,2023.0,2.0,14.0
6699408,cookie,5.0,1.0,5.0,cash,takeaway,2023-12-22,2023.0,12.0,22.0
6400351,juice,2.0,3.0,6.0,digital wallet,takeaway,2023-08-11,2023.0,8.0,11.0
1559512,juice,5.0,,,credit card,,2023-11-28,2023.0,11.0,28.0
6091543,coffee,3.0,2.0,6.0,,in-store,2023-07-04,2023.0,7.0,4.0
2842641,cake,1.0,3.0,3.0,,in-store,2023-06-11,2023.0,6.0,11.0
8875043,salad,4.0,5.0,20.0,digital wallet,,2023-02-21,2023.0,2.0,21.0
8212783,salad,3.0,,,credit card,in-store,2023-03-30,2023.0,3.0,30.0
2653400,smoothie,1.0,4.0,4.0,cash,,,,,
7343062,sandwich,5.0,4.0,20.0,digital wallet,in-store,2023-08-11,2023.0,8.0,11.0
2535099,sandwich,5.0,4.0,20.0,credit card,in-store,2023-02-10,2023.0,2.0,10.0
2951148,sandwich,4.0,4.0,16.0,cash,in-store,2023-02-21,2023.0,2.0,21.0
1294101,tea,5.0,1.5,7.5,digital wallet,takeaway,2023-03-31,2023.0,3.0,31.0
5579227,smoothie,,4.0,,digital wallet,,2023-06-22,2023.0,6.0,22.0
8534360,juice,5.0,3.0,15.0,,,2023-02-15,2023.0,2.0,15.0
4336247,coffee,5.0,2.0,10.0,digital wallet,takeaway,2023-03-03,2023.0,3.0,3.0
7101384,coffee,1.0,,,,,2023-04-23,2023.0,4.0,23.0
1356599,cookie,2.0,1.0,2.0,cash,takeaway,2023-12-14,2023.0,12.0,14.0
4568452,cookie,3.0,1.0,3.0,digital wallet,in-store,2023-01-14,2023.0,1.0,14.0
5036856,coffee,5.0,2.0,10.0,cash,in-store,2023-03-27,2023.0,3.0,27.0
6927392,salad,3.0,5.0,15.0,digital wallet,in-store,,,,
5167925,juice,1.0,3.0,3.0,,,2023-09-11,2023.0,9.0,11.0
1345440,salad,5.0,5.0,25.0,cash,,2023-06-20,2023.0,6.0,20.0
8043218,salad,2.0,5.0,10.0,cash,in-store,2023-10-23,2023.0,10.0,23.0
4026277,tea,3.0,1.5,4.5,digital wallet,in-store,2023-08-27,2023.0,8.0,27.0
4991731,tea,,1.5,,digital wallet,takeaway,2023-11-07,2023.0,11.0,7.0
6196052,smoothie,5.0,4.0,20.0,cash,takeaway,2023-04-07,2023.0,4.0,7.0
9563024,cookie,3.0,,,digital wallet,in-store,2023-09-27,2023.0,9.0,27.0
8326905,coffee,5.0,2.0,10.0,,takeaway,2023-03-10,2023.0,3.0,10.0
3474333,,3.0,3.0,9.0,credit card,takeaway,2023-01-13,2023.0,1.0,13.0
9918597,smoothie,4.0,4.0,16.0,digital wallet,in-store,2023-10-17,2023.0,10.0,17.0
3460926,juice,3.0,3.0,9.0,digital wallet,takeaway,2023-03-25,2023.0,3.0,25.0
2671272,smoothie,1.0,4.0,4.0,digital wallet,,2023-02-13,2023.0,2.0,13.0
8437157,smoothie,4.0,4.0,16.0,credit card,,2023-02-09,2023.0,2.0,9.0
3401287,,3.0,4.0,12.0,cash,,2023-02-12,2023.0,2.0,12.0
7309365,cake,2.0,3.0,6.0,cash,,2023-08-31,2023.0,8.0,31.0
2175096,,1.0,1.5,1.5,,in-store,2023-02-25,2023.0,2.0,25.0
8872997,sandwich,4.0,4.0,16.0,credit card,in-store,2023-01-31,2023.0,1.0,31.0
8425085,juice,1.0,3.0,3.0,credit card,,2023-12-23,2023.0,12.0,23.0
3237919,sandwich,1.0,4.0,4.0,,,2023-02-04,2023.0,2.0,4.0
4713643,coffee,5.0,,,,,2023-08-10,2023.0,8.0,10.0
4806003,cookie,5.0,1.0,5.0,credit card,,2023-08-06,2023.0,8.0,6.0
9089797,coffee,1.0,2.0,2.0,credit card,takeaway,2023-09-19,2023.0,9.0,19.0
5449092,juice,4.0,3.0,12.0,,,2023-06-11,2023.0,6.0,11.0
6097144,juice,5.0,3.0,15.0,,takeaway,2023-01-27,2023.0,1.0,27.0
6483589,juice,3.0,3.0,9.0,digital wallet,,2023-10-13,2023.0,10.0,13.0
8516055,,5.0,4.0,20.0,credit card,takeaway,2023-04-17,2023.0,4.0,17.0
5430694,salad,,5.0,,,,2023-08-24,2023.0,8.0,24.0
3024493,smoothie,1.0,4.0,4.0,credit card,in-store,,,,
2078232,tea,1.0,1.5,1.5,,,2023-06-11,2023.0,6.0,11.0
7551689,cookie,5.0,1.0,5.0,cash,,2023-09-16,2023.0,9.0,16.0
8408103,sandwich,5.0,4.0,20.0,,takeaway,2023-06-01,2023.0,6.0,1.0
5862795,salad,2.0,,,digital wallet,,2023-02-25,2023.0,2.0,25.0
9348801,cake,1.0,3.0,3.0,,,2023-11-29,2023.0,11.0,29.0
8688565,smoothie,5.0,4.0,20.0,digital wallet,,2023-05-23,2023.0,5.0,23.0
3067195,salad,3.0,5.0,15.0,cash,,2023-12-03,2023.0,12.0,3.0
2710603,smoothie,5.0,4.0,20.0,,takeaway,2023-02-02,2023.0,2.0,2.0
8978004,coffee,2.0,2.0,4.0,digital wallet,in-store,2023-04-01,2023.0,4.0,1.0
9679889,sandwich,3.0,4.0,12.0,credit card,in-store,2023-06-18,2023.0,6.0,18.0
9818163,tea,2.0,,,digital wallet,,2023-10-23,2023.0,10.0,23.0
7010020,cake,5.0,,,,in-store,2023-08-07,2023.0,8.0,7.0
1712662,juice,2.0,3.0,6.0,cash,,2023-05-31,2023.0,5.0,31.0
4077799,cake,4.0,3.0,12.0,digital wallet,takeaway,2023-08-12,2023.0,8.0,12.0
8225571,tea,4.0,,,digital wallet,,2023-01-17,2023.0,1.0,17.0
3103520,cake,3.0,3.0,9.0,,,2023-09-04,2023.0,9.0,4.0
2084080,cookie,4.0,1.0,4.0,digital wallet,takeaway,2023-09-22,2023.0,9.0,22.0
2740398,cookie,4.0,1.0,4.0,digital wallet,in-store,,,,
8046057,coffee,1.0,2.0,2.0,credit card,in-store,2023-11-24,2023.0,11.0,24.0
5832968,salad,5.0,5.0,25.0,,takeaway,2023-06-05,2023.0,6.0,5.0
6995665,tea,2.0,1.5,3.0,,,,,,
3752448,cake,5.0,3.0,15.0,digital wallet,takeaway,2023-05-16,2023.0,5.0,16.0
3842881,salad,5.0,5.0,25.0,,,2023-01-25,2023.0,1.0,25.0
4060160,coffee,4.0,2.0,8.0,,in-store,2023-07-05,2023.0,7.0,5.0
3847405,sandwich,1.0,4.0,4.0,digital wallet,takeaway,2023-06-15,2023.0,6.0,15.0
5103644,cake,4.0,3.0,12.0,credit card,takeaway,2023-04-17,2023.0,4.0,17.0
6846020,juice,5.0,,,,takeaway,2023-05-03,2023.0,5.0,3.0
7763764,cookie,2.0,1.0,2.0,,in-store,,,,
4758849,cake,2.0,3.0,6.0,,,2023-06-23,2023.0,6.0,23.0
1034651,sandwich,3.0,4.0,12.0,,takeaway,2023-07-06,2023.0,7.0,6.0
4128921,salad,4.0,5.0,20.0,,takeaway,2023-09-11,2023.0,9.0,11.0
8925566,tea,2.0,1.5,3.0,digital wallet,in-store,2023-08-07,2023.0,8.0,7.0
1679800,smoothie,4.0,4.0,16.0,cash,in-store,2023-10-17,2023.0,10.0,17.0
3785678,tea,1.0,1.5,1.5,credit card,takeaway,2023-03-13,2023.0,3.0,13.0
1056256,cake,4.0,3.0,12.0,,in-store,2023-12-04,2023.0,12.0,4.0
8712303,,2.0,3.0,6.0,credit card,takeaway,2023-08-14,2023.0,8.0,14.0
2289122,smoothie,4.0,4.0,16.0,cash,in-store,2023-08-20,2023.0,8.0,20.0
2988434,juice,1.0,3.0,3.0,digital wallet,in-store,2023-12-09,2023.0,12.0,9.0
1197536,salad,3.0,5.0,15.0,,takeaway,2023-10-02,2023.0,10.0,2.0
7327362,coffee,5.0,2.0,10.0,credit card,in-store,2023-06-29,2023.0,6.0,29.0
5628251,cake,4.0,3.0,12.0,credit card,,2023-11-14,2023.0,11.0,14.0
2687748,juice,3.0,3.0,9.0,,takeaway,2023-02-26,2023.0,2.0,26.0
8309656,sandwich,3.0,4.0,12.0,,takeaway,2023-01-04,2023.0,1.0,4.0
7597276,smoothie,4.0,4.0,16.0,digital wallet,,2023-05-01,2023.0,5.0,1.0
4360906,sandwich,2.0,4.0,8.0,,in-store,2023-06-11,2023.0,6.0,11.0
6000890,coffee,3.0,2.0,6.0,digital wallet,in-store,2023-01-06,2023.0,1.0,6.0
8917565,coffee,1.0,2.0,2.0,cash,,2023-11-19,2023.0,11.0,19.0
6264113,coffee,4.0,2.0,8.0,,,2023-12-02,2023.0,12.0,2.0
3603434,coffee,5.0,2.0,10.0,,in-store,2023-01-05,2023.0,1.0,5.0
7976129,cake,3.0,3.0,9.0,,in-store,2023-03-03,2023.0,3.0,3.0
7420434,coffee,4.0,2.0,8.0,credit card,takeaway,2023-07-16,2023.0,7.0,16.0
5818852,juice,2.0,3.0,6.0,,,2023-03-04,2023.0,3.0,4.0
9976598,juice,4.0,3.0,12.0,,takeaway,2023-01-10,2023.0,1.0,10.0
1556046,sandwich,4.0,4.0,16.0,credit card,takeaway,2023-04-09,2023.0,4.0,9.0
7129511,coffee,5.0,2.0,10.0,cash,takeaway,2023-10-29,2023.0,10.0,29.0
6324434,coffee,4.0,2.0,8.0,cash,takeaway,2023-12-04,2023.0,12.0,4.0
2380352,tea,3.0,1.5,4.5,digital wallet,,2023-11-03,2023.0,11.0,3.0
6455325,juice,4.0,3.0,12.0,credit card,in-store,2023-01-05,2023.0,1.0,5.0
6682253,tea,5.0,1.5,7.5,cash,in-store,2023-02-17,2023.0,2.0,17.0
8220657,,2.0,1.5,3.0,cash,,2023-08-13,2023.0,8.0,13.0
7819240,smoothie,5.0,4.0,20.0,cash,in-store,2023-03-06,2023.0,3.0,6.0
4451380,cookie,3.0,1.0,3.0,digital wallet,in-store,2023-07-10,2023.0,7.0,10.0
2482298,salad,2.0,5.0,10.0,,takeaway,2023-06-15,2023.0,6.0,15.0
2606750,tea,3.0,1.5,4.5,cash,,2023-06-20,2023.0,6.0,20.0
4493874,cookie,5.0,1.0,5.0,,in-store,2023-11-19,2023.0,11.0,19.0
2705302,salad,2.0,5.0,10.0,credit card,,2023-01-18,2023.0,1.0,18.0
3706167,sandwich,5.0,4.0,20.0,digital wallet,takeaway,2023-10-02,2023.0,10.0,2.0
7414587,tea,3.0,1.5,4.5,cash,takeaway,2023-03-22,2023.0,3.0,22.0
3360649,cookie,2.0,1.0,2.0,,takeaway,2023-09-10,2023.0,9.0,10.0
6132245,salad,2.0,5.0,10.0,digital wallet,,2023-06-01,2023.0,6.0,1.0
2633322,salad,4.0,,,digital wallet,,2023-01-15,2023.0,1.0,15.0
9910333,cake,2.0,3.0,6.0,,in-store,2023-09-15,2023.0,9.0,15.0
7321479,cake,1.0,3.0,3.0,,,2023-10-31,2023.0,10.0,31.0
4315166,sandwich,2.0,4.0,8.0,digital wallet,takeaway,2023-06-10,2023.0,6.0,10.0
7843112,cookie,4.0,1.0,4.0,,,2023-01-25,2023.0,1.0,25.0
2879791,sandwich,1.0,4.0,4.0,,,2023-07-10,2023.0,7.0,10.0
2503128,cake,1.0,3.0,3.0,cash,in-store,2023-01-12,2023.0,1.0,12.0
3091574,cookie,5.0,1.0,5.0,,in-store,2023-07-29,2023.0,7.0,29.0
2371763,sandwich,4.0,4.0,16.0,cash,,2023-05-17,2023.0,5.0,17.0
5726114,smoothie,3.0,4.0,12.0,digital wallet,takeaway,2023-07-14,2023.0,7.0,14.0
1079844,salad,2.0,5.0,10.0,digital wallet,,2023-10-27,2023.0,10.0,27.0
8726097,tea,1.0,1.5,1.5,digital wallet,takeaway,,,,
1633337,salad,5.0,5.0,25.0,credit card,,2023-06-29,2023.0,6.0,29.0
5222176,cookie,4.0,1.0,4.0,,in-store,2023-01-11,2023.0,1.0,11.0
7480940,coffee,2.0,2.0,4.0,cash,in-store,2023-01-25,2023.0,1.0,25.0
2437508,salad,2.0,5.0,10.0,,takeaway,2023-11-20,2023.0,11.0,20.0
7445500,salad,4.0,5.0,20.0,cash,in-store,,,,
5036614,smoothie,4.0,4.0,16.0,digital wallet,in-store,2023-10-10,2023.0,10.0,10.0
9731164,salad,1.0,5.0,5.0,cash,,2023-12-07,2023.0,12.0,7.0
1417291,juice,4.0,3.0,12.0,digital wallet,in-store,2023-05-11,2023.0,5.0,11.0
9792093,sandwich,1.0,4.0,4.0,,in-store,2023-09-28,2023.0,9.0,28.0
9989239,tea,5.0,1.5,7.5,,in-store,2023-04-28,2023.0,4.0,28.0
6055570,tea,3.0,1.5,4.5,cash,,2023-02-06,2023.0,2.0,6.0
1231531,coffee,5.0,2.0,10.0,digital wallet,in-store,2023-07-24,2023.0,7.0,24.0
8843108,juice,5.0,3.0,15.0,,,2023-07-18,2023.0,7.0,18.0
4643305,cookie,4.0,1.0,4.0,,takeaway,2023-04-12,2023.0,4.0,12.0
8754977,sandwich,3.0,4.0,12.0,digital wallet,in-store,2023-10-24,2023.0,10.0,24.0
2052060,sandwich,3.0,4.0,12.0,cash,takeaway,2023-11-07,2023.0,11.0,7.0
1275124,coffee,3.0,2.0,6.0,,,2023-06-21,2023.0,6.0,21.0
3534536,coffee,1.0,2.0,2.0,credit card,,2023-02-02,2023.0,2.0,2.0
1779679,coffee,5.0,,,,in-store,2023-01-06,2023.0,1.0,6.0
4583908,sandwich,,4.0,,digital wallet,,2023-06-04,2023.0,6.0,4.0
6379692,cookie,5.0,,,digital wallet,takeaway,2023-11-05,2023.0,11.0,5.0
3999862,tea,4.0,1.5,6.0,,in-store,2023-07-11,2023.0,7.0,11.0
7694326,coffee,5.0,2.0,10.0,,,2023-02-19,2023.0,2.0,19.0
1171080,sandwich,3.0,4.0,12.0,credit card,,2023-07-29,2023.0,7.0,29.0
5658895,juice,,3.0,,cash,,2023-09-21,2023.0,9.0,21.0
7704680,,2.0,5.0,10.0,credit card,,2023-08-06,2023.0,8.0,6.0
6395070,smoothie,4.0,4.0,16.0,credit card,,2023-12-10,2023.0,12.0,10.0
9576454,juice,1.0,3.0,3.0,credit card,in-store,2023-09-23,2023.0,9.0,23.0
7907259,cake,1.0,3.0,3.0,digital wallet,takeaway,2023-10-19,2023.0,10.0,19.0
4487345,sandwich,3.0,4.0,12.0,,in-store,2023-05-10,2023.0,5.0,10.0
5929341,juice,2.0,3.0,6.0,,takeaway,2023-05-12,2023.0,5.0,12.0
6021173,juice,5.0,3.0,15.0,cash,takeaway,2023-12-16,2023.0,12.0,16.0
6272473,coffee,4.0,2.0,8.0,cash,takeaway,2023-03-06,2023.0,3.0,6.0
5243032,cookie,1.0,1.0,1.0,cash,takeaway,2023-08-24,2023.0,8.0,24.0
5863411,cookie,3.0,1.0,3.0,digital wallet,in-store,2023-09-21,2023.0,9.0,21.0
4087571,cookie,2.0,1.0,2.0,,,2023-11-24,2023.0,11.0,24.0
7680197,cookie,5.0,1.0,5.0,cash,takeaway,2023-09-23,2023.0,9.0,23.0
8773639,coffee,3.0,2.0,6.0,digital wallet,takeaway,2023-02-20,2023.0,2.0,20.0
5960979,coffee,5.0,2.0,10.0,digital wallet,in-store,2023-05-03,2023.0,5.0,3.0
7894534,tea,3.0,1.5,4.5,credit card,in-store,2023-03-16,2023.0,3.0,16.0
4890770,coffee,4.0,2.0,8.0,,takeaway,2023-10-12,2023.0,10.0,12.0
6079741,cookie,,1.0,,,takeaway,2023-01-02,2023.0,1.0,2.0
4612930,juice,2.0,3.0,6.0,,,2023-08-13,2023.0,8.0,13.0
1124311,cookie,1.0,1.0,1.0,cash,,2023-05-05,2023.0,5.0,5.0
6380636,coffee,5.0,2.0,10.0,,,2023-01-10,2023.0,1.0,10.0
5720183,cookie,5.0,1.0,5.0,credit card,takeaway,2023-05-30,2023.0,5.0,30.0
6382322,tea,3.0,1.5,4.5,digital wallet,in-store,2023-12-14,2023.0,12.0,14.0
8119542,,2.0,1.0,2.0,digital wallet,,2023-12-12,2023.0,12.0,12.0
1674042,coffee,5.0,2.0,10.0,digital wallet,,2023-09-19,2023.0,9.0,19.0
8398809,tea,2.0,1.5,3.0,,takeaway,2023-11-25,2023.0,11.0,25.0
7728415,tea,5.0,1.5,7.5,credit card,in-store,2023-12-28,2023.0,12.0,28.0
5285171,sandwich,5.0,4.0,20.0,cash,takeaway,2023-12-11,2023.0,12.0,11.0
2527007,smoothie,1.0,4.0,4.0,digital wallet,,2023-10-22,2023.0,10.0,22.0
8331542,salad,4.0,5.0,20.0,,in-store,2023-12-23,2023.0,12.0,23.0
2999220,smoothie,4.0,4.0,16.0,digital wallet,takeaway,2023-02-23,2023.0,2.0,23.0
5108188,cake,2.0,3.0,6.0,,,2023-08-25,2023.0,8.0,25.0
6680963,sandwich,2.0,4.0,8.0,credit card,takeaway,2023-08-01,2023.0,8.0,1.0
2308317,coffee,2.0,2.0,4.0,digital wallet,takeaway,2023-11-13,2023.0,11.0,13.0
8811902,tea,5.0,1.5,7.5,credit card,,2023-08-07,2023.0,8.0,7.0
7349134,,1.0,4.0,4.0,credit card,in-store,2023-05-28,2023.0,5.0,28.0
1467546,cookie,3.0,1.0,3.0,,takeaway,2023-07-20,2023.0,7.0,20.0
2276722,salad,2.0,5.0,10.0,cash,takeaway,2023-12-21,2023.0,12.0,21.0
2519044,salad,5.0,5.0,25.0,digital wallet,takeaway,2023-05-20,2023.0,5.0,20.0
2851147,salad,2.0,5.0,10.0,digital wallet,in-store,2023-06-24,2023.0,6.0,24.0
3349404,coffee,3.0,2.0,6.0,digital wallet,,2023-01-31,2023.0,1.0,31.0
7939011,juice,5.0,3.0,15.0,,in-store,2023-04-07,2023.0,4.0,7.0
3877580,salad,2.0,5.0,10.0,digital wallet,,2023-05-30,2023.0,5.0,30.0
5220523,juice,3.0,3.0,9.0,cash,takeaway,2023-01-30,2023.0,1.0,30.0
5934526,coffee,5.0,2.0,10.0,credit card,in-store,2023-05-27,2023.0,5.0,27.0
8935939,tea,3.0,1.5,4.5,digital wallet,takeaway,2023-03-27,2023.0,3.0,27.0
3586935,salad,5.0,5.0,25.0,cash,,2023-05-21,2023.0,5.0,21.0
1781777,salad,3.0,5.0,15.0,credit card,takeaway,2023-10-26,2023.0,10.0,26.0
6461461,juice,1.0,3.0,3.0,,in-store,,,,
1707251,sandwich,2.0,4.0,8.0,digital wallet,takeaway,2023-10-06,2023.0,10.0,6.0
4493878,coffee,5.0,,,credit card,in-store,2023-03-11,2023.0,3.0,11.0
2446874,juice,4.0,3.0,12.0,credit card,,2023-07-22,2023.0,7.0,22.0
5747859,cake,1.0,3.0,3.0,credit card,takeaway,2023-03-13,2023.0,3.0,13.0
8172333,cookie,4.0,1.0,4.0,credit card,,2023-12-25,2023.0,12.0,25.0
8600523,tea,3.0,1.5,4.5,,,2023-12-29,2023.0,12.0,29.0
7471753,smoothie,,4.0,,cash,in-store,2023-03-13,2023.0,3.0,13.0
3884527,sandwich,1.0,4.0,4.0,digital wallet,in-store,2023-06-06,2023.0,6.0,6.0
9072517,smoothie,2.0,4.0,8.0,credit card,takeaway,2023-01-09,2023.0,1.0,9.0
4378200,tea,5.0,1.5,7.5,credit card,in-store,2023-09-04,2023.0,9.0,4.0
3918998,coffee,5.0,2.0,10.0,digital wallet,takeaway,2023-12-18,2023.0,12.0,18.0
7674694,tea,2.0,1.5,3.0,,,2023-03-30,2023.0,3.0,30.0
3875049,tea,2.0,1.5,3.0,digital wallet,takeaway,2023-09-15,2023.0,9.0,15.0
5400266,tea,3.0,1.5,4.5,digital wallet,takeaway,2023-06-14,2023.0,6.0,14.0
2402978,cookie,3.0,1.0,3.0,credit card,in-store,2023-01-21,2023.0,1.0,21.0
6188306,salad,1.0,5.0,5.0,,takeaway,2023-10-26,2023.0,10.0,26.0
1148874,cookie,1.0,1.0,1.0,credit card,in-store,2023-09-18,2023.0,9.0,18.0
1888708,sandwich,4.0,4.0,16.0,cash,,2023-08-17,2023.0,8.0,17.0
8842592,cookie,5.0,1.0,5.0,,,2023-07-10,2023.0,7.0,10.0
2761204,cake,3.0,3.0,9.0,cash,,2023-07-14,2023.0,7.0,14.0
9038745,smoothie,3.0,4.0,12.0,,takeaway,2023-06-25,2023.0,6.0,25.0
1374424,sandwich,5.0,4.0,20.0,,,2023-04-24,2023.0,4.0,24.0
7205840,salad,3.0,5.0,15.0,,,2023-03-05,2023.0,3.0,5.0
7714378,smoothie,2.0,4.0,8.0,cash,,2023-08-10,2023.0,8.0,10.0
7732813,tea,,1.5,,credit card,takeaway,2023-07-16,2023.0,7.0,16.0
6718205,smoothie,2.0,4.0,8.0,digital wallet,takeaway,2023-06-30,2023.0,6.0,30.0
8878429,cake,5.0,3.0,15.0,digital wallet,in-store,,,,
6899576,salad,2.0,5.0,10.0,digital wallet,takeaway,2023-10-26,2023.0,10.0,26.0
2761003,smoothie,2.0,4.0,8.0,,in-store,2023-11-08,2023.0,11.0,8.0
6929413,tea,1.0,1.5,1.5,digital wallet,,2023-10-13,2023.0,10.0,13.0
2350703,,4.0,3.0,12.0,cash,in-store,2023-08-20,2023.0,8.0,20.0
1948437,smoothie,2.0,4.0,8.0,,takeaway,2023-11-03,2023.0,11.0,3.0
5901887,smoothie,4.0,,,,takeaway,2023-08-31,2023.0,8.0,31.0
1072232,sandwich,1.0,4.0,4.0,digital wallet,in-store,2023-01-07,2023.0,1.0,7.0
7469771,cake,5.0,3.0,15.0,,,2023-12-09,2023.0,12.0,9.0
7139053,salad,4.0,5.0,20.0,digital wallet,takeaway,2023-09-12,2023.0,9.0,12.0
6028915,sandwich,5.0,,,cash,in-store,2023-12-24,2023.0,12.0,24.0
3622194,cake,1.0,3.0,3.0,digital wallet,,2023-06-26,2023.0,6.0,26.0
6431215,cake,1.0,3.0,3.0,,,2023-08-27,2023.0,8.0,27.0
4385240,cookie,4.0,1.0,4.0,cash,takeaway,2023-02-10,2023.0,2.0,10.0
3840523,,2.0,4.0,8.0,credit card,,2023-12-27,2023.0,12.0,27.0
5697778,cake,3.0,3.0,9.0,cash,,2023-03-08,2023.0,3.0,8.0
1749299,smoothie,2.0,4.0,8.0,,,2023-10-28,2023.0,10.0,28.0
6806024,juice,,3.0,,credit card,in-store,2023-04-14,2023.0,4.0,14.0
8352365,coffee,5.0,2.0,10.0,,takeaway,2023-08-10,2023.0,8.0,10.0
7143535,cookie,2.0,1.0,2.0,,,2023-05-21,2023.0,5.0,21.0
5090839,sandwich,5.0,4.0,20.0,cash,,2023-03-06,2023.0,3.0,6.0
5743619,salad,5.0,5.0,25.0,digital wallet,takeaway,2023-11-07,2023.0,11.0,7.0
8785432,cookie,2.0,1.0,2.0,cash,,2023-08-14,2023.0,8.0,14.0
1086324,cake,3.0,3.0,9.0,,in-store,2023-11-25,2023.0,11.0,25.0
8888599,sandwich,5.0,4.0,20.0,,,,,,
6361309,cake,5.0,3.0,15.0,,takeaway,,,,
8211146,sandwich,5.0,4.0,20.0,digital wallet,takeaway,2023-04-30,2023.0,4.0,30.0
5826333,cookie,1.0,1.0,1.0,cash,,2023-05-14,2023.0,5.0,14.0
1555314,sandwich,1.0,4.0,4.0,,takeaway,2023-02-25,2023.0,2.0,25.0
4611673,smoothie,5.0,4.0,20.0,digital wallet,,2023-03-05,2023.0,3.0,5.0
8839045,cake,2.0,3.0,6.0,,in-store,2023-06-13,2023.0,6.0,13.0
5183249,sandwich,1.0,4.0,4.0,,in-store,2023-07-02,2023.0,7.0,2.0
5104848,tea,2.0,1.5,3.0,,takeaway,2023-01-22,2023.0,1.0,22.0
9943917,sandwich,3.0,4.0,12.0,credit card,in-store,2023-01-16,2023.0,1.0,16.0
2490461,salad,4.0,5.0,20.0,,,2023-09-22,2023.0,9.0,22.0
5852244,cake,2.0,3.0,6.0,credit card,takeaway,2023-10-15,2023.0,10.0,15.0
9874775,tea,1.0,1.5,1.5,cash,,2023-09-02,2023.0,9.0,2.0
2586215,juice,2.0,3.0,6.0,digital wallet,,2023-03-23,2023.0,3.0,23.0
7704229,coffee,,2.0,,cash,,2023-07-15,2023.0,7.0,15.0
5444860,tea,2.0,1.5,3.0,digital wallet,,2023-04-28,2023.0,4.0,28.0
9391494,coffee,1.0,2.0,2.0,,,2023-12-17,2023.0,12.0,17.0
3557583,smoothie,5.0,4.0,20.0,credit card,,2023-07-26,2023.0,7.0,26.0
8739878,,1.0,3.0,3.0,,,2023-09-27,2023.0,9.0,27.0
5386352,,1.0,4.0,4.0,credit card,,2023-01-18,2023.0,1.0,18.0
8321887,,5.0,1.0,5.0,,,2023-03-21,2023.0,3.0,21.0
3995266,sandwich,1.0,4.0,4.0,credit card,in-store,2023-04-21,2023.0,4.0,21.0
7326974,cake,4.0,3.0,12.0,credit card,,2023-12-31,2023.0,12.0,31.0
7277750,cake,2.0,3.0,6.0,,,2023-09-29,2023.0,9.0,29.0
8075323,sandwich,1.0,4.0,4.0,digital wallet,,2023-04-18,2023.0,4.0,18.0
4831345,sandwich,5.0,4.0,20.0,,in-store,2023-05-10,2023.0,5.0,10.0
6301984,juice,5.0,3.0,15.0,,takeaway,,,,
1456374,cookie,5.0,1.0,5.0,cash,,2023-02-15,2023.0,2.0,15.0
3263746,coffee,1.0,2.0,2.0,cash,takeaway,2023-11-14,2023.0,11.0,14.0
2268203,salad,3.0,5.0,15.0,,,,,,
9502077,smoothie,3.0,4.0,12.0,,,2023-12-21,2023.0,12.0,21.0
4994052,coffee,4.0,2.0,8.0,,takeaway,,,,
1671480,cookie,5.0,1.0,5.0,,,2023-01-06,2023.0,1.0,6.0
7430227,cake,3.0,3.0,9.0,cash,in-store,2023-07-24,2023.0,7.0,24.0
1516182,cookie,1.0,1.0,1.0,,,2023-06-18,2023.0,6.0,18.0
8807199,salad,5.0,5.0,25.0,credit card,,2023-05-30,2023.0,5.0,30.0
8700466,coffee,4.0,2.0,8.0,digital wallet,in-store,2023-04-29,2023.0,4.0,29.0
2190325,sandwich,4.0,4.0,16.0,credit card,in-store,2023-03-10,2023.0,3.0,10.0
4150495,cookie,2.0,1.0,2.0,cash,,2023-04-12,2023.0,4.0,12.0
3794410,cake,4.0,3.0,12.0,credit card,,2023-12-06,2023.0,12.0,6.0
5677869,juice,5.0,3.0,15.0,cash,in-store,2023-11-19,2023.0,11.0,19.0
3436462,salad,2.0,5.0,10.0,credit card,in-store,2023-06-29,2023.0,6.0,29.0
7493740,cake,1.0,3.0,3.0,,,2023-05-18,2023.0,5.0,18.0
7388752,salad,1.0,5.0,5.0,credit card,takeaway,2023-08-28,2023.0,8.0,28.0
9448209,sandwich,3.0,4.0,12.0,cash,in-store,,,,
8655424,cookie,2.0,1.0,2.0,,in-store,2023-11-26,2023.0,11.0,26.0
9720012,smoothie,5.0,4.0,20.0,cash,in-store,2023-09-25,2023.0,9.0,25.0
6609572,,4.0,4.0,16.0,cash,in-store,2023-06-15,2023.0,6.0,15.0
9390188,tea,1.0,1.5,1.5,,takeaway,2023-06-20,2023.0,6.0,20.0
1952465,cake,2.0,3.0,6.0,,takeaway,2023-06-11,2023.0,6.0,11.0
7605154,juice,5.0,3.0,15.0,cash,in-store,2023-09-09,2023.0,9.0,9.0
2684400,coffee,3.0,2.0,6.0,,in-store,2023-03-30,2023.0,3.0,30.0
4702378,cake,2.0,3.0,6.0,cash,,2023-08-28,2023.0,8.0,28.0
6312755,sandwich,2.0,4.0,8.0,credit card,,2023-02-11,2023.0,2.0,11.0
7584025,tea,4.0,1.5,6.0,,in-store,2023-09-18,2023.0,9.0,18.0
7533540,sandwich,5.0,4.0,20.0,,in-store,2023-11-01,2023.0,11.0,1.0
4425164,juice,4.0,3.0,12.0,,,2023-01-13,2023.0,1.0,13.0
4325648,juice,3.0,3.0,9.0,digital wallet,takeaway,2023-05-04,2023.0,5.0,4.0
7151374,tea,4.0,1.5,6.0,credit card,in-store,2023-07-30,2023.0,7.0,30.0
6413250,salad,,5.0,,cash,,2023-12-02,2023.0,12.0,2.0
6496506,juice,1.0,3.0,3.0,digital wallet,in-store,2023-01-11,2023.0,1.0,11.0
2695546,tea,,1.5,,credit card,takeaway,2023-08-26,2023.0,8.0,26.0
4823513,cookie,5.0,1.0,5.0,cash,takeaway,2023-07-02,2023.0,7.0,2.0
8960347,smoothie,,4.0,,cash,in-store,,,,
3222677,sandwich,1.0,4.0,4.0,digital wallet,takeaway,2023-12-16,2023.0,12.0,16.0
9942517,coffee,4.0,2.0,8.0,digital wallet,in-store,2023-04-29,2023.0,4.0,29.0
8735418,coffee,5.0,2.0,10.0,digital wallet,takeaway,2023-03-03,2023.0,3.0,3.0
7799794,,4.0,1.0,4.0,digital wallet,in-store,2023-08-22,2023.0,8.0,22.0
6347670,tea,2.0,1.5,3.0,digital wallet,in-store,2023-06-24,2023.0,6.0,24.0
9180345,sandwich,4.0,,,digital wallet,,2023-06-13,2023.0,6.0,13.0
9632482,cake,2.0,3.0,6.0,credit card,,2023-08-27,2023.0,8.0,27.0
4642770,tea,4.0,1.5,6.0,,,2023-09-22,2023.0,9.0,22.0
5356324,smoothie,1.0,4.0,4.0,,,2023-02-26,2023.0,2.0,26.0
5148730,cake,1.0,3.0,3.0,cash,,2023-12-12,2023.0,12.0,12.0
8848847,cookie,3.0,1.0,3.0,cash,takeaway,2023-08-15,2023.0,8.0,15.0
3686848,tea,3.0,1.5,4.5,,,2023-04-06,2023.0,4.0,6.0
2328896,smoothie,4.0,4.0,16.0,cash,,2023-10-20,2023.0,10.0,20.0
6361856,cookie,5.0,1.0,5.0,,,2023-05-11,2023.0,5.0,11.0
5942011,tea,1.0,1.5,1.5,cash,,2023-10-08,2023.0,10.0,8.0
7137364,salad,5.0,5.0,25.0,cash,,2023-08-09,2023.0,8.0,9.0
9904042,,4.0,4.0,16.0,credit card,,2023-06-09,2023.0,6.0,9.0
1510406,,3.0,5.0,15.0,,in-store,2023-01-12,2023.0,1.0,12.0
8176812,sandwich,5.0,4.0,20.0,digital wallet,,2023-06-21,2023.0,6.0,21.0
1360872,coffee,2.0,,,credit card,in-store,2023-11-04,2023.0,11.0,4.0
4413776,coffee,5.0,2.0,10.0,cash,takeaway,2023-07-21,2023.0,7.0,21.0
1811953,cookie,2.0,1.0,2.0,,,2023-06-26,2023.0,6.0,26.0
9382596,smoothie,5.0,4.0,20.0,credit card,takeaway,2023-11-18,2023.0,11.0,18.0
9480564,cookie,4.0,1.0,4.0,cash,in-store,2023-06-12,2023.0,6.0,12.0
1094479,cake,3.0,3.0,9.0,,in-store,2023-06-08,2023.0,6.0,8.0
8301190,coffee,1.0,2.0,2.0,cash,takeaway,2023-04-01,2023.0,4.0,1.0
7653946,smoothie,4.0,4.0,16.0,cash,,2023-09-19,2023.0,9.0,19.0
1348274,cake,5.0,3.0,15.0,,,2023-11-14,2023.0,11.0,14.0
2855149,sandwich,2.0,4.0,8.0,cash,in-store,2023-07-16,2023.0,7.0,16.0
9320167,juice,5.0,3.0,15.0,credit card,,2023-11-12,2023.0,11.0,12.0
1135215,sandwich,3.0,4.0,12.0,,in-store,2023-04-10,2023.0,4.0,10.0
6158518,cookie,5.0,1.0,5.0,cash,,2023-09-28,2023.0,9.0,28.0
5734442,cookie,4.0,1.0,4.0,credit card,takeaway,2023-10-01,2023.0,10.0,1.0
5748083,salad,,5.0,,,takeaway,2023-04-08,2023.0,4.0,8.0
1804335,juice,,3.0,,credit card,,2023-10-05,2023.0,10.0,5.0
3644269,cookie,5.0,1.0,5.0,credit card,takeaway,2023-09-26,2023.0,9.0,26.0
5611239,,4.0,1.0,4.0,cash,takeaway,2023-11-18,2023.0,11.0,18.0
4020100,cookie,1.0,1.0,1.0,cash,in-store,2023-08-09,2023.0,8.0,9.0
1643870,salad,4.0,5.0,20.0,digital wallet,takeaway,2023-10-07,2023.0,10.0,7.0
4734216,salad,3.0,5.0,15.0,digital wallet,in-store,2023-11-30,2023.0,11.0,30.0
4060538,cake,2.0,3.0,6.0,digital wallet,takeaway,2023-09-08,2023.0,9.0,8.0
4788388,cake,,3.0,,,,2023-06-29,2023.0,6.0,29.0
9348280,,2.0,4.0,8.0,credit card,in-store,2023-03-28,2023.0,3.0,28.0
5173628,tea,3.0,1.5,4.5,,takeaway,2023-05-30,2023.0,5.0,30.0
9040196,juice,3.0,3.0,9.0,cash,,2023-06-28,2023.0,6.0,28.0
1853983,tea,1.0,1.5,1.5,cash,in-store,2023-12-04,2023.0,12.0,4.0
6154823,,5.0,4.0,20.0,digital wallet,takeaway,2023-11-16,2023.0,11.0,16.0
1936915,salad,3.0,5.0,15.0,digital wallet,in-store,2023-01-24,2023.0,1.0,24.0
8693747,smoothie,4.0,,,digital wallet,,2023-02-13,2023.0,2.0,13.0
2911864,cookie,3.0,1.0,3.0,digital wallet,takeaway,2023-03-21,2023.0,3.0,21.0
2336921,juice,3.0,3.0,9.0,digital wallet,takeaway,2023-05-01,2023.0,5.0,1.0
3275800,coffee,3.0,2.0,6.0,,takeaway,2023-05-27,2023.0,5.0,27.0
6472656,tea,3.0,1.5,4.5,cash,takeaway,2023-11-25,2023.0,11.0,25.0
3494191,smoothie,2.0,4.0,8.0,credit card,in-store,2023-01-08,2023.0,1.0,8.0
4177717,cookie,1.0,1.0,1.0,,,2023-01-07,2023.0,1.0,7.0
7313328,juice,1.0,3.0,3.0,,takeaway,2023-01-03,2023.0,1.0,3.0
4019047,,2.0,2.0,4.0,,,2023-09-14,2023.0,9.0,14.0
6832697,salad,3.0,5.0,15.0,credit card,takeaway,2023-01-21,2023.0,1.0,21.0
2919225,coffee,4.0,2.0,8.0,credit card,takeaway,2023-02-14,2023.0,2.0,14.0
4937344,sandwich,,4.0,,credit card,in-store,2023-02-12,2023.0,2.0,12.0
6444366,coffee,1.0,2.0,2.0,digital wallet,,2023-08-19,2023.0,8.0,19.0
7448158,cake,,3.0,,digital wallet,takeaway,2023-09-28,2023.0,9.0,28.0
7630601,tea,1.0,1.5,1.5,,takeaway,2023-08-22,2023.0,8.0,22.0
7366807,salad,,5.0,,,,2023-10-22,2023.0,10.0,22.0
5762127,coffee,2.0,2.0,4.0,,takeaway,2023-11-10,2023.0,11.0,10.0
1856153,coffee,5.0,2.0,10.0,credit card,,2023-12-02,2023.0,12.0,2.0
4908458,tea,4.0,1.5,6.0,,,2023-10-06,2023.0,10.0,6.0
4214066,juice,2.0,3.0,6.0,,in-store,2023-07-23,2023.0,7.0,23.0
8252793,cookie,4.0,1.0,4.0,digital wallet,,2023-07-28,2023.0,7.0,28.0
1313643,cake,4.0,3.0,12.0,,,2023-02-11,2023.0,2.0,11.0
2941227,cookie,3.0,1.0,3.0,cash,in-store,2023-08-29,2023.0,8.0,29.0
1206585,tea,2.0,1.5,3.0,cash,,2023-06-29,2023.0,6.0,29.0
9580673,juice,2.0,3.0,6.0,,in-store,2023-06-25,2023.0,6.0,25.0
9874192,smoothie,3.0,4.0,12.0,,,2023-11-30,2023.0,11.0,30.0
4475487,smoothie,3.0,4.0,12.0,cash,in-store,2023-06-01,2023.0,6.0,1.0
8876663,salad,,5.0,,digital wallet,takeaway,2023-03-23,2023.0,3.0,23.0
3858126,smoothie,2.0,4.0,8.0,,in-store,2023-08-25,2023.0,8.0,25.0
3524464,smoothie,4.0,,,credit card,takeaway,2023-08-31,2023.0,8.0,31.0
6242107,coffee,3.0,2.0,6.0,cash,,2023-11-14,2023.0,11.0,14.0
2352246,smoothie,4.0,4.0,16.0,credit card,takeaway,2023-06-20,2023.0,6.0,20.0
9523335,cookie,4.0,1.0,4.0,credit card,,2023-01-29,2023.0,1.0,29.0
4475412,sandwich,3.0,4.0,12.0,,,2023-10-31,2023.0,10.0,31.0
2656162,coffee,1.0,2.0,2.0,digital wallet,in-store,2023-04-11,2023.0,4.0,11.0
7517241,sandwich,2.0,4.0,8.0,,,2023-01-18,2023.0,1.0,18.0
6243134,tea,2.0,1.5,3.0,digital wallet,,,,,
2435218,,,2.0,,,in-store,2023-05-02,2023.0,5.0,2.0
9022617,coffee,1.0,2.0,2.0,credit card,in-store,2023-01-23,2023.0,1.0,23.0
1031802,cookie,4.0,1.0,4.0,,,2023-06-27,2023.0,6.0,27.0
2346296,cake,4.0,3.0,12.0,digital wallet,,2023-10-04,2023.0,10.0,4.0
8219210,smoothie,5.0,4.0,20.0,cash,,2023-01-12,2023.0,1.0,12.0
4541981,smoothie,4.0,,,credit card,in-store,2023-01-14,2023.0,1.0,14.0
8522571,juice,2.0,3.0,6.0,credit card,takeaway,2023-09-19,2023.0,9.0,19.0
6752476,tea,4.0,1.5,6.0,,takeaway,2023-08-28,2023.0,8.0,28.0
1894142,sandwich,4.0,4.0,16.0,cash,in-store,2023-09-13,2023.0,9.0,13.0
3766378,,1.0,3.0,3.0,cash,takeaway,2023-08-18,2023.0,8.0,18.0
8885727,tea,2.0,1.5,3.0,cash,takeaway,2023-10-05,2023.0,10.0,5.0
1422305,sandwich,4.0,4.0,16.0,,in-store,2023-03-09,2023.0,3.0,9.0
4625165,salad,3.0,5.0,15.0,credit card,,2023-03-02,2023.0,3.0,2.0
1804132,smoothie,3.0,4.0,12.0,,in-store,,,,
9323215,cookie,3.0,1.0,3.0,,,2023-01-27,2023.0,1.0,27.0
6824743,sandwich,2.0,4.0,8.0,digital wallet,takeaway,2023-11-08,2023.0,11.0,8.0
9384397,sandwich,,4.0,,cash,,2023-10-31,2023.0,10.0,31.0
1034067,smoothie,3.0,,,digital wallet,,2023-01-07,2023.0,1.0,7.0
3265085,cookie,5.0,1.0,5.0,,in-store,2023-09-05,2023.0,9.0,5.0
3061498,salad,5.0,5.0,25.0,,,2023-11-14,2023.0,11.0,14.0
6206792,tea,,,,credit card,,2023-10-13,2023.0,10.0,13.0
7374304,tea,5.0,1.5,7.5,digital wallet,in-store,2023-05-10,2023.0,5.0,10.0
9447946,smoothie,2.0,4.0,8.0,credit card,in-store,2023-10-21,2023.0,10.0,21.0
2102561,,2.0,1.0,2.0,,in-store,2023-04-05,2023.0,4.0,5.0
5649995,tea,2.0,1.5,3.0,,takeaway,,,,
8223689,salad,5.0,5.0,25.0,digital wallet,in-store,2023-09-08,2023.0,9.0,8.0
3207254,cake,1.0,3.0,3.0,,takeaway,2023-04-25,2023.0,4.0,25.0
2579242,juice,5.0,3.0,15.0,,in-store,2023-09-11,2023.0,9.0,11.0
2187911,coffee,3.0,,,credit card,takeaway,2023-04-20,2023.0,4.0,20.0
2594056,salad,4.0,5.0,20.0,cash,,2023-03-11,2023.0,3.0,11.0
6591736,coffee,4.0,2.0,8.0,,takeaway,2023-06-21,2023.0,6.0,21.0
1267753,,3.0,1.5,4.5,credit card,,2023-06-28,2023.0,6.0,28.0
4615235,cake,4.0,3.0,12.0,cash,,2023-01-08,2023.0,1.0,8.0
4824519,smoothie,5.0,4.0,20.0,,,2023-12-27,2023.0,12.0,27.0
4677415,cake,2.0,3.0,6.0,digital wallet,,2023-12-12,2023.0,12.0,12.0
3548788,salad,4.0,5.0,20.0,digital wallet,,2023-02-22,2023.0,2.0,22.0
2503245,sandwich,3.0,4.0,12.0,,takeaway,2023-04-15,2023.0,4.0,15.0
8855046,juice,3.0,,,,takeaway,2023-12-05,2023.0,12.0,5.0
9287659,,1.0,3.0,3.0,,in-store,2023-05-13,2023.0,5.0,13.0
2417402,sandwich,3.0,4.0,12.0,digital wallet,,2023-05-09,2023.0,5.0,9.0
6266017,cookie,4.0,1.0,4.0,,in-store,2023-09-28,2023.0,9.0,28.0
4619018,cake,5.0,3.0,15.0,digital wallet,,2023-12-19,2023.0,12.0,19.0
8352748,,5.0,4.0,20.0,cash,in-store,2023-05-01,2023.0,5.0,1.0
2221447,cookie,1.0,1.0,1.0,credit card,in-store,2023-12-06,2023.0,12.0,6.0
3564954,smoothie,4.0,,,cash,,2023-03-09,2023.0,3.0,9.0
8464222,cake,4.0,3.0,12.0,cash,in-store,2023-08-17,2023.0,8.0,17.0
6815753,cookie,4.0,1.0,4.0,digital wallet,takeaway,2023-10-27,2023.0,10.0,27.0
6738716,cake,,3.0,,,takeaway,2023-04-21,2023.0,4.0,21.0
9477892,cake,3.0,3.0,9.0,credit card,,2023-08-21,2023.0,8.0,21.0
9894270,cookie,,1.0,,credit card,in-store,,,,
3136701,,2.0,4.0,8.0,,in-store,2023-12-18,2023.0,12.0,18.0
4644671,coffee,3.0,2.0,6.0,,,2023-04-20,2023.0,4.0,20.0
1634534,juice,5.0,3.0,15.0,,,2023-12-03,2023.0,12.0,3.0
7809121,cake,4.0,3.0,12.0,,,2023-05-15,2023.0,5.0,15.0
1350239,smoothie,5.0,4.0,20.0,cash,,2023-11-18,2023.0,11.0,18.0
5145906,tea,4.0,1.5,6.0,,,2023-01-30,2023.0,1.0,30.0
9603912,juice,5.0,3.0,15.0,,,2023-12-23,2023.0,12.0,23.0
1205610,,2.0,1.0,2.0,,in-store,2023-07-19,2023.0,7.0,19.0
8969428,salad,3.0,5.0,15.0,,takeaway,2023-03-08,2023.0,3.0,8.0
5269634,cake,5.0,3.0,15.0,digital wallet,in-store,2023-04-07,2023.0,4.0,7.0
3043982,sandwich,5.0,4.0,20.0,cash,in-store,2023-01-10,2023.0,1.0,10.0
6310896,sandwich,1.0,4.0,4.0,,in-store,2023-05-01,2023.0,5.0,1.0
5496282,smoothie,2.0,,,,,2023-03-03,2023.0,3.0,3.0
3947201,cookie,5.0,1.0,5.0,,takeaway,2023-06-17,2023.0,6.0,17.0
3666951,juice,2.0,3.0,6.0,,in-store,2023-01-06,2023.0,1.0,6.0
7254494,coffee,5.0,2.0,10.0,credit card,takeaway,2023-03-16,2023.0,3.0,16.0
3157867,,2.0,5.0,10.0,,takeaway,2023-11-02,2023.0,11.0,2.0
6164035,cookie,1.0,1.0,1.0,credit card,takeaway,2023-03-30,2023.0,3.0,30.0
6234838,juice,5.0,3.0,15.0,,in-store,2023-10-30,2023.0,10.0,30.0
5671075,tea,5.0,1.5,7.5,cash,in-store,2023-12-25,2023.0,12.0,25.0
5004986,sandwich,3.0,4.0,12.0,digital wallet,,2023-01-23,2023.0,1.0,23.0
4856575,salad,3.0,5.0,15.0,digital wallet,in-store,2023-09-10,2023.0,9.0,10.0
6064400,sandwich,5.0,4.0,20.0,,,2023-07-06,2023.0,7.0,6.0
8512136,juice,1.0,3.0,3.0,cash,takeaway,2023-08-26,2023.0,8.0,26.0
1868529,,1.0,5.0,5.0,credit card,,2023-01-25,2023.0,1.0,25.0
3129441,juice,3.0,3.0,9.0,credit card,in-store,2023-05-31,2023.0,5.0,31.0
1652596,smoothie,5.0,4.0,20.0,digital wallet,,2023-10-04,2023.0,10.0,4.0
3487896,coffee,5.0,2.0,10.0,credit card,,2023-01-09,2023.0,1.0,9.0
1429858,cookie,4.0,1.0,4.0,credit card,,2023-03-15,2023.0,3.0,15.0
1721242,smoothie,5.0,4.0,20.0,,in-store,2023-11-23,2023.0,11.0,23.0
3472707,sandwich,2.0,4.0,8.0,cash,takeaway,2023-03-26,2023.0,3.0,26.0
5348750,,5.0,5.0,25.0,credit card,,2023-07-15,2023.0,7.0,15.0
3819085,sandwich,1.0,4.0,4.0,,takeaway,2023-11-23,2023.0,11.0,23.0
2181920,sandwich,3.0,4.0,12.0,cash,,2023-02-11,2023.0,2.0,11.0
1173155,coffee,1.0,2.0,2.0,cash,in-store,2023-03-14,2023.0,3.0,14.0
4913079,sandwich,3.0,4.0,12.0,,,2023-08-19,2023.0,8.0,19.0
1476711,tea,2.0,1.5,3.0,,,2023-01-26,2023.0,1.0,26.0
5341644,cake,4.0,3.0,12.0,cash,,2023-01-24,2023.0,1.0,24.0
4548274,juice,5.0,3.0,15.0,digital wallet,,2023-05-09,2023.0,5.0,9.0
8008815,salad,2.0,5.0,10.0,,,2023-03-16,2023.0,3.0,16.0
3639760,cake,5.0,3.0,15.0,credit card,takeaway,2023-01-29,2023.0,1.0,29.0
8159727,salad,5.0,,,digital wallet,,2023-04-24,2023.0,4.0,24.0
5061028,cookie,1.0,1.0,1.0,credit card,takeaway,2023-05-17,2023.0,5.0,17.0
6962671,cake,2.0,3.0,6.0,,,2023-01-20,2023.0,1.0,20.0
4791072,coffee,3.0,2.0,6.0,,,2023-11-13,2023.0,11.0,13.0
7263939,,,4.0,,,,2023-08-08,2023.0,8.0,8.0
4775791,smoothie,4.0,4.0,16.0,credit card,,2023-04-13,2023.0,4.0,13.0
6724554,tea,3.0,1.5,4.5,,,2023-03-22,2023.0,3.0,22.0
6897608,coffee,2.0,2.0,4.0,credit card,takeaway,2023-06-28,2023.0,6.0,28.0
1481470,juice,3.0,3.0,9.0,digital wallet,takeaway,,,,
4226572,cookie,3.0,1.0,3.0,,takeaway,2023-05-16,2023.0,5.0,16.0
6833530,juice,4.0,3.0,12.0,,in-store,2023-11-05,2023.0,11.0,5.0
5752187,juice,4.0,3.0,12.0,digital wallet,in-store,,,,
4321368,coffee,4.0,2.0,8.0,,takeaway,2023-12-09,2023.0,12.0,9.0
3434549,sandwich,5.0,4.0,20.0,credit card,takeaway,2023-05-25,2023.0,5.0,25.0
7918317,tea,1.0,1.5,1.5,credit card,,2023-07-27,2023.0,7.0,27.0
3467985,sandwich,3.0,4.0,12.0,cash,takeaway,2023-12-10,2023.0,12.0,10.0
3526095,sandwich,3.0,4.0,12.0,cash,takeaway,2023-08-30,2023.0,8.0,30.0
8316915,cookie,5.0,1.0,5.0,digital wallet,in-store,2023-05-30,2023.0,5.0,30.0
4876685,tea,1.0,1.5,1.5,digital wallet,takeaway,2023-07-14,2023.0,7.0,14.0
7505290,salad,4.0,5.0,20.0,digital wallet,takeaway,2023-10-21,2023.0,10.0,21.0
5709834,cake,4.0,3.0,12.0,digital wallet,,2023-03-24,2023.0,3.0,24.0
9626624,smoothie,3.0,4.0,12.0,cash,in-store,2023-10-10,2023.0,10.0,10.0
4563526,smoothie,4.0,4.0,16.0,credit card,,2023-06-30,2023.0,6.0,30.0
5512533,coffee,4.0,2.0,8.0,digital wallet,,2023-06-13,2023.0,6.0,13.0
9399452,cake,4.0,3.0,12.0,credit card,in-store,2023-12-03,2023.0,12.0,3.0
3451212,cake,3.0,3.0,9.0,,,2023-01-29,2023.0,1.0,29.0
1934166,sandwich,5.0,4.0,20.0,cash,in-store,2023-03-06,2023.0,3.0,6.0
5594695,cake,3.0,3.0,9.0,credit card,in-store,2023-01-18,2023.0,1.0,18.0
8379868,cake,3.0,3.0,9.0,cash,in-store,2023-01-16,2023.0,1.0,16.0
3708535,coffee,5.0,2.0,10.0,,in-store,2023-05-02,2023.0,5.0,2.0
5299440,juice,2.0,3.0,6.0,credit card,in-store,2023-10-21,2023.0,10.0,21.0
4107706,salad,1.0,5.0,5.0,,in-store,2023-11-23,2023.0,11.0,23.0
6059878,salad,3.0,5.0,15.0,digital wallet,,2023-01-23,2023.0,1.0,23.0
6476204,,5.0,4.0,20.0,,takeaway,2023-12-22,2023.0,12.0,22.0
5777542,sandwich,2.0,4.0,8.0,,,2023-10-22,2023.0,10.0,22.0
3919225,cake,2.0,3.0,6.0,cash,in-store,2023-03-26,2023.0,3.0,26.0
5598744,sandwich,4.0,4.0,16.0,digital wallet,takeaway,2023-10-17,2023.0,10.0,17.0
7355326,cookie,1.0,1.0,1.0,,,2023-01-03,2023.0,1.0,3.0
4071945,cake,1.0,,,cash,,2023-07-17,2023.0,7.0,17.0
6732096,smoothie,2.0,4.0,8.0,,in-store,2023-04-02,2023.0,4.0,2.0
4392519,cookie,2.0,1.0,2.0,,takeaway,2023-09-20,2023.0,9.0,20.0
1716710,coffee,2.0,2.0,4.0,,,2023-02-23,2023.0,2.0,23.0
9550397,coffee,4.0,2.0,8.0,,,,,,
9655021,coffee,3.0,2.0,6.0,,,2023-04-22,2023.0,4.0,22.0
3868402,coffee,3.0,2.0,6.0,cash,in-store,2023-01-21,2023.0,1.0,21.0
4624591,salad,2.0,5.0,10.0,credit card,in-store,2023-08-03,2023.0,8.0,3.0
9640865,cookie,2.0,1.0,2.0,cash,takeaway,2023-03-18,2023.0,3.0,18.0
6456008,salad,5.0,5.0,25.0,credit card,in-store,2023-03-26,2023.0,3.0,26.0
9547654,cookie,2.0,1.0,2.0,,in-store,2023-11-19,2023.0,11.0,19.0
4986668,cake,3.0,3.0,9.0,digital wallet,,2023-11-30,2023.0,11.0,30.0
6235329,salad,2.0,5.0,10.0,digital wallet,in-store,2023-10-11,2023.0,10.0,11.0
8536578,cake,5.0,3.0,15.0,digital wallet,in-store,2023-11-11,2023.0,11.0,11.0
4545512,coffee,1.0,2.0,2.0,,takeaway,2023-12-18,2023.0,12.0,18.0
2156128,sandwich,1.0,4.0,4.0,digital wallet,in-store,2023-07-21,2023.0,7.0,21.0
9188172,juice,3.0,3.0,9.0,digital wallet,in-store,2023-08-27,2023.0,8.0,27.0
5893283,,3.0,3.0,9.0,cash,in-store,2023-08-15,2023.0,8.0,15.0
6408024,cookie,3.0,1.0,3.0,,in-store,2023-11-29,2023.0,11.0,29.0
4788748,sandwich,4.0,4.0,16.0,credit card,in-store,2023-04-30,2023.0,4.0,30.0
6460409,salad,3.0,5.0,15.0,cash,,2023-01-03,2023.0,1.0,3.0
1067052,tea,4.0,1.5,6.0,,takeaway,2023-02-18,2023.0,2.0,18.0
8776634,juice,5.0,3.0,15.0,,in-store,2023-06-02,2023.0,6.0,2.0
2534831,tea,5.0,1.5,7.5,cash,takeaway,2023-08-19,2023.0,8.0,19.0
9941872,salad,3.0,5.0,15.0,,,2023-04-08,2023.0,4.0,8.0
2055898,tea,4.0,1.5,6.0,,,2023-12-01,2023.0,12.0,1.0
2007418,smoothie,4.0,4.0,16.0,cash,,2023-06-16,2023.0,6.0,16.0
6451043,cookie,2.0,1.0,2.0,,in-store,2023-02-06,2023.0,2.0,6.0
2632916,juice,3.0,3.0,9.0,credit card,,2023-06-17,2023.0,6.0,17.0
1926794,smoothie,1.0,4.0,4.0,,in-store,2023-01-14,2023.0,1.0,14.0
3201783,juice,3.0,3.0,9.0,,,2023-12-03,2023.0,12.0,3.0
2374950,cake,5.0,3.0,15.0,digital wallet,,2023-04-28,2023.0,4.0,28.0
5962196,smoothie,2.0,4.0,8.0,cash,takeaway,2023-11-29,2023.0,11.0,29.0
4342098,smoothie,4.0,4.0,16.0,cash,in-store,2023-05-24,2023.0,5.0,24.0
7367134,smoothie,4.0,4.0,16.0,digital wallet,,2023-10-03,2023.0,10.0,3.0
3651743,cake,5.0,3.0,15.0,cash,in-store,2023-04-24,2023.0,4.0,24.0
4411007,cookie,5.0,1.0,5.0,digital wallet,takeaway,2023-05-17,2023.0,5.0,17.0
6026451,juice,2.0,3.0,6.0,cash,in-store,2023-11-06,2023.0,11.0,6.0
5896413,coffee,3.0,2.0,6.0,cash,in-store,,,,
5093312,cookie,4.0,1.0,4.0,credit card,takeaway,2023-08-12,2023.0,8.0,12.0
6685570,tea,1.0,1.5,1.5,credit card,in-store,2023-03-14,2023.0,3.0,14.0
7905853,cookie,4.0,1.0,4.0,digital wallet,,2023-07-25,2023.0,7.0,25.0
3020475,salad,4.0,5.0,20.0,,takeaway,2023-09-13,2023.0,9.0,13.0
7665695,tea,3.0,1.5,4.5,,in-store,2023-10-21,2023.0,10.0,21.0
2355099,salad,5.0,5.0,25.0,cash,takeaway,2023-03-18,2023.0,3.0,18.0
6071866,tea,4.0,1.5,6.0,,,2023-10-14,2023.0,10.0,14.0
4548715,sandwich,2.0,4.0,8.0,,,2023-02-16,2023.0,2.0,16.0
8156272,salad,2.0,5.0,10.0,cash,in-store,,,,
8344035,smoothie,2.0,4.0,8.0,cash,,2023-08-23,2023.0,8.0,23.0
7332192,coffee,1.0,2.0,2.0,credit card,takeaway,2023-11-17,2023.0,11.0,17.0
4483944,juice,4.0,3.0,12.0,,in-store,,,,
4713356,smoothie,5.0,4.0,20.0,,in-store,2023-05-08,2023.0,5.0,8.0
6400461,coffee,4.0,2.0,8.0,digital wallet,,2023-01-18,2023.0,1.0,18.0
9262504,smoothie,3.0,4.0,12.0,credit card,,2023-12-01,2023.0,12.0,1.0
6225305,cake,1.0,3.0,3.0,cash,takeaway,2023-05-05,2023.0,5.0,5.0
1266278,smoothie,1.0,4.0,4.0,,takeaway,2023-11-03,2023.0,11.0,3.0
2607233,coffee,3.0,2.0,6.0,cash,takeaway,,,,
2797871,cookie,2.0,1.0,2.0,,takeaway,2023-09-21,2023.0,9.0,21.0
6753977,tea,3.0,1.5,4.5,,in-store,,,,
4947561,salad,,5.0,,,takeaway,2023-06-06,2023.0,6.0,6.0
3881824,juice,,3.0,,credit card,,2023-12-30,2023.0,12.0,30.0
7606965,juice,5.0,3.0,15.0,digital wallet,in-store,2023-12-08,2023.0,12.0,8.0
5516374,smoothie,2.0,4.0,8.0,,in-store,2023-07-25,2023.0,7.0,25.0
8059034,coffee,1.0,2.0,2.0,digital wallet,,2023-01-10,2023.0,1.0,10.0
2238287,salad,3.0,5.0,15.0,digital wallet,in-store,2023-05-22,2023.0,5.0,22.0
2086896,,4.0,3.0,12.0,cash,takeaway,2023-11-25,2023.0,11.0,25.0
9667721,tea,5.0,1.5,7.5,credit card,takeaway,2023-04-29,2023.0,4.0,29.0
6317991,cookie,5.0,1.0,5.0,digital wallet,in-store,2023-03-03,2023.0,3.0,3.0
7866723,sandwich,2.0,4.0,8.0,credit card,in-store,2023-03-26,2023.0,3.0,26.0
7954064,,5.0,3.0,15.0,credit card,in-store,2023-08-31,2023.0,8.0,31.0
5251180,cookie,1.0,1.0,1.0,digital wallet,,2023-06-25,2023.0,6.0,25.0
5891724,salad,5.0,5.0,25.0,credit card,,2023-12-10,2023.0,12.0,10.0
9564495,,4.0,3.0,12.0,digital wallet,,2023-08-01,2023.0,8.0,1.0
5092646,smoothie,2.0,4.0,8.0,,takeaway,2023-05-08,2023.0,5.0,8.0
5261036,,5.0,3.0,15.0,cash,,2023-10-03,2023.0,10.0,3.0
2638434,juice,5.0,3.0,15.0,credit card,in-store,2023-09-18,2023.0,9.0,18.0
5651620,,2.0,4.0,8.0,,,2023-05-16,2023.0,5.0,16.0
5452210,tea,5.0,1.5,7.5,digital wallet,in-store,2023-04-17,2023.0,4.0,17.0
5337566,cookie,5.0,1.0,5.0,cash,takeaway,2023-03-08,2023.0,3.0,8.0
3341779,tea,3.0,1.5,4.5,cash,takeaway,2023-07-30,2023.0,7.0,30.0
7977951,cake,5.0,3.0,15.0,,,2023-12-22,2023.0,12.0,22.0
8226985,coffee,2.0,2.0,4.0,,,2023-03-08,2023.0,3.0,8.0
7604622,juice,,3.0,,credit card,,2023-12-22,2023.0,12.0,22.0
6875870,salad,5.0,5.0,25.0,,,2023-09-07,2023.0,9.0,7.0
9086163,cookie,2.0,1.0,2.0,digital wallet,,2023-07-31,2023.0,7.0,31.0
5061600,juice,3.0,3.0,9.0,,in-store,2023-11-23,2023.0,11.0,23.0
9987017,cookie,5.0,1.0,5.0,cash,takeaway,2023-03-14,2023.0,3.0,14.0
6533576,salad,5.0,5.0,25.0,cash,in-store,2023-08-14,2023.0,8.0,14.0
5229351,coffee,3.0,2.0,6.0,digital wallet,takeaway,2023-08-14,2023.0,8.0,14.0
5318263,smoothie,1.0,4.0,4.0,credit card,takeaway,2023-06-12,2023.0,6.0,12.0
8866088,tea,4.0,1.5,6.0,digital wallet,takeaway,2023-07-11,2023.0,7.0,11.0
1193930,coffee,1.0,2.0,2.0,cash,,,,,
2601923,cake,4.0,,,cash,takeaway,2023-07-24,2023.0,7.0,24.0
5884081,cookie,,1.0,,digital wallet,in-store,2023-07-05,2023.0,7.0,5.0
5047792,salad,1.0,5.0,5.0,,,,,,
7434172,cookie,2.0,1.0,2.0,digital wallet,takeaway,2023-11-14,2023.0,11.0,14.0
1849406,sandwich,5.0,4.0,20.0,cash,in-store,2023-11-30,2023.0,11.0,30.0
8388462,smoothie,,,,,takeaway,2023-08-19,2023.0,8.0,19.0
6289180,juice,1.0,3.0,3.0,cash,in-store,2023-03-14,2023.0,3.0,14.0
3974663,juice,3.0,3.0,9.0,cash,takeaway,2023-10-02,2023.0,10.0,2.0
9041537,sandwich,4.0,4.0,16.0,,,2023-08-28,2023.0,8.0,28.0
2798069,,5.0,1.5,7.5,digital wallet,,2023-09-02,2023.0,9.0,2.0
7601706,juice,,3.0,,credit card,in-store,2023-11-15,2023.0,11.0,15.0
6184247,,1.0,3.0,3.0,,,,,,
3145515,smoothie,4.0,4.0,16.0,cash,,2023-03-31,2023.0,3.0,31.0
6711224,juice,1.0,3.0,3.0,digital wallet,,2023-03-26,2023.0,3.0,26.0
4035164,juice,5.0,3.0,15.0,,in-store,2023-11-26,2023.0,11.0,26.0
1815061,cake,3.0,3.0,9.0,digital wallet,in-store,2023-01-20,2023.0,1.0,20.0
9522690,cookie,4.0,1.0,4.0,credit card,in-store,2023-07-23,2023.0,7.0,23.0
2858635,sandwich,1.0,4.0,4.0,digital wallet,in-store,2023-09-28,2023.0,9.0,28.0
5492825,,2.0,5.0,10.0,,in-store,2023-02-25,2023.0,2.0,25.0
2083119,,2.0,1.0,2.0,,in-store,2023-06-11,2023.0,6.0,11.0
7030681,juice,1.0,3.0,3.0,cash,,2023-10-01,2023.0,10.0,1.0
7738316,cookie,4.0,1.0,4.0,,,2023-02-04,2023.0,2.0,4.0
6817358,smoothie,2.0,,,credit card,,2023-12-22,2023.0,12.0,22.0
4430474,cake,2.0,3.0,6.0,digital wallet,,2023-06-08,2023.0,6.0,8.0
2329938,sandwich,3.0,4.0,12.0,credit card,,2023-03-29,2023.0,3.0,29.0
7020104,,5.0,1.5,7.5,digital wallet,,2023-01-23,2023.0,1.0,23.0
3642052,cake,1.0,3.0,3.0,,takeaway,2023-07-19,2023.0,7.0,19.0
6655913,cookie,1.0,1.0,1.0,credit card,in-store,2023-04-02,2023.0,4.0,2.0
1409029,sandwich,1.0,4.0,4.0,cash,,,,,
1617594,sandwich,1.0,4.0,4.0,,in-store,2023-04-23,2023.0,4.0,23.0
7136372,juice,3.0,3.0,9.0,credit card,takeaway,2023-09-22,2023.0,9.0,22.0
7648238,cookie,,1.0,,cash,,2023-05-12,2023.0,5.0,12.0
1277813,,5.0,3.0,15.0,digital wallet,,2023-09-11,2023.0,9.0,11.0
7251969,cookie,2.0,1.0,2.0,,in-store,2023-08-14,2023.0,8.0,14.0
5790695,tea,5.0,1.5,7.5,credit card,takeaway,2023-04-24,2023.0,4.0,24.0
7101802,coffee,4.0,2.0,8.0,,,2023-03-19,2023.0,3.0,19.0
3277936,tea,2.0,1.5,3.0,digital wallet,takeaway,2023-06-21,2023.0,6.0,21.0
3233221,cake,5.0,3.0,15.0,,takeaway,2023-06-15,2023.0,6.0,15.0
6200423,cookie,1.0,1.0,1.0,,in-store,2023-02-03,2023.0,2.0,3.0
1522176,smoothie,,4.0,,digital wallet,takeaway,2023-04-29,2023.0,4.0,29.0
6728574,juice,3.0,3.0,9.0,cash,,2023-05-24,2023.0,5.0,24.0
6344738,,4.0,5.0,20.0,credit card,takeaway,,,,
5968705,sandwich,3.0,4.0,12.0,credit card,takeaway,2023-12-16,2023.0,12.0,16.0
9657902,juice,1.0,3.0,3.0,digital wallet,,2023-10-30,2023.0,10.0,30.0
8640383,juice,2.0,3.0,6.0,,,2023-10-08,2023.0,10.0,8.0
3889213,cake,1.0,,,credit card,,2023-10-13,2023.0,10.0,13.0
2252244,juice,2.0,,,credit card,,2023-03-10,2023.0,3.0,10.0
2561071,juice,5.0,3.0,15.0,,in-store,2023-01-30,2023.0,1.0,30.0
6543164,tea,2.0,1.5,3.0,digital wallet,,2023-07-10,2023.0,7.0,10.0
3209025,salad,2.0,5.0,10.0,cash,,2023-10-12,2023.0,10.0,12.0
9975079,smoothie,2.0,4.0,8.0,cash,,2023-08-26,2023.0,8.0,26.0
9618962,,3.0,,,credit card,takeaway,2023-11-08,2023.0,11.0,8.0
5949517,,5.0,4.0,20.0,digital wallet,in-store,2023-12-31,2023.0,12.0,31.0
4103665,coffee,4.0,2.0,8.0,,in-store,2023-04-30,2023.0,4.0,30.0
8499618,cake,2.0,3.0,6.0,,,2023-05-23,2023.0,5.0,23.0
6183513,,3.0,3.0,9.0,digital wallet,,2023-12-22,2023.0,12.0,22.0
3919672,cookie,,1.0,,credit card,,2023-11-05,2023.0,11.0,5.0
7592199,tea,3.0,1.5,4.5,digital wallet,,2023-09-14,2023.0,9.0,14.0
8888249,coffee,5.0,2.0,10.0,,,2023-10-17,2023.0,10.0,17.0
8494571,,5.0,1.0,5.0,,,2023-02-06,2023.0,2.0,6.0
7749759,tea,1.0,1.5,1.5,digital wallet,in-store,2023-12-26,2023.0,12.0,26.0
7556108,cookie,5.0,1.0,5.0,,takeaway,2023-01-17,2023.0,1.0,17.0
9360886,sandwich,1.0,4.0,4.0,,,2023-07-25,2023.0,7.0,25.0
5303464,juice,4.0,3.0,12.0,cash,takeaway,2023-10-26,2023.0,10.0,26.0
5324330,salad,3.0,5.0,15.0,digital wallet,takeaway,2023-11-20,2023.0,11.0,20.0
5862289,juice,4.0,3.0,12.0,digital wallet,takeaway,2023-01-05,2023.0,1.0,5.0
8203190,tea,2.0,1.5,3.0,,in-store,2023-06-16,2023.0,6.0,16.0
9699948,coffee,5.0,2.0,10.0,cash,in-store,2023-04-18,2023.0,4.0,18.0
8187087,coffee,3.0,2.0,6.0,digital wallet,takeaway,2023-01-31,2023.0,1.0,31.0
5409141,coffee,5.0,2.0,10.0,cash,takeaway,2023-02-02,2023.0,2.0,2.0
9928409,sandwich,4.0,4.0,16.0,credit card,,2023-06-17,2023.0,6.0,17.0
9882485,salad,5.0,5.0,25.0,cash,,,,,
9952479,sandwich,1.0,4.0,4.0,digital wallet,takeaway,2023-12-06,2023.0,12.0,6.0
7207901,smoothie,2.0,4.0,8.0,digital wallet,in-store,2023-12-11,2023.0,12.0,11.0
8899602,salad,4.0,5.0,20.0,,in-store,,,,
4321091,smoothie,2.0,4.0,8.0,cash,in-store,2023-06-15,2023.0,6.0,15.0
2721997,cake,3.0,3.0,9.0,,takeaway,2023-05-20,2023.0,5.0,20.0
6738137,coffee,4.0,2.0,8.0,,,2023-07-20,2023.0,7.0,20.0
5365699,sandwich,5.0,4.0,20.0,,,2023-05-22,2023.0,5.0,22.0
4807459,sandwich,1.0,4.0,4.0,,,2023-08-11,2023.0,8.0,11.0
2790608,juice,1.0,3.0,3.0,cash,in-store,2023-12-18,2023.0,12.0,18.0
2035137,,2.0,1.5,3.0,digital wallet,takeaway,2023-03-12,2023.0,3.0,12.0
7603919,,2.0,1.0,2.0,,,2023-09-25,2023.0,9.0,25.0
7429032,sandwich,2.0,4.0,8.0,,takeaway,2023-08-18,2023.0,8.0,18.0
5241723,coffee,3.0,2.0,6.0,cash,,2023-07-18,2023.0,7.0,18.0
5151706,smoothie,1.0,4.0,4.0,,takeaway,2023-03-01,2023.0,3.0,1.0
6231475,salad,2.0,5.0,10.0,credit card,in-store,2023-03-18,2023.0,3.0,18.0
6144244,juice,3.0,,,cash,,2023-01-08,2023.0,1.0,8.0
3442435,,,4.0,,digital wallet,in-store,2023-04-01,2023.0,4.0,1.0
2631423,cookie,3.0,1.0,3.0,cash,takeaway,2023-01-07,2023.0,1.0,7.0
1616810,,2.0,1.0,2.0,,in-store,2023-09-05,2023.0,9.0,5.0
6505914,cake,3.0,3.0,9.0,,,2023-01-27,2023.0,1.0,27.0
1958614,smoothie,2.0,4.0,8.0,digital wallet,,2023-07-02,2023.0,7.0,2.0
6890737,,4.0,4.0,16.0,,,2023-05-22,2023.0,5.0,22.0
6702416,cake,1.0,3.0,3.0,,,2023-09-14,2023.0,9.0,14.0
5649204,smoothie,1.0,4.0,4.0,cash,in-store,2023-03-05,2023.0,3.0,5.0
4084177,,3.0,1.0,3.0,credit card,in-store,2023-08-13,2023.0,8.0,13.0
2066115,salad,4.0,5.0,20.0,credit card,in-store,2023-08-18,2023.0,8.0,18.0
5029643,,2.0,1.5,3.0,digital wallet,in-store,2023-12-23,2023.0,12.0,23.0
7986904,cookie,3.0,1.0,3.0,credit card,takeaway,2023-08-11,2023.0,8.0,11.0
4633457,salad,1.0,5.0,5.0,credit card,takeaway,2023-05-21,2023.0,5.0,21.0
9368550,cake,3.0,3.0,9.0,digital wallet,takeaway,2023-09-26,2023.0,9.0,26.0
8049058,cake,2.0,3.0,6.0,cash,,2023-04-08,2023.0,4.0,8.0
5131404,sandwich,4.0,4.0,16.0,credit card,takeaway,2023-06-18,2023.0,6.0,18.0
3480562,coffee,5.0,2.0,10.0,,,2023-12-24,2023.0,12.0,24.0
6219454,tea,1.0,1.5,1.5,cash,in-store,2023-11-14,2023.0,11.0,14.0
2551378,tea,2.0,1.5,3.0,,takeaway,2023-10-27,2023.0,10.0,27.0
9024388,salad,1.0,5.0,5.0,cash,,2023-02-27,2023.0,2.0,27.0
3478329,tea,3.0,1.5,4.5,digital wallet,in-store,2023-10-29,2023.0,10.0,29.0
6308974,cookie,4.0,1.0,4.0,,in-store,2023-10-02,2023.0,10.0,2.0
5571904,salad,5.0,5.0,25.0,digital wallet,takeaway,2023-08-05,2023.0,8.0,5.0
6979356,salad,2.0,5.0,10.0,,in-store,2023-09-21,2023.0,9.0,21.0
9171458,cake,2.0,3.0,6.0,,,2023-03-29,2023.0,3.0,29.0
5537621,juice,4.0,3.0,12.0,digital wallet,takeaway,2023-02-28,2023.0,2.0,28.0
9288156,coffee,3.0,2.0,6.0,,,2023-11-05,2023.0,11.0,5.0
8626720,juice,4.0,3.0,12.0,cash,takeaway,2023-06-02,2023.0,6.0,2.0
9181129,sandwich,,4.0,,digital wallet,in-store,2023-09-25,2023.0,9.0,25.0
5908362,sandwich,5.0,4.0,20.0,digital wallet,,2023-10-03,2023.0,10.0,3.0
2086841,salad,4.0,5.0,20.0,credit card,in-store,2023-03-16,2023.0,3.0,16.0
9944141,juice,5.0,3.0,15.0,credit card,takeaway,2023-07-18,2023.0,7.0,18.0
2438638,cake,2.0,3.0,6.0,credit card,takeaway,2023-08-12,2023.0,8.0,12.0
4644790,,1.0,4.0,4.0,credit card,,2023-09-19,2023.0,9.0,19.0
9216933,cookie,4.0,1.0,4.0,,,2023-05-29,2023.0,5.0,29.0
8308356,smoothie,1.0,4.0,4.0,digital wallet,,2023-11-21,2023.0,11.0,21.0
7933500,tea,3.0,1.5,4.5,,in-store,2023-09-21,2023.0,9.0,21.0
1602123,coffee,,2.0,,cash,,2023-04-11,2023.0,4.0,11.0
3321395,tea,,1.5,,digital wallet,takeaway,2023-07-08,2023.0,7.0,8.0
7563589,smoothie,5.0,4.0,20.0,cash,,2023-09-19,2023.0,9.0,19.0
7864482,sandwich,1.0,4.0,4.0,credit card,takeaway,2023-01-28,2023.0,1.0,28.0
7942343,cookie,4.0,1.0,4.0,digital wallet,,2023-06-15,2023.0,6.0,15.0
1585329,smoothie,4.0,4.0,16.0,credit card,,2023-07-16,2023.0,7.0,16.0
6550460,sandwich,5.0,4.0,20.0,,,2023-03-15,2023.0,3.0,15.0
3416466,juice,2.0,3.0,6.0,digital wallet,,2023-09-13,2023.0,9.0,13.0
5125759,coffee,3.0,2.0,6.0,digital wallet,takeaway,2023-06-15,2023.0,6.0,15.0
7321946,cake,3.0,3.0,9.0,cash,takeaway,2023-02-12,2023.0,2.0,12.0
4336291,salad,5.0,5.0,25.0,cash,in-store,2023-03-25,2023.0,3.0,25.0
5240229,salad,1.0,5.0,5.0,,in-store,2023-06-10,2023.0,6.0,10.0
7854253,coffee,4.0,2.0,8.0,cash,,2023-07-26,2023.0,7.0,26.0
1971201,smoothie,2.0,4.0,8.0,digital wallet,,2023-11-07,2023.0,11.0,7.0
2673104,tea,1.0,1.5,1.5,,,2023-06-23,2023.0,6.0,23.0
7479695,smoothie,5.0,4.0,20.0,credit card,,2023-12-12,2023.0,12.0,12.0
1084222,coffee,4.0,2.0,8.0,digital wallet,in-store,2023-06-03,2023.0,6.0,3.0
1723062,salad,1.0,5.0,5.0,,in-store,2023-09-21,2023.0,9.0,21.0
4987205,tea,2.0,1.5,3.0,,takeaway,2023-06-24,2023.0,6.0,24.0
8025478,sandwich,4.0,4.0,16.0,cash,takeaway,2023-01-24,2023.0,1.0,24.0
7529735,coffee,3.0,2.0,6.0,,in-store,2023-08-12,2023.0,8.0,12.0
1598214,juice,1.0,,,credit card,takeaway,2023-01-07,2023.0,1.0,7.0
7872478,juice,4.0,3.0,12.0,credit card,in-store,2023-04-25,2023.0,4.0,25.0
9464398,cake,4.0,3.0,12.0,credit card,,2023-09-25,2023.0,9.0,25.0
9319656,tea,5.0,1.5,7.5,,,2023-12-22,2023.0,12.0,22.0
9212052,salad,4.0,5.0,20.0,cash,,2023-10-15,2023.0,10.0,15.0
2913107,,4.0,,,,in-store,2023-05-20,2023.0,5.0,20.0
2550923,cake,2.0,3.0,6.0,cash,takeaway,2023-08-26,2023.0,8.0,26.0
3352028,,4.0,1.0,4.0,credit card,in-store,2023-08-26,2023.0,8.0,26.0
2682803,cake,5.0,3.0,15.0,credit card,takeaway,2023-04-09,2023.0,4.0,9.0
1745182,cookie,2.0,,,digital wallet,takeaway,2023-09-26,2023.0,9.0,26.0
7608637,,1.0,5.0,5.0,digital wallet,,2023-04-08,2023.0,4.0,8.0
6388090,juice,4.0,3.0,12.0,,,,,,
4335735,coffee,2.0,2.0,4.0,,,2023-04-07,2023.0,4.0,7.0
9264301,coffee,1.0,2.0,2.0,,in-store,2023-10-24,2023.0,10.0,24.0
6547896,coffee,3.0,2.0,6.0,,,2023-03-02,2023.0,3.0,2.0
2414686,cake,1.0,3.0,3.0,cash,,,,,
9868114,smoothie,2.0,4.0,8.0,credit card,in-store,2023-11-12,2023.0,11.0,12.0
6127474,cookie,5.0,,,cash,in-store,2023-09-17,2023.0,9.0,17.0
5549557,cake,2.0,3.0,6.0,cash,in-store,2023-02-27,2023.0,2.0,27.0
4668762,smoothie,3.0,4.0,12.0,digital wallet,,2023-03-10,2023.0,3.0,10.0
1058466,cookie,3.0,1.0,3.0,digital wallet,takeaway,2023-12-07,2023.0,12.0,7.0
8892230,coffee,5.0,2.0,10.0,,,2023-03-02,2023.0,3.0,2.0
3332915,cookie,2.0,1.0,2.0,,takeaway,2023-01-19,2023.0,1.0,19.0
9596023,coffee,5.0,2.0,10.0,digital wallet,takeaway,2023-11-30,2023.0,11.0,30.0
6122423,salad,4.0,5.0,20.0,,in-store,2023-09-28,2023.0,9.0,28.0
8934637,smoothie,1.0,4.0,4.0,,in-store,2023-01-07,2023.0,1.0,7.0
4846406,cookie,3.0,1.0,3.0,cash,in-store,2023-05-22,2023.0,5.0,22.0
8917300,cookie,1.0,1.0,1.0,cash,takeaway,2023-03-04,2023.0,3.0,4.0
7742182,tea,2.0,1.5,3.0,,,2023-11-09,2023.0,11.0,9.0
8131533,cake,1.0,3.0,3.0,cash,in-store,2023-07-18,2023.0,7.0,18.0
1836754,tea,1.0,1.5,1.5,credit card,in-store,2023-09-10,2023.0,9.0,10.0
2531878,salad,3.0,5.0,15.0,,,2023-01-06,2023.0,1.0,6.0
8126586,sandwich,5.0,4.0,20.0,,in-store,2023-11-19,2023.0,11.0,19.0
4522292,cookie,1.0,1.0,1.0,digital wallet,in-store,2023-07-12,2023.0,7.0,12.0
2896162,cookie,2.0,1.0,2.0,credit card,in-store,,,,
4209377,salad,2.0,5.0,10.0,,,2023-02-07,2023.0,2.0,7.0
9097321,juice,2.0,3.0,6.0,credit card,,2023-10-02,2023.0,10.0,2.0
8258400,,5.0,5.0,25.0,,,2023-10-09,2023.0,10.0,9.0
3267393,sandwich,2.0,4.0,8.0,,in-store,2023-02-24,2023.0,2.0,24.0
2389110,sandwich,2.0,4.0,8.0,cash,in-store,2023-05-30,2023.0,5.0,30.0
2704452,salad,2.0,5.0,10.0,credit card,takeaway,2023-09-05,2023.0,9.0,5.0
4892165,juice,3.0,3.0,9.0,cash,in-store,2023-07-27,2023.0,7.0,27.0
6588156,cake,4.0,3.0,12.0,,in-store,2023-04-14,2023.0,4.0,14.0
4721830,sandwich,3.0,4.0,12.0,,,2023-11-15,2023.0,11.0,15.0
6941542,sandwich,3.0,4.0,12.0,,in-store,2023-09-27,2023.0,9.0,27.0
5214986,cookie,5.0,,,credit card,in-store,2023-09-21,2023.0,9.0,21.0
3635874,sandwich,2.0,4.0,8.0,cash,,2023-03-16,2023.0,3.0,16.0
1721910,juice,4.0,3.0,12.0,digital wallet,,2023-03-21,2023.0,3.0,21.0
9615339,sandwich,1.0,4.0,4.0,,in-store,,,,
1120969,coffee,2.0,2.0,4.0,credit card,,2023-04-15,2023.0,4.0,15.0
4246000,cookie,2.0,1.0,2.0,credit card,takeaway,2023-07-09,2023.0,7.0,9.0
9253541,,1.0,1.5,1.5,digital wallet,,2023-06-04,2023.0,6.0,4.0
9699174,smoothie,3.0,4.0,12.0,,,2023-01-03,2023.0,1.0,3.0
6036409,tea,5.0,1.5,7.5,cash,takeaway,2023-02-16,2023.0,2.0,16.0
5927258,tea,5.0,1.5,7.5,,in-store,2023-10-18,2023.0,10.0,18.0
6027031,juice,5.0,3.0,15.0,credit card,in-store,2023-11-15,2023.0,11.0,15.0
4449992,,3.0,1.0,3.0,digital wallet,,2023-01-09,2023.0,1.0,9.0
3018211,salad,4.0,5.0,20.0,,,,,,
1900906,coffee,5.0,2.0,10.0,cash,,2023-01-31,2023.0,1.0,31.0
7171590,coffee,3.0,2.0,6.0,credit card,in-store,2023-04-24,2023.0,4.0,24.0
5746203,tea,5.0,1.5,7.5,cash,,2023-07-08,2023.0,7.0,8.0
1696300,cookie,1.0,1.0,1.0,digital wallet,in-store,2023-05-28,2023.0,5.0,28.0
1255476,smoothie,1.0,4.0,4.0,,,2023-08-28,2023.0,8.0,28.0
9403115,tea,1.0,1.5,1.5,,,2023-04-17,2023.0,4.0,17.0
4476539,salad,2.0,5.0,10.0,cash,,2023-04-19,2023.0,4.0,19.0
5263133,juice,2.0,3.0,6.0,,takeaway,2023-05-22,2023.0,5.0,22.0
8473362,juice,3.0,3.0,9.0,digital wallet,,2023-11-22,2023.0,11.0,22.0
8402606,cookie,3.0,1.0,3.0,,takeaway,2023-05-09,2023.0,5.0,9.0
6857799,cookie,4.0,1.0,4.0,cash,,2023-01-08,2023.0,1.0,8.0
9362993,coffee,3.0,2.0,6.0,cash,in-store,2023-10-22,2023.0,10.0,22.0
7458568,smoothie,5.0,4.0,20.0,digital wallet,,2023-05-09,2023.0,5.0,9.0
7474617,salad,3.0,5.0,15.0,credit card,takeaway,,,,
1959082,juice,5.0,3.0,15.0,credit card,,2023-06-08,2023.0,6.0,8.0
9630958,smoothie,5.0,,,digital wallet,in-store,2023-12-26,2023.0,12.0,26.0
4290475,smoothie,1.0,4.0,4.0,,takeaway,2023-04-20,2023.0,4.0,20.0
4561296,salad,5.0,5.0,25.0,cash,in-store,2023-11-22,2023.0,11.0,22.0
6422545,juice,2.0,3.0,6.0,credit card,takeaway,2023-11-03,2023.0,11.0,3.0
6012728,cake,4.0,3.0,12.0,credit card,in-store,2023-05-09,2023.0,5.0,9.0
8886678,tea,5.0,1.5,7.5,cash,,2023-03-27,2023.0,3.0,27.0
5424622,tea,4.0,1.5,6.0,,in-store,2023-07-12,2023.0,7.0,12.0
1204426,sandwich,,4.0,,credit card,,2023-01-16,2023.0,1.0,16.0
1885495,coffee,4.0,2.0,8.0,cash,,2023-03-04,2023.0,3.0,4.0
3646359,salad,2.0,5.0,10.0,credit card,,2023-07-23,2023.0,7.0,23.0
3284157,tea,4.0,,,digital wallet,,2023-05-17,2023.0,5.0,17.0
4533186,tea,3.0,1.5,4.5,,takeaway,2023-04-19,2023.0,4.0,19.0
3046567,salad,2.0,5.0,10.0,credit card,in-store,2023-01-07,2023.0,1.0,7.0
3594827,juice,5.0,3.0,15.0,digital wallet,in-store,2023-03-09,2023.0,3.0,9.0
2883054,cake,4.0,3.0,12.0,cash,in-store,2023-11-17,2023.0,11.0,17.0
1744319,smoothie,3.0,4.0,12.0,cash,,2023-03-24,2023.0,3.0,24.0
6182856,cake,4.0,3.0,12.0,credit card,takeaway,2023-04-02,2023.0,4.0,2.0
7341998,cake,3.0,3.0,9.0,digital wallet,,2023-02-18,2023.0,2.0,18.0
5438422,smoothie,3.0,4.0,12.0,,in-store,2023-09-25,2023.0,9.0,25.0
7187128,tea,5.0,1.5,7.5,,takeaway,2023-08-24,2023.0,8.0,24.0
6499084,cake,4.0,,,credit card,takeaway,2023-03-15,2023.0,3.0,15.0
5738243,salad,5.0,,,credit card,takeaway,2023-08-30,2023.0,8.0,30.0
8946752,tea,4.0,1.5,6.0,cash,,2023-06-08,2023.0,6.0,8.0
5453217,coffee,1.0,2.0,2.0,credit card,in-store,2023-07-11,2023.0,7.0,11.0
9340973,cookie,4.0,1.0,4.0,cash,,2023-03-07,2023.0,3.0,7.0
8562684,tea,5.0,1.5,7.5,,takeaway,2023-06-25,2023.0,6.0,25.0
2477021,cookie,4.0,,,credit card,in-store,,,,
2030078,smoothie,1.0,4.0,4.0,digital wallet,takeaway,2023-04-10,2023.0,4.0,10.0
9490465,,3.0,4.0,12.0,,,2023-05-06,2023.0,5.0,6.0
6603668,coffee,4.0,,,credit card,takeaway,2023-03-07,2023.0,3.0,7.0
7077961,tea,4.0,1.5,6.0,digital wallet,takeaway,2023-09-19,2023.0,9.0,19.0
3343585,cake,1.0,3.0,3.0,cash,in-store,2023-09-17,2023.0,9.0,17.0
7896831,coffee,5.0,2.0,10.0,cash,takeaway,2023-04-01,2023.0,4.0,1.0
2510233,,2.0,4.0,8.0,credit card,in-store,2023-11-04,2023.0,11.0,4.0
3541337,cookie,4.0,1.0,4.0,digital wallet,takeaway,2023-09-01,2023.0,9.0,1.0
2140056,cookie,1.0,1.0,1.0,digital wallet,takeaway,2023-12-07,2023.0,12.0,7.0
9629256,cake,4.0,3.0,12.0,digital wallet,in-store,2023-11-07,2023.0,11.0,7.0
8419985,cake,3.0,3.0,9.0,,,2023-08-26,2023.0,8.0,26.0
6349916,salad,1.0,5.0,5.0,cash,,2023-07-09,2023.0,7.0,9.0
6568254,salad,2.0,5.0,10.0,credit card,in-store,2023-02-09,2023.0,2.0,9.0
1730385,cake,2.0,3.0,6.0,credit card,,2023-03-01,2023.0,3.0,1.0
7800576,sandwich,,4.0,,,,2023-07-13,2023.0,7.0,13.0
6935600,coffee,3.0,2.0,6.0,,,2023-01-02,2023.0,1.0,2.0
1851725,cake,5.0,3.0,15.0,cash,takeaway,2023-02-19,2023.0,2.0,19.0
5691112,juice,5.0,3.0,15.0,,,2023-03-24,2023.0,3.0,24.0
9514836,coffee,3.0,2.0,6.0,,in-store,2023-03-29,2023.0,3.0,29.0
4172649,salad,4.0,5.0,20.0,digital wallet,,2023-05-19,2023.0,5.0,19.0
6504096,salad,5.0,5.0,25.0,cash,,2023-09-10,2023.0,9.0,10.0
9921708,cake,1.0,3.0,3.0,cash,takeaway,2023-07-20,2023.0,7.0,20.0
6361661,smoothie,2.0,4.0,8.0,cash,,2023-11-05,2023.0,11.0,5.0
4329116,cake,3.0,3.0,9.0,credit card,in-store,2023-09-29,2023.0,9.0,29.0
4142781,sandwich,5.0,4.0,20.0,digital wallet,takeaway,2023-01-30,2023.0,1.0,30.0
6055428,salad,5.0,5.0,25.0,cash,takeaway,2023-02-25,2023.0,2.0,25.0
4359885,cookie,2.0,1.0,2.0,credit card,in-store,2023-01-16,2023.0,1.0,16.0
4255116,juice,4.0,3.0,12.0,credit card,in-store,2023-12-24,2023.0,12.0,24.0
6511482,tea,3.0,1.5,4.5,credit card,,2023-03-17,2023.0,3.0,17.0
9672367,cookie,2.0,1.0,2.0,,in-store,2023-12-21,2023.0,12.0,21.0
1514364,coffee,5.0,2.0,10.0,digital wallet,in-store,2023-01-21,2023.0,1.0,21.0
1643122,juice,3.0,3.0,9.0,,in-store,2023-05-15,2023.0,5.0,15.0
2252586,tea,3.0,1.5,4.5,cash,takeaway,2023-09-08,2023.0,9.0,8.0
8853027,smoothie,5.0,4.0,20.0,credit card,in-store,2023-06-21,2023.0,6.0,21.0
1489200,,1.0,3.0,3.0,,,2023-03-27,2023.0,3.0,27.0
2351890,tea,4.0,1.5,6.0,,in-store,2023-02-27,2023.0,2.0,27.0
1026050,cake,1.0,3.0,3.0,,,2023-04-23,2023.0,4.0,23.0
3882139,smoothie,4.0,4.0,16.0,,,2023-12-28,2023.0,12.0,28.0
6296806,sandwich,2.0,4.0,8.0,,takeaway,,,,
6149247,sandwich,3.0,4.0,12.0,,takeaway,2023-09-21,2023.0,9.0,21.0
3371429,salad,2.0,5.0,10.0,credit card,,2023-11-01,2023.0,11.0,1.0
5136479,sandwich,1.0,,,,in-store,2023-01-04,2023.0,1.0,4.0
5722175,tea,2.0,1.5,3.0,digital wallet,takeaway,2023-03-01,2023.0,3.0,1.0
4075198,salad,5.0,5.0,25.0,cash,,2023-08-27,2023.0,8.0,27.0
3865627,coffee,4.0,2.0,8.0,,in-store,2023-02-16,2023.0,2.0,16.0
2136226,juice,2.0,,,digital wallet,in-store,2023-12-12,2023.0,12.0,12.0
2920551,sandwich,4.0,4.0,16.0,credit card,takeaway,2023-11-27,2023.0,11.0,27.0
9206923,sandwich,1.0,4.0,4.0,,,2023-11-16,2023.0,11.0,16.0
6335909,salad,4.0,5.0,20.0,,in-store,2023-06-21,2023.0,6.0,21.0
8107970,coffee,2.0,2.0,4.0,credit card,takeaway,2023-06-03,2023.0,6.0,3.0
3435561,,2.0,3.0,6.0,,takeaway,,,,
8079747,,2.0,5.0,10.0,digital wallet,,2023-03-18,2023.0,3.0,18.0
2135358,cake,5.0,3.0,15.0,credit card,,2023-05-28,2023.0,5.0,28.0
1313701,cookie,2.0,1.0,2.0,,,2023-10-03,2023.0,10.0,3.0
4035669,juice,3.0,3.0,9.0,cash,,2023-04-21,2023.0,4.0,21.0
5900899,,4.0,1.0,4.0,,takeaway,,,,
4037502,coffee,2.0,,,cash,takeaway,2023-08-10,2023.0,8.0,10.0
6879752,tea,1.0,1.5,1.5,digital wallet,in-store,2023-10-07,2023.0,10.0,7.0
8708666,cake,4.0,,,,takeaway,2023-01-10,2023.0,1.0,10.0
5535579,coffee,5.0,2.0,10.0,cash,in-store,2023-12-21,2023.0,12.0,21.0
2449402,smoothie,5.0,4.0,20.0,cash,,2023-01-29,2023.0,1.0,29.0
6097759,smoothie,4.0,4.0,16.0,cash,in-store,2023-06-18,2023.0,6.0,18.0
9579740,cake,3.0,3.0,9.0,digital wallet,,2023-03-05,2023.0,3.0,5.0
3026936,cake,5.0,3.0,15.0,,,2023-05-19,2023.0,5.0,19.0
2532519,cake,2.0,3.0,6.0,digital wallet,,2023-04-10,2023.0,4.0,10.0
9959765,juice,4.0,3.0,12.0,cash,,2023-02-19,2023.0,2.0,19.0
9514996,sandwich,2.0,4.0,8.0,credit card,takeaway,2023-07-25,2023.0,7.0,25.0
6757560,cake,4.0,3.0,12.0,cash,,2023-08-12,2023.0,8.0,12.0
2222893,coffee,4.0,2.0,8.0,,takeaway,2023-12-20,2023.0,12.0,20.0
4346607,salad,2.0,5.0,10.0,digital wallet,,2023-03-17,2023.0,3.0,17.0
2586830,juice,1.0,3.0,3.0,,in-store,2023-02-12,2023.0,2.0,12.0
2706461,salad,3.0,5.0,15.0,credit card,,2023-12-13,2023.0,12.0,13.0
1829391,juice,4.0,3.0,12.0,credit card,,2023-10-06,2023.0,10.0,6.0
5022805,sandwich,1.0,4.0,4.0,credit card,takeaway,2023-12-17,2023.0,12.0,17.0
6815801,cookie,1.0,1.0,1.0,digital wallet,takeaway,2023-03-15,2023.0,3.0,15.0
2541441,cake,1.0,3.0,3.0,cash,takeaway,2023-09-21,2023.0,9.0,21.0
5189465,cookie,4.0,1.0,4.0,,takeaway,2023-10-04,2023.0,10.0,4.0
1217810,cookie,1.0,1.0,1.0,digital wallet,,2023-07-06,2023.0,7.0,6.0
4894647,salad,2.0,5.0,10.0,cash,takeaway,2023-12-26,2023.0,12.0,26.0
7622855,sandwich,2.0,4.0,8.0,credit card,,2023-07-10,2023.0,7.0,10.0
3215610,,2.0,3.0,6.0,digital wallet,takeaway,2023-06-14,2023.0,6.0,14.0
9931637,cake,2.0,3.0,6.0,cash,takeaway,2023-09-17,2023.0,9.0,17.0
6625294,sandwich,2.0,4.0,8.0,digital wallet,,2023-03-05,2023.0,3.0,5.0
4577368,cake,4.0,3.0,12.0,cash,,2023-05-29,2023.0,5.0,29.0
4158904,juice,2.0,3.0,6.0,digital wallet,in-store,2023-01-31,2023.0,1.0,31.0
3444569,,1.0,4.0,4.0,credit card,takeaway,2023-10-07,2023.0,10.0,7.0
1208926,cookie,4.0,1.0,4.0,credit card,in-store,2023-12-07,2023.0,12.0,7.0
8090361,coffee,1.0,2.0,2.0,,,2023-03-12,2023.0,3.0,12.0
8363628,salad,1.0,5.0,5.0,digital wallet,,2023-04-07,2023.0,4.0,7.0
4761088,cake,4.0,3.0,12.0,digital wallet,,2023-08-27,2023.0,8.0,27.0
2672126,,3.0,1.0,3.0,cash,,2023-07-07,2023.0,7.0,7.0
3232279,,4.0,,,,takeaway,2023-05-30,2023.0,5.0,30.0
8526941,sandwich,5.0,,,,takeaway,2023-03-16,2023.0,3.0,16.0
2453194,cake,4.0,3.0,12.0,digital wallet,,2023-11-18,2023.0,11.0,18.0
9970195,coffee,2.0,2.0,4.0,,,2023-11-10,2023.0,11.0,10.0
4458848,cookie,2.0,1.0,2.0,,in-store,2023-10-30,2023.0,10.0,30.0
1606273,coffee,1.0,2.0,2.0,digital wallet,takeaway,2023-11-02,2023.0,11.0,2.0
8053946,tea,1.0,1.5,1.5,,takeaway,2023-09-18,2023.0,9.0,18.0
7963189,cookie,4.0,1.0,4.0,digital wallet,takeaway,2023-03-24,2023.0,3.0,24.0
9151273,tea,2.0,1.5,3.0,cash,,2023-04-09,2023.0,4.0,9.0
4702345,salad,4.0,5.0,20.0,digital wallet,,2023-01-08,2023.0,1.0,8.0
7972349,cake,,3.0,,,in-store,2023-04-19,2023.0,4.0,19.0
4832452,tea,5.0,1.5,7.5,cash,,2023-02-05,2023.0,2.0,5.0
9314690,salad,2.0,5.0,10.0,credit card,,2023-12-11,2023.0,12.0,11.0
3852141,cake,5.0,3.0,15.0,credit card,in-store,2023-08-04,2023.0,8.0,4.0
4723529,sandwich,2.0,4.0,8.0,,,2023-03-25,2023.0,3.0,25.0
9537106,,,4.0,,,,2023-10-11,2023.0,10.0,11.0
6039321,salad,2.0,5.0,10.0,credit card,,2023-02-15,2023.0,2.0,15.0
5797307,tea,5.0,1.5,7.5,,in-store,2023-03-16,2023.0,3.0,16.0
4832566,sandwich,4.0,4.0,16.0,digital wallet,in-store,,,,
2262398,tea,1.0,1.5,1.5,credit card,takeaway,2023-09-12,2023.0,9.0,12.0
9813095,juice,2.0,3.0,6.0,cash,,2023-06-12,2023.0,6.0,12.0
8627869,juice,1.0,3.0,3.0,,,2023-10-31,2023.0,10.0,31.0
1123346,tea,3.0,1.5,4.5,,,2023-07-31,2023.0,7.0,31.0
6729852,cookie,4.0,1.0,4.0,,,2023-06-29,2023.0,6.0,29.0
9300618,tea,3.0,1.5,4.5,credit card,,2023-03-06,2023.0,3.0,6.0
7832527,cake,3.0,3.0,9.0,cash,in-store,2023-01-26,2023.0,1.0,26.0
4703100,sandwich,1.0,4.0,4.0,,,2023-01-26,2023.0,1.0,26.0
1650385,sandwich,1.0,4.0,4.0,,,2023-07-24,2023.0,7.0,24.0
3632068,,2.0,3.0,6.0,cash,,2023-08-29,2023.0,8.0,29.0
2132434,salad,4.0,5.0,20.0,digital wallet,in-store,2023-06-03,2023.0,6.0,3.0
3847176,sandwich,3.0,4.0,12.0,,takeaway,2023-05-07,2023.0,5.0,7.0
9691955,juice,3.0,3.0,9.0,credit card,in-store,2023-11-03,2023.0,11.0,3.0
4985415,tea,4.0,1.5,6.0,digital wallet,,2023-08-01,2023.0,8.0,1.0
1172121,coffee,5.0,2.0,10.0,cash,takeaway,2023-08-26,2023.0,8.0,26.0
2521185,smoothie,2.0,4.0,8.0,cash,takeaway,2023-03-20,2023.0,3.0,20.0
6233021,juice,5.0,3.0,15.0,digital wallet,takeaway,2023-12-22,2023.0,12.0,22.0
7498795,cookie,2.0,1.0,2.0,cash,takeaway,2023-03-11,2023.0,3.0,11.0
6730130,tea,2.0,1.5,3.0,,,2023-10-16,2023.0,10.0,16.0
8810855,sandwich,4.0,4.0,16.0,,,2023-04-30,2023.0,4.0,30.0
1599516,juice,3.0,3.0,9.0,cash,in-store,2023-05-11,2023.0,5.0,11.0
6888839,tea,3.0,1.5,4.5,digital wallet,takeaway,2023-11-19,2023.0,11.0,19.0
5970304,,4.0,5.0,20.0,credit card,,2023-07-14,2023.0,7.0,14.0
4559065,juice,1.0,3.0,3.0,cash,in-store,2023-05-03,2023.0,5.0,3.0
7637325,cookie,4.0,1.0,4.0,,,2023-05-03,2023.0,5.0,3.0
9685491,coffee,4.0,2.0,8.0,cash,,2023-09-20,2023.0,9.0,20.0
1767321,sandwich,1.0,4.0,4.0,,in-store,2023-03-24,2023.0,3.0,24.0
9046415,smoothie,2.0,4.0,8.0,,,2023-06-06,2023.0,6.0,6.0
3785168,,3.0,3.0,9.0,,takeaway,2023-05-01,2023.0,5.0,1.0
6859249,cookie,,,,,,,,,
2696377,juice,4.0,3.0,12.0,digital wallet,in-store,2023-04-11,2023.0,4.0,11.0
7754382,sandwich,4.0,4.0,16.0,credit card,,2023-06-28,2023.0,6.0,28.0
4602865,cookie,5.0,1.0,5.0,digital wallet,takeaway,2023-09-27,2023.0,9.0,27.0
5966765,cake,5.0,3.0,15.0,credit card,takeaway,2023-11-09,2023.0,11.0,9.0
4328228,sandwich,5.0,4.0,20.0,,,2023-01-08,2023.0,1.0,8.0
2462604,tea,5.0,1.5,7.5,credit card,,2023-07-13,2023.0,7.0,13.0
2897354,juice,4.0,3.0,12.0,,in-store,2023-06-22,2023.0,6.0,22.0
5280256,,5.0,1.0,5.0,,in-store,2023-07-12,2023.0,7.0,12.0
3283631,sandwich,2.0,4.0,8.0,credit card,in-store,2023-03-15,2023.0,3.0,15.0
8929329,juice,4.0,3.0,12.0,,,2023-10-29,2023.0,10.0,29.0
1328953,smoothie,3.0,4.0,12.0,,,2023-12-28,2023.0,12.0,28.0
4852852,smoothie,2.0,4.0,8.0,,,2023-10-06,2023.0,10.0,6.0
4977954,juice,4.0,3.0,12.0,cash,,,,,
3344089,sandwich,4.0,4.0,16.0,cash,in-store,2023-08-10,2023.0,8.0,10.0
2909634,smoothie,1.0,,,,takeaway,2023-10-02,2023.0,10.0,2.0
7551280,cookie,4.0,1.0,4.0,credit card,takeaway,2023-04-14,2023.0,4.0,14.0
5390533,smoothie,3.0,4.0,12.0,,in-store,2023-11-18,2023.0,11.0,18.0
8487216,tea,1.0,1.5,1.5,cash,,2023-07-01,2023.0,7.0,1.0
3863163,cookie,3.0,1.0,3.0,digital wallet,takeaway,2023-10-12,2023.0,10.0,12.0
4260865,smoothie,4.0,4.0,16.0,,,2023-02-25,2023.0,2.0,25.0
7922471,cake,3.0,3.0,9.0,cash,,2023-04-18,2023.0,4.0,18.0
3701660,sandwich,1.0,4.0,4.0,digital wallet,,,,,
3653560,coffee,4.0,2.0,8.0,digital wallet,takeaway,2023-07-01,2023.0,7.0,1.0
4075817,cookie,2.0,1.0,2.0,cash,,2023-03-18,2023.0,3.0,18.0
3715065,salad,3.0,5.0,15.0,credit card,,2023-03-17,2023.0,3.0,17.0
9549208,coffee,1.0,2.0,2.0,digital wallet,in-store,2023-10-30,2023.0,10.0,30.0
2919952,juice,,3.0,,digital wallet,in-store,2023-02-17,2023.0,2.0,17.0
2670824,juice,2.0,3.0,6.0,digital wallet,takeaway,2023-03-03,2023.0,3.0,3.0
7455953,coffee,2.0,2.0,4.0,,,2023-05-01,2023.0,5.0,1.0
5926432,smoothie,4.0,4.0,16.0,cash,in-store,2023-06-29,2023.0,6.0,29.0
8235381,cookie,3.0,1.0,3.0,digital wallet,in-store,2023-03-01,2023.0,3.0,1.0
6206679,tea,1.0,1.5,1.5,,in-store,2023-05-01,2023.0,5.0,1.0
2954630,salad,2.0,5.0,10.0,credit card,,2023-09-30,2023.0,9.0,30.0
1402641,tea,3.0,1.5,4.5,credit card,takeaway,2023-09-12,2023.0,9.0,12.0
6405489,sandwich,3.0,4.0,12.0,credit card,takeaway,2023-05-04,2023.0,5.0,4.0
3003311,cake,5.0,3.0,15.0,digital wallet,in-store,2023-08-01,2023.0,8.0,1.0
3273540,,1.0,3.0,3.0,credit card,,2023-08-21,2023.0,8.0,21.0
4570881,,1.0,2.0,2.0,,,2023-09-14,2023.0,9.0,14.0
3421404,,4.0,4.0,16.0,credit card,,2023-05-05,2023.0,5.0,5.0
8468509,,,4.0,,credit card,,2023-06-13,2023.0,6.0,13.0
9436342,juice,4.0,3.0,12.0,digital wallet,in-store,2023-11-26,2023.0,11.0,26.0
3110245,cake,5.0,,,cash,takeaway,2023-04-21,2023.0,4.0,21.0
1999100,smoothie,3.0,4.0,12.0,digital wallet,,2023-11-08,2023.0,11.0,8.0
3654203,coffee,1.0,,,,,2023-04-21,2023.0,4.0,21.0
2406283,juice,4.0,3.0,12.0,digital wallet,in-store,2023-02-24,2023.0,2.0,24.0
8964166,juice,5.0,3.0,15.0,cash,,2023-11-10,2023.0,11.0,10.0
1354464,cake,5.0,3.0,15.0,digital wallet,in-store,2023-03-18,2023.0,3.0,18.0
5582443,salad,3.0,5.0,15.0,credit card,in-store,2023-04-13,2023.0,4.0,13.0
6204081,cake,1.0,3.0,3.0,digital wallet,takeaway,2023-07-12,2023.0,7.0,12.0
4428307,salad,3.0,5.0,15.0,cash,in-store,,,,
8647048,sandwich,2.0,4.0,8.0,credit card,in-store,2023-11-03,2023.0,11.0,3.0
1689024,coffee,5.0,2.0,10.0,credit card,in-store,2023-04-17,2023.0,4.0,17.0
5422928,tea,4.0,1.5,6.0,digital wallet,takeaway,2023-09-20,2023.0,9.0,20.0
9855567,cookie,3.0,1.0,3.0,credit card,,2023-05-25,2023.0,5.0,25.0
3311860,juice,1.0,3.0,3.0,digital wallet,in-store,2023-11-21,2023.0,11.0,21.0
4147675,tea,2.0,1.5,3.0,credit card,in-store,2023-01-04,2023.0,1.0,4.0
7560178,cookie,5.0,1.0,5.0,digital wallet,in-store,2023-08-17,2023.0,8.0,17.0
4677478,cake,4.0,3.0,12.0,,in-store,2023-07-09,2023.0,7.0,9.0
3930990,tea,4.0,1.5,6.0,digital wallet,takeaway,2023-02-27,2023.0,2.0,27.0
8675922,,4.0,5.0,20.0,,,2023-03-31,2023.0,3.0,31.0
6621596,salad,2.0,5.0,10.0,credit card,,2023-09-25,2023.0,9.0,25.0
8076942,cookie,2.0,1.0,2.0,cash,takeaway,2023-04-29,2023.0,4.0,29.0
4367689,cookie,2.0,1.0,2.0,cash,,2023-09-30,2023.0,9.0,30.0
2941800,salad,5.0,5.0,25.0,cash,,2023-04-25,2023.0,4.0,25.0
7072581,cookie,2.0,1.0,2.0,credit card,,2023-08-12,2023.0,8.0,12.0
7809506,salad,2.0,5.0,10.0,,takeaway,2023-06-05,2023.0,6.0,5.0
6884558,,1.0,3.0,3.0,cash,in-store,2023-08-14,2023.0,8.0,14.0
6864420,cookie,2.0,1.0,2.0,credit card,takeaway,2023-06-18,2023.0,6.0,18.0
3109057,tea,4.0,1.5,6.0,cash,,2023-11-26,2023.0,11.0,26.0
2257337,cookie,4.0,1.0,4.0,cash,,2023-07-24,2023.0,7.0,24.0
9417344,tea,3.0,1.5,4.5,,takeaway,2023-11-09,2023.0,11.0,9.0
6503884,juice,1.0,3.0,3.0,cash,in-store,2023-05-28,2023.0,5.0,28.0
9868954,smoothie,4.0,4.0,16.0,credit card,,,,,
2206639,coffee,4.0,2.0,8.0,cash,takeaway,2023-06-29,2023.0,6.0,29.0
9337894,tea,2.0,1.5,3.0,,,2023-12-30,2023.0,12.0,30.0
7068361,juice,5.0,3.0,15.0,credit card,,2023-12-25,2023.0,12.0,25.0
1405124,,3.0,4.0,12.0,digital wallet,takeaway,2023-08-03,2023.0,8.0,3.0
2395608,tea,3.0,,,cash,in-store,2023-03-16,2023.0,3.0,16.0
5423024,smoothie,1.0,4.0,4.0,digital wallet,in-store,2023-04-30,2023.0,4.0,30.0
2802630,cookie,4.0,1.0,4.0,,takeaway,2023-06-18,2023.0,6.0,18.0
3134595,juice,3.0,3.0,9.0,credit card,takeaway,2023-02-25,2023.0,2.0,25.0
2251128,smoothie,3.0,4.0,12.0,credit card,in-store,2023-06-07,2023.0,6.0,7.0
4213071,salad,1.0,5.0,5.0,,takeaway,2023-04-10,2023.0,4.0,10.0
6220280,tea,1.0,1.5,1.5,credit card,,2023-02-15,2023.0,2.0,15.0
4832163,cake,4.0,3.0,12.0,cash,takeaway,2023-11-17,2023.0,11.0,17.0
6663451,cake,1.0,3.0,3.0,cash,,2023-08-05,2023.0,8.0,5.0
1443928,cake,4.0,3.0,12.0,cash,takeaway,2023-12-03,2023.0,12.0,3.0
1670597,coffee,2.0,2.0,4.0,cash,takeaway,2023-05-21,2023.0,5.0,21.0
3854210,smoothie,1.0,4.0,4.0,cash,,2023-12-30,2023.0,12.0,30.0
2165745,coffee,4.0,2.0,8.0,credit card,in-store,2023-01-31,2023.0,1.0,31.0
3082888,tea,1.0,1.5,1.5,cash,in-store,2023-09-20,2023.0,9.0,20.0
2294397,coffee,5.0,2.0,10.0,digital wallet,in-store,2023-02-25,2023.0,2.0,25.0
4160784,cookie,5.0,1.0,5.0,,in-store,2023-05-20,2023.0,5.0,20.0
7248594,coffee,3.0,2.0,6.0,credit card,in-store,2023-03-26,2023.0,3.0,26.0
5031020,coffee,5.0,2.0,10.0,,,2023-11-25,2023.0,11.0,25.0
3059966,smoothie,1.0,4.0,4.0,digital wallet,in-store,2023-12-24,2023.0,12.0,24.0
9287780,smoothie,2.0,,,cash,in-store,2023-09-02,2023.0,9.0,2.0
1022220,juice,3.0,3.0,9.0,,takeaway,2023-08-03,2023.0,8.0,3.0
7144740,cake,4.0,3.0,12.0,,,2023-07-24,2023.0,7.0,24.0
7666945,tea,5.0,1.5,7.5,,,2023-07-07,2023.0,7.0,7.0
7880000,salad,3.0,5.0,15.0,credit card,in-store,2023-01-28,2023.0,1.0,28.0
4900574,juice,3.0,3.0,9.0,,,2023-05-06,2023.0,5.0,6.0
7838576,coffee,3.0,2.0,6.0,,in-store,2023-11-11,2023.0,11.0,11.0
1419188,cake,5.0,3.0,15.0,credit card,,2023-11-26,2023.0,11.0,26.0
1767201,,5.0,5.0,25.0,credit card,,2023-07-12,2023.0,7.0,12.0
2964794,cake,2.0,3.0,6.0,,takeaway,2023-03-09,2023.0,3.0,9.0
3936162,cookie,1.0,1.0,1.0,,,2023-02-26,2023.0,2.0,26.0
4432082,juice,5.0,3.0,15.0,,,2023-04-20,2023.0,4.0,20.0
9496791,salad,4.0,5.0,20.0,credit card,in-store,2023-07-19,2023.0,7.0,19.0
4194115,tea,5.0,1.5,7.5,,,2023-08-17,2023.0,8.0,17.0
7741707,salad,3.0,5.0,15.0,,takeaway,2023-05-09,2023.0,5.0,9.0
8854471,cake,5.0,3.0,15.0,credit card,,,,,
4216055,cookie,5.0,1.0,5.0,digital wallet,,2023-12-27,2023.0,12.0,27.0
2320493,smoothie,1.0,4.0,4.0,digital wallet,in-store,2023-03-22,2023.0,3.0,22.0
4835929,coffee,2.0,2.0,4.0,,in-store,2023-10-03,2023.0,10.0,3.0
6755791,coffee,2.0,2.0,4.0,cash,,2023-04-01,2023.0,4.0,1.0
9861432,cookie,2.0,1.0,2.0,,takeaway,2023-12-09,2023.0,12.0,9.0
8271278,tea,1.0,1.5,1.5,,,2023-07-01,2023.0,7.0,1.0
2005032,cookie,2.0,1.0,2.0,digital wallet,,2023-11-30,2023.0,11.0,30.0
4208919,,3.0,,,,takeaway,2023-05-30,2023.0,5.0,30.0
9699083,smoothie,1.0,,,cash,in-store,2023-02-12,2023.0,2.0,12.0
5714767,salad,4.0,5.0,20.0,digital wallet,takeaway,2023-03-02,2023.0,3.0,2.0
5844851,smoothie,5.0,4.0,20.0,,,2023-02-15,2023.0,2.0,15.0
7243779,,1.0,1.0,1.0,,in-store,,,,
8141558,cake,5.0,3.0,15.0,credit card,,2023-12-05,2023.0,12.0,5.0
4314314,cake,4.0,3.0,12.0,cash,,2023-01-02,2023.0,1.0,2.0
4155001,smoothie,1.0,4.0,4.0,,,2023-11-30,2023.0,11.0,30.0
1072678,juice,2.0,3.0,6.0,cash,,2023-05-30,2023.0,5.0,30.0
7981162,cake,3.0,3.0,9.0,credit card,takeaway,2023-05-30,2023.0,5.0,30.0
2316206,cookie,1.0,1.0,1.0,credit card,in-store,2023-01-23,2023.0,1.0,23.0
7343342,cookie,2.0,1.0,2.0,cash,takeaway,2023-12-21,2023.0,12.0,21.0
4573096,coffee,1.0,2.0,2.0,digital wallet,in-store,2023-08-13,2023.0,8.0,13.0
3577482,,4.0,3.0,12.0,digital wallet,,2023-06-01,2023.0,6.0,1.0
6370625,sandwich,3.0,4.0,12.0,credit card,in-store,2023-08-26,2023.0,8.0,26.0
7580803,juice,4.0,3.0,12.0,cash,in-store,2023-04-06,2023.0,4.0,6.0
8306028,salad,1.0,5.0,5.0,,takeaway,2023-02-27,2023.0,2.0,27.0
7530692,coffee,1.0,2.0,2.0,credit card,,2023-06-30,2023.0,6.0,30.0
4383002,coffee,1.0,2.0,2.0,,in-store,2023-12-18,2023.0,12.0,18.0
2939069,smoothie,5.0,4.0,20.0,credit card,takeaway,2023-09-06,2023.0,9.0,6.0
2301001,smoothie,1.0,4.0,4.0,,takeaway,2023-01-06,2023.0,1.0,6.0
5009924,cake,3.0,3.0,9.0,digital wallet,,2023-09-08,2023.0,9.0,8.0
9988801,smoothie,5.0,4.0,20.0,cash,,2023-10-20,2023.0,10.0,20.0
7895514,,4.0,3.0,12.0,digital wallet,takeaway,2023-08-06,2023.0,8.0,6.0
8432045,cake,3.0,3.0,9.0,credit card,,2023-11-09,2023.0,11.0,9.0
8127433,sandwich,3.0,4.0,12.0,,takeaway,2023-07-11,2023.0,7.0,11.0
7640914,salad,1.0,5.0,5.0,credit card,,2023-02-12,2023.0,2.0,12.0
4374963,juice,1.0,3.0,3.0,cash,in-store,2023-07-04,2023.0,7.0,4.0
3212317,salad,5.0,5.0,25.0,,takeaway,2023-05-25,2023.0,5.0,25.0
7744874,coffee,1.0,2.0,2.0,cash,,2023-06-28,2023.0,6.0,28.0
7768350,cookie,1.0,1.0,1.0,cash,in-store,2023-08-19,2023.0,8.0,19.0
9128859,coffee,2.0,2.0,4.0,,takeaway,2023-11-28,2023.0,11.0,28.0
9375649,cookie,4.0,1.0,4.0,,in-store,2023-03-06,2023.0,3.0,6.0
4401563,juice,5.0,3.0,15.0,digital wallet,takeaway,2023-09-20,2023.0,9.0,20.0
8502946,smoothie,3.0,4.0,12.0,,in-store,2023-09-15,2023.0,9.0,15.0
8687294,smoothie,3.0,4.0,12.0,credit card,,2023-08-01,2023.0,8.0,1.0
2176821,,3.0,5.0,15.0,digital wallet,,2023-05-05,2023.0,5.0,5.0
2529216,tea,3.0,,,credit card,in-store,,,,
8443384,sandwich,5.0,4.0,20.0,digital wallet,in-store,2023-02-13,2023.0,2.0,13.0
5053064,salad,3.0,5.0,15.0,,,2023-06-19,2023.0,6.0,19.0
7824739,cookie,3.0,1.0,3.0,digital wallet,,2023-07-17,2023.0,7.0,17.0
7226406,cake,1.0,3.0,3.0,credit card,,2023-02-11,2023.0,2.0,11.0
9793806,tea,3.0,1.5,4.5,digital wallet,takeaway,2023-04-25,2023.0,4.0,25.0
8195843,cookie,4.0,1.0,4.0,,,2023-06-02,2023.0,6.0,2.0
6027923,,1.0,5.0,5.0,digital wallet,takeaway,2023-07-23,2023.0,7.0,23.0
5438652,sandwich,4.0,4.0,16.0,cash,,2023-03-17,2023.0,3.0,17.0
8385625,tea,4.0,1.5,6.0,digital wallet,takeaway,2023-12-23,2023.0,12.0,23.0
7814715,cookie,5.0,1.0,5.0,cash,,2023-04-24,2023.0,4.0,24.0
6532452,smoothie,5.0,4.0,20.0,cash,takeaway,2023-02-24,2023.0,2.0,24.0
9706608,smoothie,1.0,4.0,4.0,cash,,2023-05-22,2023.0,5.0,22.0
5963749,cake,1.0,3.0,3.0,digital wallet,in-store,2023-11-04,2023.0,11.0,4.0
6885218,salad,1.0,5.0,5.0,,in-store,2023-10-23,2023.0,10.0,23.0
3845871,sandwich,1.0,4.0,4.0,,in-store,2023-10-29,2023.0,10.0,29.0
5767392,cake,5.0,3.0,15.0,credit card,,2023-10-24,2023.0,10.0,24.0
3014967,salad,,5.0,,,,,,,
8685281,tea,1.0,,,digital wallet,in-store,2023-07-30,2023.0,7.0,30.0
3205079,cake,5.0,3.0,15.0,credit card,,2023-11-07,2023.0,11.0,7.0
1523626,cake,4.0,3.0,12.0,,takeaway,2023-07-21,2023.0,7.0,21.0
8944202,smoothie,3.0,4.0,12.0,credit card,takeaway,2023-06-08,2023.0,6.0,8.0
2402993,cookie,5.0,1.0,5.0,cash,takeaway,2023-06-11,2023.0,6.0,11.0
1340358,sandwich,3.0,4.0,12.0,cash,takeaway,2023-06-09,2023.0,6.0,9.0
6959328,sandwich,3.0,4.0,12.0,credit card,takeaway,2023-04-23,2023.0,4.0,23.0
1613996,juice,2.0,3.0,6.0,,in-store,2023-10-12,2023.0,10.0,12.0
9285475,tea,5.0,1.5,7.5,digital wallet,,2023-11-14,2023.0,11.0,14.0
8077929,tea,3.0,1.5,4.5,digital wallet,takeaway,2023-08-06,2023.0,8.0,6.0
7899009,,1.0,2.0,2.0,cash,,2023-03-08,2023.0,3.0,8.0
9213505,sandwich,2.0,4.0,8.0,,,2023-11-01,2023.0,11.0,1.0
8724602,juice,4.0,3.0,12.0,credit card,takeaway,2023-06-26,2023.0,6.0,26.0
9067597,salad,4.0,,,cash,takeaway,2023-11-02,2023.0,11.0,2.0
9714116,sandwich,4.0,4.0,16.0,,in-store,2023-11-17,2023.0,11.0,17.0
8987697,cookie,5.0,1.0,5.0,cash,,2023-12-19,2023.0,12.0,19.0
1940778,tea,2.0,1.5,3.0,cash,in-store,2023-02-01,2023.0,2.0,1.0
1776070,sandwich,3.0,4.0,12.0,,,,,,
4271502,,2.0,3.0,6.0,,,2023-07-03,2023.0,7.0,3.0
8124795,salad,5.0,5.0,25.0,,in-store,2023-08-11,2023.0,8.0,11.0
7860953,sandwich,1.0,4.0,4.0,digital wallet,takeaway,2023-09-10,2023.0,9.0,10.0
8164119,tea,3.0,1.5,4.5,credit card,takeaway,2023-01-07,2023.0,1.0,7.0
6070523,,4.0,2.0,8.0,cash,,,,,
7809290,cake,1.0,3.0,3.0,cash,takeaway,2023-10-14,2023.0,10.0,14.0
5332538,coffee,3.0,2.0,6.0,,,2023-01-15,2023.0,1.0,15.0
7375024,,1.0,1.0,1.0,cash,in-store,2023-12-10,2023.0,12.0,10.0
5675095,sandwich,4.0,4.0,16.0,digital wallet,takeaway,2023-05-18,2023.0,5.0,18.0
4197851,salad,,5.0,,digital wallet,in-store,2023-02-05,2023.0,2.0,5.0
7931086,sandwich,3.0,4.0,12.0,credit card,,2023-06-25,2023.0,6.0,25.0
2536573,,2.0,,,cash,in-store,2023-06-24,2023.0,6.0,24.0
3374262,,2.0,1.5,3.0,,in-store,2023-04-14,2023.0,4.0,14.0
9110336,cookie,5.0,1.0,5.0,digital wallet,,2023-04-06,2023.0,4.0,6.0
3901665,juice,1.0,3.0,3.0,credit card,takeaway,2023-10-19,2023.0,10.0,19.0
9211917,smoothie,4.0,4.0,16.0,,in-store,2023-12-17,2023.0,12.0,17.0
7893709,,4.0,3.0,12.0,credit card,,2023-03-14,2023.0,3.0,14.0
4296023,tea,5.0,1.5,7.5,digital wallet,in-store,2023-10-08,2023.0,10.0,8.0
3403409,cake,2.0,3.0,6.0,,,2023-02-22,2023.0,2.0,22.0
1398511,coffee,5.0,2.0,10.0,,takeaway,2023-12-19,2023.0,12.0,19.0
4350854,cookie,2.0,1.0,2.0,cash,in-store,2023-01-31,2023.0,1.0,31.0
1867158,cookie,4.0,1.0,4.0,digital wallet,takeaway,2023-05-16,2023.0,5.0,16.0
2662711,juice,1.0,3.0,3.0,,,2023-11-02,2023.0,11.0,2.0
4439660,coffee,3.0,2.0,6.0,,,2023-02-06,2023.0,2.0,6.0
9417252,sandwich,2.0,4.0,8.0,credit card,,2023-08-17,2023.0,8.0,17.0
7502558,,5.0,3.0,15.0,,in-store,2023-02-23,2023.0,2.0,23.0
8453282,cookie,3.0,1.0,3.0,cash,,2023-03-08,2023.0,3.0,8.0
5921766,smoothie,3.0,4.0,12.0,,in-store,2023-11-06,2023.0,11.0,6.0
7688029,cake,5.0,3.0,15.0,credit card,in-store,2023-05-30,2023.0,5.0,30.0
2000331,,3.0,4.0,12.0,,takeaway,2023-03-30,2023.0,3.0,30.0
3420633,salad,4.0,5.0,20.0,digital wallet,takeaway,2023-04-11,2023.0,4.0,11.0
3431892,cake,2.0,3.0,6.0,,in-store,2023-07-18,2023.0,7.0,18.0
5220527,cookie,4.0,1.0,4.0,digital wallet,takeaway,2023-08-06,2023.0,8.0,6.0
1205773,salad,5.0,5.0,25.0,cash,,2023-01-27,2023.0,1.0,27.0
3061405,smoothie,5.0,4.0,20.0,,takeaway,2023-12-01,2023.0,12.0,1.0
8696857,coffee,1.0,2.0,2.0,digital wallet,takeaway,2023-10-01,2023.0,10.0,1.0
9668265,cookie,3.0,1.0,3.0,credit card,,2023-06-20,2023.0,6.0,20.0
3638761,juice,5.0,3.0,15.0,,,,,,
7463102,smoothie,5.0,4.0,20.0,cash,takeaway,2023-11-27,2023.0,11.0,27.0
5569954,cookie,4.0,1.0,4.0,credit card,in-store,,,,
4547294,tea,1.0,1.5,1.5,,,2023-09-30,2023.0,9.0,30.0
8430882,sandwich,2.0,4.0,8.0,digital wallet,takeaway,2023-06-17,2023.0,6.0,17.0
9114647,salad,5.0,5.0,25.0,digital wallet,in-store,2023-11-19,2023.0,11.0,19.0
9556442,sandwich,1.0,4.0,4.0,digital wallet,takeaway,,,,
5413433,juice,4.0,3.0,12.0,digital wallet,in-store,2023-06-03,2023.0,6.0,3.0
9388222,cookie,1.0,1.0,1.0,digital wallet,in-store,2023-04-21,2023.0,4.0,21.0
6618750,smoothie,5.0,4.0,20.0,credit card,,2023-03-07,2023.0,3.0,7.0
6712087,cake,2.0,3.0,6.0,,in-store,2023-06-06,2023.0,6.0,6.0
1862184,coffee,4.0,2.0,8.0,,in-store,2023-01-21,2023.0,1.0,21.0
6149800,sandwich,4.0,4.0,16.0,digital wallet,,2023-05-05,2023.0,5.0,5.0
6433525,smoothie,2.0,4.0,8.0,,,2023-09-02,2023.0,9.0,2.0
2642834,salad,2.0,5.0,10.0,cash,,2023-11-13,2023.0,11.0,13.0
6745398,tea,4.0,1.5,6.0,,,2023-02-28,2023.0,2.0,28.0
5660949,cookie,3.0,1.0,3.0,credit card,in-store,2023-01-10,2023.0,1.0,10.0
9540340,sandwich,2.0,4.0,8.0,cash,,2023-11-15,2023.0,11.0,15.0
5200292,,4.0,5.0,20.0,cash,,2023-01-12,2023.0,1.0,12.0
4118960,smoothie,5.0,4.0,20.0,credit card,takeaway,2023-09-24,2023.0,9.0,24.0
2265543,salad,3.0,5.0,15.0,,takeaway,2023-02-19,2023.0,2.0,19.0
7360979,sandwich,1.0,4.0,4.0,,in-store,2023-08-16,2023.0,8.0,16.0
1849597,sandwich,2.0,4.0,8.0,cash,,2023-11-01,2023.0,11.0,1.0
3214521,tea,4.0,1.5,6.0,,,2023-06-30,2023.0,6.0,30.0
5107249,smoothie,4.0,4.0,16.0,cash,,2023-03-20,2023.0,3.0,20.0
1941099,,5.0,1.0,5.0,cash,,2023-04-14,2023.0,4.0,14.0
3228646,cookie,5.0,1.0,5.0,credit card,,2023-09-19,2023.0,9.0,19.0
3295578,,1.0,3.0,3.0,,in-store,2023-05-04,2023.0,5.0,4.0
3717422,salad,2.0,5.0,10.0,cash,,2023-06-15,2023.0,6.0,15.0
5350735,tea,2.0,1.5,3.0,cash,,2023-04-08,2023.0,4.0,8.0
1128577,sandwich,1.0,4.0,4.0,digital wallet,in-store,2023-11-23,2023.0,11.0,23.0
6533267,tea,3.0,1.5,4.5,cash,in-store,2023-07-14,2023.0,7.0,14.0
1413310,smoothie,3.0,4.0,12.0,,takeaway,2023-04-06,2023.0,4.0,6.0
4166020,,4.0,3.0,12.0,digital wallet,in-store,2023-08-18,2023.0,8.0,18.0
9496018,,5.0,1.5,7.5,,takeaway,2023-01-05,2023.0,1.0,5.0
5609139,,2.0,1.5,3.0,digital wallet,,2023-10-13,2023.0,10.0,13.0
5087453,tea,3.0,1.5,4.5,cash,takeaway,2023-04-09,2023.0,4.0,9.0
3312088,cake,,3.0,,digital wallet,,2023-08-17,2023.0,8.0,17.0
2049313,,4.0,1.5,6.0,credit card,,2023-12-25,2023.0,12.0,25.0
4001774,tea,5.0,1.5,7.5,,takeaway,2023-02-10,2023.0,2.0,10.0
9627891,coffee,2.0,2.0,4.0,credit card,in-store,2023-01-09,2023.0,1.0,9.0
5584275,smoothie,1.0,4.0,4.0,credit card,in-store,2023-07-10,2023.0,7.0,10.0
1873800,smoothie,3.0,4.0,12.0,,in-store,2023-02-01,2023.0,2.0,1.0
3602823,coffee,4.0,2.0,8.0,,,2023-08-26,2023.0,8.0,26.0
5528426,smoothie,4.0,4.0,16.0,cash,takeaway,2023-06-01,2023.0,6.0,1.0
7626322,,4.0,3.0,12.0,cash,takeaway,2023-12-21,2023.0,12.0,21.0
4432546,coffee,2.0,2.0,4.0,digital wallet,,2023-11-29,2023.0,11.0,29.0
6372031,juice,3.0,3.0,9.0,digital wallet,in-store,2023-08-11,2023.0,8.0,11.0
6874059,salad,4.0,5.0,20.0,,takeaway,2023-01-12,2023.0,1.0,12.0
3843111,smoothie,2.0,4.0,8.0,,,2023-09-15,2023.0,9.0,15.0
8916446,cookie,2.0,1.0,2.0,cash,,2023-07-19,2023.0,7.0,19.0
1823906,salad,3.0,5.0,15.0,digital wallet,in-store,2023-06-26,2023.0,6.0,26.0
2927941,,4.0,4.0,16.0,credit card,takeaway,2023-08-29,2023.0,8.0,29.0
5972836,,3.0,4.0,12.0,cash,takeaway,2023-02-14,2023.0,2.0,14.0
7484638,sandwich,3.0,4.0,12.0,digital wallet,in-store,2023-10-17,2023.0,10.0,17.0
2073647,,3.0,4.0,12.0,,in-store,2023-09-01,2023.0,9.0,1.0
1610137,coffee,3.0,2.0,6.0,cash,takeaway,2023-04-02,2023.0,4.0,2.0
9094628,coffee,2.0,2.0,4.0,,in-store,2023-02-13,2023.0,2.0,13.0
2262195,smoothie,3.0,4.0,12.0,cash,,2023-10-13,2023.0,10.0,13.0
8047234,juice,3.0,3.0,9.0,credit card,,2023-08-29,2023.0,8.0,29.0
7108012,tea,1.0,1.5,1.5,digital wallet,takeaway,2023-12-31,2023.0,12.0,31.0
3272946,salad,3.0,5.0,15.0,credit card,in-store,2023-09-06,2023.0,9.0,6.0
6896663,cake,3.0,3.0,9.0,,in-store,2023-05-16,2023.0,5.0,16.0
7308096,tea,2.0,1.5,3.0,cash,takeaway,2023-08-13,2023.0,8.0,13.0
3607778,smoothie,2.0,4.0,8.0,cash,,2023-11-20,2023.0,11.0,20.0
7105069,coffee,1.0,2.0,2.0,cash,takeaway,2023-12-06,2023.0,12.0,6.0
7461544,cookie,4.0,1.0,4.0,credit card,,2023-08-22,2023.0,8.0,22.0
5853281,coffee,4.0,2.0,8.0,,,2023-08-29,2023.0,8.0,29.0
5488764,coffee,4.0,2.0,8.0,digital wallet,takeaway,2023-06-30,2023.0,6.0,30.0
4268746,cake,5.0,3.0,15.0,credit card,in-store,2023-01-12,2023.0,1.0,12.0
1767872,salad,2.0,5.0,10.0,credit card,in-store,2023-01-05,2023.0,1.0,5.0
9684822,juice,1.0,3.0,3.0,,,2023-11-18,2023.0,11.0,18.0
7208983,salad,1.0,5.0,5.0,digital wallet,in-store,2023-09-28,2023.0,9.0,28.0
8704128,juice,5.0,3.0,15.0,,,2023-02-25,2023.0,2.0,25.0
7971660,cookie,3.0,1.0,3.0,cash,takeaway,2023-10-02,2023.0,10.0,2.0
6179190,coffee,1.0,2.0,2.0,,takeaway,2023-07-23,2023.0,7.0,23.0
9271577,cake,2.0,3.0,6.0,credit card,in-store,2023-04-13,2023.0,4.0,13.0
3016203,,1.0,5.0,5.0,cash,in-store,2023-06-16,2023.0,6.0,16.0
6440555,smoothie,1.0,4.0,4.0,cash,in-store,2023-07-11,2023.0,7.0,11.0
5635779,,5.0,3.0,15.0,cash,in-store,2023-07-01,2023.0,7.0,1.0
1022126,tea,,1.5,,,,,,,
9839214,juice,1.0,3.0,3.0,digital wallet,,2023-12-25,2023.0,12.0,25.0
7368194,smoothie,2.0,4.0,8.0,credit card,in-store,2023-10-29,2023.0,10.0,29.0
1328230,sandwich,5.0,4.0,20.0,cash,,2023-02-03,2023.0,2.0,3.0
9789310,sandwich,4.0,4.0,16.0,credit card,in-store,2023-05-09,2023.0,5.0,9.0
6425706,juice,1.0,3.0,3.0,,takeaway,2023-12-09,2023.0,12.0,9.0
5996973,sandwich,5.0,4.0,20.0,,in-store,2023-05-02,2023.0,5.0,2.0
2561970,sandwich,3.0,4.0,12.0,,in-store,2023-03-16,2023.0,3.0,16.0
7137256,sandwich,2.0,4.0,8.0,cash,,2023-06-22,2023.0,6.0,22.0
5926982,coffee,4.0,2.0,8.0,,takeaway,2023-05-16,2023.0,5.0,16.0
3398611,sandwich,5.0,4.0,20.0,cash,,2023-10-01,2023.0,10.0,1.0
4539758,sandwich,3.0,4.0,12.0,,in-store,2023-06-01,2023.0,6.0,1.0
6259087,sandwich,2.0,4.0,8.0,digital wallet,in-store,2023-12-27,2023.0,12.0,27.0
8152941,coffee,3.0,2.0,6.0,,takeaway,,,,
2987590,sandwich,5.0,4.0,20.0,,in-store,2023-02-17,2023.0,2.0,17.0
6687029,sandwich,2.0,,,credit card,in-store,2023-08-23,2023.0,8.0,23.0
1199898,smoothie,1.0,4.0,4.0,credit card,,2023-10-26,2023.0,10.0,26.0
4787990,cookie,3.0,1.0,3.0,digital wallet,,2023-02-04,2023.0,2.0,4.0
9606045,tea,2.0,1.5,3.0,digital wallet,,2023-10-14,2023.0,10.0,14.0
1569248,tea,1.0,1.5,1.5,credit card,,2023-11-14,2023.0,11.0,14.0
1151605,coffee,1.0,2.0,2.0,digital wallet,takeaway,2023-05-02,2023.0,5.0,2.0
4602430,sandwich,3.0,4.0,12.0,credit card,in-store,2023-01-31,2023.0,1.0,31.0
3232043,tea,2.0,1.5,3.0,,in-store,2023-07-05,2023.0,7.0,5.0
3251340,salad,4.0,5.0,20.0,,in-store,2023-06-18,2023.0,6.0,18.0
7412782,cookie,2.0,1.0,2.0,digital wallet,takeaway,2023-03-28,2023.0,3.0,28.0
5663260,sandwich,4.0,,,digital wallet,,2023-10-08,2023.0,10.0,8.0
5570967,coffee,1.0,2.0,2.0,credit card,in-store,2023-12-12,2023.0,12.0,12.0
8271541,smoothie,2.0,4.0,8.0,,,2023-09-07,2023.0,9.0,7.0
2238658,tea,,1.5,,,takeaway,2023-08-11,2023.0,8.0,11.0
2564718,salad,5.0,5.0,25.0,,takeaway,2023-10-10,2023.0,10.0,10.0
9050127,sandwich,,4.0,,credit card,takeaway,2023-02-26,2023.0,2.0,26.0
6533450,smoothie,1.0,4.0,4.0,,in-store,2023-11-22,2023.0,11.0,22.0
8046891,coffee,1.0,2.0,2.0,credit card,takeaway,2023-02-24,2023.0,2.0,24.0
7770487,smoothie,1.0,4.0,4.0,cash,in-store,2023-08-09,2023.0,8.0,9.0
2279313,cookie,2.0,,,digital wallet,in-store,2023-08-23,2023.0,8.0,23.0
9943050,tea,1.0,1.5,1.5,digital wallet,takeaway,2023-05-16,2023.0,5.0,16.0
2694605,cookie,2.0,1.0,2.0,credit card,takeaway,2023-11-09,2023.0,11.0,9.0
2161957,cookie,2.0,1.0,2.0,,takeaway,2023-05-19,2023.0,5.0,19.0
3647474,coffee,4.0,2.0,8.0,,takeaway,2023-05-05,2023.0,5.0,5.0
4877601,,2.0,1.0,2.0,,,2023-07-14,2023.0,7.0,14.0
7868470,juice,3.0,,,digital wallet,,2023-04-14,2023.0,4.0,14.0
1927704,salad,2.0,5.0,10.0,digital wallet,in-store,2023-01-05,2023.0,1.0,5.0
4819416,salad,3.0,,,,,2023-06-01,2023.0,6.0,1.0
8076152,tea,4.0,1.5,6.0,digital wallet,,2023-12-18,2023.0,12.0,18.0
9409405,,3.0,2.0,6.0,digital wallet,in-store,2023-02-11,2023.0,2.0,11.0
4055876,,3.0,5.0,15.0,credit card,in-store,2023-10-15,2023.0,10.0,15.0
1929398,sandwich,1.0,4.0,4.0,digital wallet,in-store,2023-02-23,2023.0,2.0,23.0
2131494,salad,2.0,5.0,10.0,cash,,2023-02-27,2023.0,2.0,27.0
3093284,coffee,4.0,2.0,8.0,digital wallet,in-store,2023-01-01,2023.0,1.0,1.0
3679245,smoothie,4.0,4.0,16.0,,in-store,2023-09-16,2023.0,9.0,16.0
2276426,juice,5.0,3.0,15.0,credit card,in-store,2023-10-21,2023.0,10.0,21.0
9608095,coffee,1.0,2.0,2.0,credit card,in-store,2023-12-07,2023.0,12.0,7.0
9587704,juice,5.0,3.0,15.0,cash,takeaway,2023-07-29,2023.0,7.0,29.0
9863114,juice,,3.0,,,takeaway,2023-02-01,2023.0,2.0,1.0
2372348,cake,2.0,3.0,6.0,digital wallet,takeaway,2023-01-05,2023.0,1.0,5.0
6660602,,4.0,5.0,20.0,,takeaway,2023-05-20,2023.0,5.0,20.0
3386311,juice,1.0,3.0,3.0,cash,in-store,2023-11-30,2023.0,11.0,30.0
7049149,,4.0,4.0,16.0,,,2023-08-27,2023.0,8.0,27.0
4112230,smoothie,5.0,4.0,20.0,,takeaway,2023-11-19,2023.0,11.0,19.0
1675510,sandwich,3.0,4.0,12.0,,,2023-09-09,2023.0,9.0,9.0
5853158,,,4.0,,cash,takeaway,2023-09-25,2023.0,9.0,25.0
4187673,juice,2.0,3.0,6.0,digital wallet,,2023-04-02,2023.0,4.0,2.0
3017494,tea,1.0,1.5,1.5,,takeaway,2023-11-21,2023.0,11.0,21.0
8086161,sandwich,,4.0,,cash,in-store,2023-03-10,2023.0,3.0,10.0
5729112,coffee,1.0,2.0,2.0,credit card,,2023-06-30,2023.0,6.0,30.0
4613595,salad,3.0,5.0,15.0,credit card,takeaway,2023-07-07,2023.0,7.0,7.0
4152991,sandwich,5.0,4.0,20.0,digital wallet,takeaway,2023-12-17,2023.0,12.0,17.0
1196324,tea,4.0,1.5,6.0,credit card,in-store,2023-09-26,2023.0,9.0,26.0
5944318,cookie,1.0,1.0,1.0,cash,,2023-01-23,2023.0,1.0,23.0
5148823,juice,1.0,3.0,3.0,digital wallet,,2023-03-27,2023.0,3.0,27.0
2887528,,2.0,3.0,6.0,,,2023-04-23,2023.0,4.0,23.0
7312736,cookie,2.0,1.0,2.0,digital wallet,,2023-12-02,2023.0,12.0,2.0
5775717,tea,3.0,,,,takeaway,2023-08-02,2023.0,8.0,2.0
4442095,salad,4.0,5.0,20.0,digital wallet,,2023-02-18,2023.0,2.0,18.0
6621007,cake,2.0,3.0,6.0,digital wallet,takeaway,2023-03-05,2023.0,3.0,5.0
6740691,tea,1.0,1.5,1.5,cash,,2023-07-06,2023.0,7.0,6.0
2548742,salad,5.0,5.0,25.0,digital wallet,,,,,
4359568,coffee,3.0,2.0,6.0,,,2023-12-21,2023.0,12.0,21.0
3941164,coffee,4.0,2.0,8.0,,,2023-04-16,2023.0,4.0,16.0
5244931,coffee,1.0,,,,,2023-09-30,2023.0,9.0,30.0
8181326,tea,5.0,1.5,7.5,cash,,2023-02-28,2023.0,2.0,28.0
8912589,smoothie,3.0,4.0,12.0,cash,,2023-10-19,2023.0,10.0,19.0
1234390,cake,2.0,3.0,6.0,digital wallet,takeaway,2023-06-02,2023.0,6.0,2.0
5336437,tea,5.0,1.5,7.5,credit card,,2023-05-07,2023.0,5.0,7.0
6271633,juice,2.0,3.0,6.0,digital wallet,in-store,2023-03-07,2023.0,3.0,7.0
4805204,tea,5.0,1.5,7.5,digital wallet,in-store,2023-04-25,2023.0,4.0,25.0
3094786,sandwich,4.0,4.0,16.0,credit card,takeaway,2023-01-16,2023.0,1.0,16.0
7082667,,4.0,5.0,20.0,cash,in-store,2023-08-03,2023.0,8.0,3.0
4807049,cookie,1.0,1.0,1.0,credit card,,2023-06-07,2023.0,6.0,7.0
1840584,cake,5.0,3.0,15.0,digital wallet,,2023-05-28,2023.0,5.0,28.0
8030379,salad,4.0,5.0,20.0,cash,in-store,2023-07-21,2023.0,7.0,21.0
7746634,cake,5.0,3.0,15.0,digital wallet,in-store,2023-07-04,2023.0,7.0,4.0
2361290,salad,4.0,5.0,20.0,cash,,2023-07-16,2023.0,7.0,16.0
7133645,sandwich,5.0,4.0,20.0,credit card,takeaway,,,,
3654299,coffee,1.0,,,cash,takeaway,2023-09-19,2023.0,9.0,19.0
8811945,,1.0,5.0,5.0,,,2023-02-18,2023.0,2.0,18.0
8659963,cake,4.0,3.0,12.0,cash,takeaway,2023-01-21,2023.0,1.0,21.0
3676131,coffee,3.0,2.0,6.0,,,2023-09-11,2023.0,9.0,11.0
2935758,smoothie,1.0,4.0,4.0,credit card,in-store,2023-09-03,2023.0,9.0,3.0
1711730,juice,5.0,3.0,15.0,,takeaway,2023-06-01,2023.0,6.0,1.0
8659575,,2.0,1.5,3.0,digital wallet,,2023-12-17,2023.0,12.0,17.0
5360210,tea,5.0,1.5,7.5,cash,takeaway,2023-06-29,2023.0,6.0,29.0
7970325,cake,2.0,3.0,6.0,,takeaway,2023-03-13,2023.0,3.0,13.0
8521037,sandwich,1.0,4.0,4.0,,in-store,2023-11-21,2023.0,11.0,21.0
5473680,coffee,3.0,2.0,6.0,credit card,takeaway,2023-12-24,2023.0,12.0,24.0
6830192,,3.0,3.0,9.0,digital wallet,,2023-08-02,2023.0,8.0,2.0
5999810,,4.0,4.0,16.0,credit card,takeaway,2023-06-19,2023.0,6.0,19.0
6677631,tea,5.0,1.5,7.5,digital wallet,in-store,2023-12-14,2023.0,12.0,14.0
9775900,juice,4.0,3.0,12.0,digital wallet,in-store,2023-08-29,2023.0,8.0,29.0
2097072,tea,4.0,1.5,6.0,,in-store,,,,
2408143,coffee,2.0,2.0,4.0,digital wallet,,2023-11-15,2023.0,11.0,15.0
6383779,coffee,1.0,2.0,2.0,,,2023-11-29,2023.0,11.0,29.0
1342359,cake,4.0,3.0,12.0,cash,takeaway,2023-07-14,2023.0,7.0,14.0
6975499,coffee,1.0,2.0,2.0,digital wallet,in-store,2023-07-03,2023.0,7.0,3.0
9861083,sandwich,5.0,4.0,20.0,credit card,in-store,2023-01-21,2023.0,1.0,21.0
8100384,sandwich,,4.0,,cash,,2023-11-08,2023.0,11.0,8.0
3762778,coffee,5.0,2.0,10.0,,,2023-06-14,2023.0,6.0,14.0
4548698,salad,2.0,5.0,10.0,cash,takeaway,2023-03-04,2023.0,3.0,4.0
8735820,tea,2.0,1.5,3.0,credit card,takeaway,2023-12-08,2023.0,12.0,8.0
8803798,smoothie,4.0,4.0,16.0,,,2023-07-14,2023.0,7.0,14.0
1950008,smoothie,4.0,4.0,16.0,digital wallet,in-store,2023-07-24,2023.0,7.0,24.0
3894173,sandwich,5.0,4.0,20.0,digital wallet,takeaway,2023-10-07,2023.0,10.0,7.0
3630892,,4.0,1.0,4.0,,takeaway,2023-01-31,2023.0,1.0,31.0
7436097,,5.0,2.0,10.0,,,2023-10-25,2023.0,10.0,25.0
4307602,,4.0,1.0,4.0,cash,in-store,2023-12-30,2023.0,12.0,30.0
2394502,cookie,4.0,,,digital wallet,in-store,2023-12-22,2023.0,12.0,22.0
5308047,cookie,,,,credit card,,2023-10-28,2023.0,10.0,28.0
5929797,sandwich,1.0,4.0,4.0,credit card,in-store,2023-05-12,2023.0,5.0,12.0
1228927,tea,2.0,1.5,3.0,credit card,,2023-11-28,2023.0,11.0,28.0
6486912,tea,2.0,1.5,3.0,,,2023-05-10,2023.0,5.0,10.0
3447069,juice,2.0,3.0,6.0,credit card,,2023-03-11,2023.0,3.0,11.0
8219298,juice,5.0,3.0,15.0,credit card,,2023-09-01,2023.0,9.0,1.0
1010950,cookie,,1.0,,digital wallet,takeaway,2023-01-07,2023.0,1.0,7.0
6376329,cake,1.0,3.0,3.0,,takeaway,2023-03-30,2023.0,3.0,30.0
1897783,smoothie,3.0,4.0,12.0,cash,,2023-02-02,2023.0,2.0,2.0
4831525,cookie,3.0,,,,,2023-08-05,2023.0,8.0,5.0
2767034,salad,4.0,5.0,20.0,cash,,2023-08-12,2023.0,8.0,12.0
9365766,cake,4.0,3.0,12.0,digital wallet,in-store,2023-02-13,2023.0,2.0,13.0
5680396,sandwich,2.0,4.0,8.0,digital wallet,,2023-12-21,2023.0,12.0,21.0
3071092,coffee,,,,,,2023-09-08,2023.0,9.0,8.0
6205234,cake,5.0,3.0,15.0,digital wallet,,2023-04-09,2023.0,4.0,9.0
4489757,smoothie,5.0,4.0,20.0,credit card,,2023-05-03,2023.0,5.0,3.0
8362750,salad,4.0,5.0,20.0,,in-store,2023-04-01,2023.0,4.0,1.0
2422584,tea,1.0,1.5,1.5,cash,in-store,2023-11-28,2023.0,11.0,28.0
3966911,tea,3.0,1.5,4.5,credit card,,2023-07-16,2023.0,7.0,16.0
6880338,cake,3.0,3.0,9.0,digital wallet,takeaway,2023-11-06,2023.0,11.0,6.0
9362958,juice,1.0,3.0,3.0,cash,in-store,2023-07-19,2023.0,7.0,19.0
6815741,smoothie,2.0,,,,,2023-03-13,2023.0,3.0,13.0
4032956,coffee,5.0,2.0,10.0,credit card,,2023-03-15,2023.0,3.0,15.0
7894069,juice,2.0,3.0,6.0,digital wallet,in-store,2023-11-20,2023.0,11.0,20.0
5296578,coffee,1.0,2.0,2.0,credit card,takeaway,2023-04-15,2023.0,4.0,15.0
2522047,salad,1.0,,,,takeaway,2023-12-05,2023.0,12.0,5.0
8211303,salad,5.0,5.0,25.0,,,2023-08-26,2023.0,8.0,26.0
8472252,smoothie,1.0,4.0,4.0,,,2023-02-04,2023.0,2.0,4.0
2435025,juice,1.0,3.0,3.0,cash,in-store,2023-10-08,2023.0,10.0,8.0
5179156,coffee,5.0,2.0,10.0,,in-store,2023-10-25,2023.0,10.0,25.0
4197090,juice,3.0,3.0,9.0,credit card,takeaway,2023-11-17,2023.0,11.0,17.0
4209626,,5.0,4.0,20.0,credit card,,2023-07-04,2023.0,7.0,4.0
8639995,,3.0,4.0,12.0,cash,,2023-04-18,2023.0,4.0,18.0
1777171,coffee,2.0,2.0,4.0,,in-store,2023-08-17,2023.0,8.0,17.0
5706734,juice,1.0,3.0,3.0,cash,,2023-09-09,2023.0,9.0,9.0
6228847,smoothie,3.0,4.0,12.0,cash,,2023-01-13,2023.0,1.0,13.0
6479368,smoothie,2.0,4.0,8.0,credit card,takeaway,2023-09-08,2023.0,9.0,8.0
6991528,cookie,3.0,1.0,3.0,digital wallet,takeaway,2023-08-17,2023.0,8.0,17.0
2154866,tea,2.0,1.5,3.0,credit card,takeaway,2023-08-11,2023.0,8.0,11.0
1333524,cake,2.0,3.0,6.0,credit card,,2023-05-05,2023.0,5.0,5.0
4367044,smoothie,,4.0,,cash,,2023-05-02,2023.0,5.0,2.0
8903514,salad,4.0,5.0,20.0,,takeaway,2023-09-14,2023.0,9.0,14.0
5762828,tea,2.0,1.5,3.0,digital wallet,,2023-03-23,2023.0,3.0,23.0
2099497,juice,1.0,3.0,3.0,,takeaway,2023-02-27,2023.0,2.0,27.0
5679935,coffee,2.0,2.0,4.0,credit card,,2023-07-19,2023.0,7.0,19.0
5236861,coffee,4.0,2.0,8.0,cash,takeaway,2023-10-27,2023.0,10.0,27.0
9433035,sandwich,1.0,4.0,4.0,cash,in-store,2023-03-26,2023.0,3.0,26.0
4239051,juice,2.0,3.0,6.0,cash,,2023-09-30,2023.0,9.0,30.0
2970600,salad,1.0,5.0,5.0,credit card,in-store,2023-08-18,2023.0,8.0,18.0
6226412,juice,3.0,3.0,9.0,,takeaway,2023-03-20,2023.0,3.0,20.0
2634805,,4.0,1.0,4.0,digital wallet,takeaway,2023-06-25,2023.0,6.0,25.0
7543525,tea,4.0,1.5,6.0,credit card,takeaway,,,,
2571835,salad,3.0,5.0,15.0,,in-store,2023-03-03,2023.0,3.0,3.0
5376589,coffee,5.0,2.0,10.0,cash,takeaway,,,,
3984842,tea,4.0,1.5,6.0,credit card,takeaway,2023-03-22,2023.0,3.0,22.0
1191068,salad,1.0,5.0,5.0,,,2023-05-19,2023.0,5.0,19.0
9154713,coffee,4.0,,,credit card,in-store,2023-03-13,2023.0,3.0,13.0
2897727,smoothie,5.0,4.0,20.0,credit card,takeaway,2023-02-15,2023.0,2.0,15.0
3801179,juice,2.0,3.0,6.0,cash,in-store,2023-12-07,2023.0,12.0,7.0
7116267,smoothie,4.0,4.0,16.0,,,2023-07-29,2023.0,7.0,29.0
9878237,cake,1.0,3.0,3.0,credit card,,2023-10-06,2023.0,10.0,6.0
2153838,tea,4.0,1.5,6.0,digital wallet,in-store,2023-12-19,2023.0,12.0,19.0
7835785,salad,1.0,5.0,5.0,cash,in-store,2023-10-12,2023.0,10.0,12.0
5335079,cake,1.0,3.0,3.0,cash,in-store,2023-02-20,2023.0,2.0,20.0
7521634,,3.0,1.0,3.0,,takeaway,2023-01-22,2023.0,1.0,22.0
2174821,coffee,1.0,2.0,2.0,,,2023-11-08,2023.0,11.0,8.0
5951573,salad,3.0,5.0,15.0,cash,,2023-12-22,2023.0,12.0,22.0
4612146,cake,3.0,3.0,9.0,cash,,2023-12-31,2023.0,12.0,31.0
7954368,cake,3.0,3.0,9.0,credit card,,2023-10-06,2023.0,10.0,6.0
7898391,salad,4.0,5.0,20.0,credit card,,2023-02-26,2023.0,2.0,26.0
5746800,coffee,4.0,2.0,8.0,credit card,takeaway,2023-07-04,2023.0,7.0,4.0
4630658,smoothie,1.0,4.0,4.0,cash,takeaway,2023-07-10,2023.0,7.0,10.0
6096492,sandwich,5.0,4.0,20.0,,takeaway,2023-12-23,2023.0,12.0,23.0
8918905,cookie,5.0,1.0,5.0,digital wallet,in-store,2023-06-05,2023.0,6.0,5.0
5906365,cookie,1.0,1.0,1.0,,,2023-03-13,2023.0,3.0,13.0
3956062,coffee,3.0,2.0,6.0,,takeaway,2023-06-04,2023.0,6.0,4.0
6610487,coffee,5.0,2.0,10.0,digital wallet,takeaway,2023-09-18,2023.0,9.0,18.0
1381818,juice,4.0,3.0,12.0,credit card,,,,,
7821658,coffee,5.0,2.0,10.0,,in-store,2023-09-03,2023.0,9.0,3.0
6396940,cookie,2.0,1.0,2.0,credit card,takeaway,2023-02-26,2023.0,2.0,26.0
2556368,smoothie,1.0,4.0,4.0,digital wallet,,2023-10-26,2023.0,10.0,26.0
7655838,juice,3.0,3.0,9.0,digital wallet,,2023-01-22,2023.0,1.0,22.0
7241859,cookie,1.0,1.0,1.0,,,,,,
2807590,smoothie,4.0,4.0,16.0,cash,takeaway,2023-09-05,2023.0,9.0,5.0
7252860,cookie,3.0,,,digital wallet,takeaway,2023-06-18,2023.0,6.0,18.0
5381129,cookie,5.0,1.0,5.0,,,2023-04-20,2023.0,4.0,20.0
1474329,smoothie,2.0,4.0,8.0,digital wallet,takeaway,2023-03-02,2023.0,3.0,2.0
5935394,coffee,4.0,2.0,8.0,digital wallet,,2023-04-16,2023.0,4.0,16.0
1488458,coffee,4.0,2.0,8.0,,,2023-08-21,2023.0,8.0,21.0
7964661,cake,3.0,3.0,9.0,cash,,2023-04-01,2023.0,4.0,1.0
2798736,sandwich,2.0,4.0,8.0,digital wallet,in-store,2023-01-15,2023.0,1.0,15.0
5007051,salad,2.0,5.0,10.0,digital wallet,,2023-12-26,2023.0,12.0,26.0
2325141,tea,3.0,1.5,4.5,digital wallet,,2023-08-26,2023.0,8.0,26.0
1489194,coffee,3.0,2.0,6.0,digital wallet,takeaway,2023-07-18,2023.0,7.0,18.0
9531201,sandwich,2.0,4.0,8.0,,,2023-05-28,2023.0,5.0,28.0
7627772,sandwich,4.0,4.0,16.0,credit card,takeaway,2023-10-22,2023.0,10.0,22.0
4349970,cookie,5.0,1.0,5.0,,in-store,2023-05-25,2023.0,5.0,25.0
3936883,coffee,2.0,2.0,4.0,digital wallet,in-store,2023-09-08,2023.0,9.0,8.0
1817275,salad,2.0,5.0,10.0,cash,in-store,2023-09-02,2023.0,9.0,2.0
8018272,smoothie,4.0,4.0,16.0,,,2023-03-01,2023.0,3.0,1.0
3617989,sandwich,3.0,4.0,12.0,credit card,takeaway,2023-09-29,2023.0,9.0,29.0
1566564,cookie,3.0,1.0,3.0,credit card,takeaway,2023-09-08,2023.0,9.0,8.0
5170047,salad,4.0,5.0,20.0,cash,,2023-12-15,2023.0,12.0,15.0
6513163,cake,2.0,3.0,6.0,digital wallet,takeaway,2023-04-01,2023.0,4.0,1.0
7014478,smoothie,5.0,4.0,20.0,cash,,2023-04-26,2023.0,4.0,26.0
9929732,sandwich,4.0,4.0,16.0,credit card,,2023-10-04,2023.0,10.0,4.0
2346362,juice,4.0,3.0,12.0,,in-store,2023-12-30,2023.0,12.0,30.0
6748232,,2.0,4.0,8.0,credit card,in-store,,,,
9039882,smoothie,4.0,4.0,16.0,,in-store,2023-08-31,2023.0,8.0,31.0
7440057,juice,1.0,3.0,3.0,credit card,,2023-07-05,2023.0,7.0,5.0
9894831,cake,5.0,3.0,15.0,,,2023-07-05,2023.0,7.0,5.0
2911863,sandwich,2.0,4.0,8.0,credit card,takeaway,2023-07-09,2023.0,7.0,9.0
1991987,cake,3.0,3.0,9.0,credit card,in-store,2023-10-22,2023.0,10.0,22.0
7232524,cookie,3.0,1.0,3.0,cash,in-store,2023-12-23,2023.0,12.0,23.0
5315665,tea,3.0,1.5,4.5,credit card,,,,,
7476348,coffee,2.0,2.0,4.0,,in-store,2023-10-09,2023.0,10.0,9.0
4165923,sandwich,3.0,4.0,12.0,,takeaway,2023-03-14,2023.0,3.0,14.0
1467367,sandwich,3.0,4.0,12.0,,,2023-02-18,2023.0,2.0,18.0
2018943,smoothie,,4.0,,,,2023-05-27,2023.0,5.0,27.0
4234636,smoothie,1.0,4.0,4.0,credit card,in-store,2023-01-30,2023.0,1.0,30.0
4750383,coffee,2.0,2.0,4.0,cash,,2023-06-30,2023.0,6.0,30.0
5100579,,2.0,1.0,2.0,cash,takeaway,2023-10-08,2023.0,10.0,8.0
1701465,cake,1.0,3.0,3.0,cash,,2023-06-15,2023.0,6.0,15.0
8941409,cake,3.0,3.0,9.0,,,2023-11-12,2023.0,11.0,12.0
9598764,juice,,3.0,,credit card,in-store,2023-09-06,2023.0,9.0,6.0
2834323,,1.0,1.5,1.5,digital wallet,takeaway,2023-05-13,2023.0,5.0,13.0
2480488,juice,2.0,3.0,6.0,cash,takeaway,2023-03-01,2023.0,3.0,1.0
6158834,coffee,2.0,2.0,4.0,credit card,,2023-09-23,2023.0,9.0,23.0
2345326,cookie,,1.0,,digital wallet,takeaway,2023-01-29,2023.0,1.0,29.0
8872103,smoothie,,4.0,,digital wallet,in-store,2023-07-02,2023.0,7.0,2.0
9773646,cake,4.0,3.0,12.0,credit card,takeaway,2023-04-01,2023.0,4.0,1.0
1442096,cookie,3.0,1.0,3.0,credit card,in-store,2023-06-27,2023.0,6.0,27.0
2337888,coffee,1.0,2.0,2.0,credit card,in-store,2023-02-10,2023.0,2.0,10.0
8297751,salad,3.0,5.0,15.0,cash,takeaway,2023-04-08,2023.0,4.0,8.0
9675838,cake,2.0,3.0,6.0,digital wallet,,2023-02-06,2023.0,2.0,6.0
9241048,cake,4.0,3.0,12.0,credit card,in-store,2023-08-27,2023.0,8.0,27.0
1978687,juice,2.0,3.0,6.0,,,2023-12-13,2023.0,12.0,13.0
7548260,juice,2.0,3.0,6.0,cash,takeaway,2023-02-27,2023.0,2.0,27.0
7047040,salad,2.0,5.0,10.0,,,2023-02-16,2023.0,2.0,16.0
1234907,juice,1.0,3.0,3.0,credit card,in-store,2023-05-02,2023.0,5.0,2.0
8821839,sandwich,5.0,4.0,20.0,,takeaway,2023-11-11,2023.0,11.0,11.0
7543765,cake,1.0,3.0,3.0,,,2023-10-26,2023.0,10.0,26.0
7317475,salad,4.0,5.0,20.0,cash,takeaway,2023-06-21,2023.0,6.0,21.0
9786525,cake,5.0,3.0,15.0,,takeaway,2023-02-19,2023.0,2.0,19.0
9874256,juice,3.0,3.0,9.0,,,2023-02-17,2023.0,2.0,17.0
3120637,sandwich,3.0,4.0,12.0,,takeaway,2023-08-11,2023.0,8.0,11.0
6754546,cake,3.0,3.0,9.0,,,2023-02-19,2023.0,2.0,19.0
1317114,cookie,2.0,1.0,2.0,digital wallet,takeaway,2023-11-06,2023.0,11.0,6.0
3897788,juice,,3.0,,digital wallet,in-store,2023-10-26,2023.0,10.0,26.0
8046087,cake,2.0,3.0,6.0,,takeaway,2023-04-15,2023.0,4.0,15.0
6655017,smoothie,4.0,4.0,16.0,cash,takeaway,2023-12-04,2023.0,12.0,4.0
6610162,cake,,3.0,,digital wallet,,2023-03-18,2023.0,3.0,18.0
7478306,tea,2.0,1.5,3.0,digital wallet,in-store,2023-06-14,2023.0,6.0,14.0
3163567,salad,2.0,5.0,10.0,digital wallet,takeaway,2023-06-01,2023.0,6.0,1.0
6420900,tea,3.0,1.5,4.5,,,2023-09-18,2023.0,9.0,18.0
2526267,sandwich,,4.0,,cash,in-store,2023-04-06,2023.0,4.0,6.0
3954378,tea,4.0,1.5,6.0,cash,,2023-08-21,2023.0,8.0,21.0
5138053,sandwich,5.0,4.0,20.0,,takeaway,2023-02-16,2023.0,2.0,16.0
9890279,smoothie,4.0,,,,in-store,2023-09-06,2023.0,9.0,6.0
3456057,sandwich,1.0,4.0,4.0,,takeaway,,,,
9626920,,2.0,1.5,3.0,,in-store,2023-12-16,2023.0,12.0,16.0
7213830,,5.0,3.0,15.0,credit card,,2023-08-04,2023.0,8.0,4.0
4224350,tea,2.0,1.5,3.0,,in-store,2023-07-09,2023.0,7.0,9.0
7763212,sandwich,1.0,4.0,4.0,credit card,,2023-01-10,2023.0,1.0,10.0
6889357,salad,1.0,5.0,5.0,cash,takeaway,2023-03-08,2023.0,3.0,8.0
8565218,cake,1.0,3.0,3.0,digital wallet,,2023-05-03,2023.0,5.0,3.0
8235675,tea,1.0,1.5,1.5,credit card,,2023-08-08,2023.0,8.0,8.0
6323915,tea,3.0,1.5,4.5,credit card,in-store,2023-02-09,2023.0,2.0,9.0
4704321,cake,3.0,3.0,9.0,cash,,,,,
3232227,cookie,4.0,1.0,4.0,,takeaway,2023-03-30,2023.0,3.0,30.0
2931403,juice,2.0,3.0,6.0,credit card,in-store,2023-05-29,2023.0,5.0,29.0
8036247,coffee,1.0,2.0,2.0,credit card,takeaway,2023-09-29,2023.0,9.0,29.0
4143264,salad,1.0,5.0,5.0,credit card,takeaway,2023-08-17,2023.0,8.0,17.0
3709117,smoothie,5.0,4.0,20.0,cash,,2023-02-04,2023.0,2.0,4.0
5124519,smoothie,3.0,4.0,12.0,credit card,in-store,2023-09-07,2023.0,9.0,7.0
1529845,juice,3.0,3.0,9.0,credit card,in-store,2023-01-25,2023.0,1.0,25.0
4615245,sandwich,4.0,4.0,16.0,,,2023-04-26,2023.0,4.0,26.0
1464694,sandwich,1.0,4.0,4.0,,in-store,2023-07-23,2023.0,7.0,23.0
2674372,cookie,4.0,1.0,4.0,credit card,takeaway,2023-11-14,2023.0,11.0,14.0
7215900,coffee,3.0,2.0,6.0,cash,takeaway,2023-08-26,2023.0,8.0,26.0
5578380,tea,,1.5,,,in-store,,,,
6622980,salad,4.0,5.0,20.0,digital wallet,takeaway,2023-09-26,2023.0,9.0,26.0
5744026,salad,4.0,5.0,20.0,,,2023-04-03,2023.0,4.0,3.0
1759314,salad,5.0,5.0,25.0,,,2023-08-23,2023.0,8.0,23.0
2050630,cookie,3.0,1.0,3.0,,takeaway,2023-01-18,2023.0,1.0,18.0
3447575,sandwich,4.0,4.0,16.0,credit card,takeaway,2023-01-17,2023.0,1.0,17.0
1131785,sandwich,1.0,4.0,4.0,cash,,2023-12-19,2023.0,12.0,19.0
8572783,salad,3.0,5.0,15.0,,,2023-03-29,2023.0,3.0,29.0
7928378,,3.0,,,cash,,2023-07-04,2023.0,7.0,4.0
4284507,smoothie,4.0,4.0,16.0,,,2023-07-17,2023.0,7.0,17.0
9819697,smoothie,3.0,4.0,12.0,digital wallet,in-store,2023-05-16,2023.0,5.0,16.0
1731476,sandwich,1.0,4.0,4.0,digital wallet,takeaway,2023-04-19,2023.0,4.0,19.0
4152262,,2.0,5.0,10.0,digital wallet,in-store,2023-06-19,2023.0,6.0,19.0
1721342,smoothie,5.0,4.0,20.0,digital wallet,in-store,2023-08-23,2023.0,8.0,23.0
7278328,smoothie,1.0,4.0,4.0,credit card,,2023-01-29,2023.0,1.0,29.0
6037924,coffee,4.0,2.0,8.0,,takeaway,2023-11-14,2023.0,11.0,14.0
7046631,,4.0,2.0,8.0,digital wallet,in-store,2023-05-18,2023.0,5.0,18.0
7979028,sandwich,3.0,4.0,12.0,cash,takeaway,2023-07-12,2023.0,7.0,12.0
2474395,smoothie,4.0,4.0,16.0,digital wallet,takeaway,2023-12-28,2023.0,12.0,28.0
9168898,juice,2.0,3.0,6.0,cash,takeaway,2023-09-28,2023.0,9.0,28.0
9675940,juice,5.0,3.0,15.0,credit card,in-store,2023-06-02,2023.0,6.0,2.0
3618603,salad,4.0,5.0,20.0,cash,,2023-03-19,2023.0,3.0,19.0
9653377,sandwich,2.0,4.0,8.0,,takeaway,2023-07-31,2023.0,7.0,31.0
1326993,cookie,3.0,1.0,3.0,,in-store,2023-12-30,2023.0,12.0,30.0
7427357,cake,4.0,3.0,12.0,digital wallet,in-store,2023-10-31,2023.0,10.0,31.0
5806624,cookie,5.0,1.0,5.0,credit card,in-store,2023-07-09,2023.0,7.0,9.0
8329144,,2.0,4.0,8.0,digital wallet,in-store,2023-03-04,2023.0,3.0,4.0
6670371,tea,3.0,1.5,4.5,credit card,takeaway,2023-05-01,2023.0,5.0,1.0
8708588,coffee,5.0,2.0,10.0,digital wallet,,2023-06-03,2023.0,6.0,3.0
6755874,smoothie,3.0,4.0,12.0,,in-store,2023-04-12,2023.0,4.0,12.0
7777864,cookie,3.0,1.0,3.0,,in-store,2023-02-06,2023.0,2.0,6.0
1309055,,2.0,2.0,4.0,credit card,takeaway,2023-11-09,2023.0,11.0,9.0
2250398,,3.0,3.0,9.0,digital wallet,,2023-05-31,2023.0,5.0,31.0
8698717,coffee,4.0,2.0,8.0,digital wallet,,2023-05-11,2023.0,5.0,11.0
2302259,juice,3.0,3.0,9.0,credit card,takeaway,2023-09-20,2023.0,9.0,20.0
7004494,coffee,4.0,2.0,8.0,,takeaway,2023-03-17,2023.0,3.0,17.0
1302920,coffee,2.0,2.0,4.0,,,2023-08-16,2023.0,8.0,16.0
8175702,tea,1.0,1.5,1.5,,takeaway,2023-08-27,2023.0,8.0,27.0
4921865,tea,2.0,1.5,3.0,digital wallet,in-store,2023-02-06,2023.0,2.0,6.0
7755372,juice,5.0,3.0,15.0,,takeaway,2023-01-10,2023.0,1.0,10.0
7218134,cake,5.0,3.0,15.0,cash,,2023-01-14,2023.0,1.0,14.0
2897794,cookie,4.0,1.0,4.0,credit card,takeaway,2023-01-29,2023.0,1.0,29.0
5743616,cake,4.0,3.0,12.0,,,2023-12-14,2023.0,12.0,14.0
4623642,sandwich,1.0,4.0,4.0,cash,takeaway,2023-09-12,2023.0,9.0,12.0
6047710,smoothie,3.0,4.0,12.0,,takeaway,2023-06-16,2023.0,6.0,16.0
2813872,salad,1.0,5.0,5.0,credit card,takeaway,2023-05-01,2023.0,5.0,1.0
1891978,salad,4.0,5.0,20.0,digital wallet,in-store,2023-09-13,2023.0,9.0,13.0
6626928,sandwich,2.0,4.0,8.0,,in-store,2023-05-10,2023.0,5.0,10.0
6320502,juice,4.0,3.0,12.0,credit card,,2023-08-16,2023.0,8.0,16.0
1797690,cake,5.0,3.0,15.0,credit card,takeaway,2023-08-10,2023.0,8.0,10.0
4587806,cookie,4.0,1.0,4.0,,,2023-07-27,2023.0,7.0,27.0
7735127,smoothie,1.0,4.0,4.0,,takeaway,2023-02-22,2023.0,2.0,22.0
9831537,cake,4.0,3.0,12.0,credit card,,2023-08-07,2023.0,8.0,7.0
7866805,sandwich,3.0,4.0,12.0,digital wallet,in-store,2023-03-14,2023.0,3.0,14.0
1760092,coffee,1.0,2.0,2.0,credit card,takeaway,2023-04-15,2023.0,4.0,15.0
1887555,juice,2.0,3.0,6.0,cash,in-store,2023-01-08,2023.0,1.0,8.0
9872258,juice,4.0,3.0,12.0,cash,takeaway,2023-07-24,2023.0,7.0,24.0
2437725,sandwich,4.0,4.0,16.0,credit card,takeaway,2023-01-27,2023.0,1.0,27.0
3240077,,4.0,4.0,16.0,cash,,2023-12-14,2023.0,12.0,14.0
6581580,coffee,3.0,2.0,6.0,,in-store,2023-06-18,2023.0,6.0,18.0
6440109,cake,2.0,3.0,6.0,,in-store,2023-09-09,2023.0,9.0,9.0
8790282,coffee,3.0,2.0,6.0,,,2023-10-18,2023.0,10.0,18.0
7581760,coffee,3.0,2.0,6.0,,,2023-08-13,2023.0,8.0,13.0
2903973,cake,2.0,3.0,6.0,credit card,takeaway,2023-12-26,2023.0,12.0,26.0
9107842,tea,2.0,1.5,3.0,,takeaway,2023-12-04,2023.0,12.0,4.0
8306630,sandwich,2.0,4.0,8.0,credit card,in-store,2023-04-26,2023.0,4.0,26.0
2194660,,1.0,5.0,5.0,,,,,,
4612207,juice,5.0,3.0,15.0,digital wallet,,2023-01-21,2023.0,1.0,21.0
1811216,sandwich,1.0,4.0,4.0,digital wallet,takeaway,2023-01-18,2023.0,1.0,18.0
3739424,,1.0,3.0,3.0,credit card,,2023-06-03,2023.0,6.0,3.0
9487384,cake,1.0,3.0,3.0,credit card,,2023-11-27,2023.0,11.0,27.0
2205690,cookie,5.0,1.0,5.0,,in-store,2023-03-02,2023.0,3.0,2.0
9219961,coffee,5.0,2.0,10.0,credit card,,2023-04-04,2023.0,4.0,4.0
6425954,sandwich,2.0,4.0,8.0,,in-store,2023-03-28,2023.0,3.0,28.0
9131153,smoothie,3.0,4.0,12.0,,takeaway,2023-11-17,2023.0,11.0,17.0
1332623,cookie,2.0,1.0,2.0,,takeaway,2023-07-15,2023.0,7.0,15.0
9248370,,2.0,1.0,2.0,credit card,in-store,2023-02-17,2023.0,2.0,17.0
5549522,juice,5.0,3.0,15.0,digital wallet,takeaway,2023-12-16,2023.0,12.0,16.0
4234750,juice,2.0,3.0,6.0,cash,,2023-09-03,2023.0,9.0,3.0
9694799,tea,3.0,1.5,4.5,cash,takeaway,2023-04-14,2023.0,4.0,14.0
6733436,juice,2.0,3.0,6.0,credit card,takeaway,2023-02-02,2023.0,2.0,2.0
4423879,juice,5.0,,,,,2023-02-12,2023.0,2.0,12.0
8496788,juice,4.0,3.0,12.0,cash,,2023-06-14,2023.0,6.0,14.0
3131168,sandwich,3.0,4.0,12.0,cash,,2023-03-24,2023.0,3.0,24.0
1995528,coffee,5.0,2.0,10.0,,in-store,2023-06-24,2023.0,6.0,24.0
2311707,tea,5.0,,,cash,in-store,2023-08-03,2023.0,8.0,3.0
9617269,coffee,1.0,2.0,2.0,digital wallet,,,,,
1727281,juice,4.0,3.0,12.0,,takeaway,2023-01-05,2023.0,1.0,5.0
2437112,cookie,3.0,1.0,3.0,,,2023-04-06,2023.0,4.0,6.0
8240436,salad,5.0,5.0,25.0,,in-store,2023-07-05,2023.0,7.0,5.0
4177796,juice,4.0,3.0,12.0,cash,takeaway,2023-04-17,2023.0,4.0,17.0
9761314,,4.0,4.0,16.0,credit card,,2023-12-14,2023.0,12.0,14.0
2905118,tea,5.0,1.5,7.5,digital wallet,takeaway,2023-03-04,2023.0,3.0,4.0
8058105,tea,3.0,1.5,4.5,cash,,2023-03-07,2023.0,3.0,7.0
5005793,sandwich,4.0,4.0,16.0,credit card,in-store,2023-01-21,2023.0,1.0,21.0
2840861,tea,2.0,1.5,3.0,digital wallet,takeaway,2023-05-31,2023.0,5.0,31.0
1088497,sandwich,1.0,4.0,4.0,digital wallet,takeaway,2023-07-05,2023.0,7.0,5.0
4083872,salad,2.0,5.0,10.0,digital wallet,takeaway,2023-08-05,2023.0,8.0,5.0
5296083,sandwich,3.0,4.0,12.0,,,2023-12-08,2023.0,12.0,8.0
3052953,coffee,5.0,2.0,10.0,digital wallet,,2023-02-28,2023.0,2.0,28.0
2017793,tea,,1.5,,digital wallet,,2023-07-18,2023.0,7.0,18.0
4064326,cookie,2.0,1.0,2.0,cash,takeaway,2023-01-07,2023.0,1.0,7.0
8749775,cake,5.0,3.0,15.0,cash,takeaway,2023-10-30,2023.0,10.0,30.0
6541284,tea,4.0,1.5,6.0,cash,takeaway,2023-03-01,2023.0,3.0,1.0
7937905,salad,5.0,5.0,25.0,,,2023-10-15,2023.0,10.0,15.0
1311519,smoothie,5.0,4.0,20.0,cash,,2023-01-28,2023.0,1.0,28.0
8209509,cookie,4.0,1.0,4.0,,takeaway,2023-11-09,2023.0,11.0,9.0
3413156,juice,1.0,3.0,3.0,credit card,in-store,2023-10-16,2023.0,10.0,16.0
3130302,smoothie,3.0,4.0,12.0,credit card,in-store,,,,
7418152,cookie,4.0,1.0,4.0,cash,takeaway,2023-09-21,2023.0,9.0,21.0
7991782,juice,2.0,3.0,6.0,,in-store,2023-01-11,2023.0,1.0,11.0
2822949,smoothie,2.0,4.0,8.0,digital wallet,,2023-11-19,2023.0,11.0,19.0
5868082,coffee,5.0,2.0,10.0,credit card,in-store,2023-10-22,2023.0,10.0,22.0
1559521,,5.0,2.0,10.0,,in-store,2023-07-05,2023.0,7.0,5.0
2250898,smoothie,,4.0,,credit card,,2023-12-23,2023.0,12.0,23.0
2947622,smoothie,5.0,4.0,20.0,,,2023-08-06,2023.0,8.0,6.0
1413335,salad,1.0,5.0,5.0,digital wallet,takeaway,2023-05-17,2023.0,5.0,17.0
7086603,cake,4.0,3.0,12.0,credit card,,2023-03-18,2023.0,3.0,18.0
6919325,cake,3.0,3.0,9.0,cash,,2023-02-05,2023.0,2.0,5.0
7286934,smoothie,2.0,4.0,8.0,credit card,in-store,2023-03-27,2023.0,3.0,27.0
5213014,sandwich,3.0,4.0,12.0,credit card,,2023-05-09,2023.0,5.0,9.0
3121483,salad,2.0,5.0,10.0,,takeaway,2023-01-06,2023.0,1.0,6.0
1670848,cake,2.0,,,credit card,,2023-08-04,2023.0,8.0,4.0
7595042,salad,1.0,5.0,5.0,,takeaway,2023-04-03,2023.0,4.0,3.0
3447594,,1.0,5.0,5.0,digital wallet,in-store,2023-02-24,2023.0,2.0,24.0
9250024,cookie,2.0,1.0,2.0,digital wallet,,2023-03-21,2023.0,3.0,21.0
1353266,smoothie,1.0,4.0,4.0,digital wallet,takeaway,2023-08-30,2023.0,8.0,30.0
3950331,tea,5.0,1.5,7.5,digital wallet,,2023-03-02,2023.0,3.0,2.0
3766657,smoothie,5.0,4.0,20.0,,,2023-08-16,2023.0,8.0,16.0
6034596,,1.0,5.0,5.0,,takeaway,2023-04-07,2023.0,4.0,7.0
7233393,juice,5.0,3.0,15.0,credit card,in-store,2023-11-22,2023.0,11.0,22.0
8273645,juice,2.0,3.0,6.0,cash,takeaway,2023-11-02,2023.0,11.0,2.0
2474286,juice,2.0,3.0,6.0,digital wallet,in-store,2023-12-09,2023.0,12.0,9.0
5145016,sandwich,1.0,4.0,4.0,cash,takeaway,,,,
6700141,sandwich,1.0,4.0,4.0,cash,takeaway,2023-04-12,2023.0,4.0,12.0
4006771,cookie,3.0,1.0,3.0,credit card,,2023-02-06,2023.0,2.0,6.0
4406290,coffee,5.0,2.0,10.0,,in-store,2023-07-02,2023.0,7.0,2.0
2714524,sandwich,4.0,4.0,16.0,cash,takeaway,2023-01-02,2023.0,1.0,2.0
3585097,coffee,3.0,2.0,6.0,,takeaway,2023-05-31,2023.0,5.0,31.0
5432582,juice,3.0,3.0,9.0,,,2023-08-30,2023.0,8.0,30.0
5367923,sandwich,4.0,4.0,16.0,,,2023-04-19,2023.0,4.0,19.0
4030519,smoothie,2.0,4.0,8.0,digital wallet,takeaway,2023-01-22,2023.0,1.0,22.0
8716594,salad,4.0,5.0,20.0,credit card,takeaway,2023-08-26,2023.0,8.0,26.0
5159483,juice,2.0,3.0,6.0,digital wallet,in-store,2023-05-24,2023.0,5.0,24.0
6347482,tea,2.0,1.5,3.0,digital wallet,,2023-07-10,2023.0,7.0,10.0
4688236,coffee,4.0,2.0,8.0,cash,in-store,2023-07-05,2023.0,7.0,5.0
7021722,tea,3.0,1.5,4.5,,takeaway,2023-07-27,2023.0,7.0,27.0
1466002,,3.0,3.0,9.0,,,2023-11-23,2023.0,11.0,23.0
4878020,cake,3.0,3.0,9.0,,in-store,2023-03-17,2023.0,3.0,17.0
3158921,sandwich,1.0,4.0,4.0,digital wallet,in-store,2023-04-16,2023.0,4.0,16.0
8555334,coffee,1.0,2.0,2.0,,in-store,2023-06-16,2023.0,6.0,16.0
9749790,tea,3.0,,,,takeaway,2023-10-17,2023.0,10.0,17.0
7476268,juice,2.0,3.0,6.0,credit card,,2023-06-07,2023.0,6.0,7.0
2741928,cake,1.0,3.0,3.0,digital wallet,in-store,2023-10-06,2023.0,10.0,6.0
8477945,cookie,4.0,1.0,4.0,,in-store,2023-07-19,2023.0,7.0,19.0
2838958,coffee,1.0,2.0,2.0,cash,takeaway,2023-03-10,2023.0,3.0,10.0
4937411,juice,1.0,3.0,3.0,,takeaway,2023-08-21,2023.0,8.0,21.0
1293509,juice,3.0,3.0,9.0,cash,in-store,,,,
1124655,salad,3.0,5.0,15.0,cash,,2023-10-23,2023.0,10.0,23.0
1367723,coffee,3.0,2.0,6.0,cash,in-store,2023-10-25,2023.0,10.0,25.0
1710476,juice,4.0,3.0,12.0,digital wallet,takeaway,2023-05-22,2023.0,5.0,22.0
2248497,salad,2.0,5.0,10.0,cash,takeaway,2023-03-07,2023.0,3.0,7.0
9403754,cake,5.0,3.0,15.0,credit card,takeaway,2023-06-19,2023.0,6.0,19.0
2457189,,3.0,4.0,12.0,digital wallet,takeaway,2023-08-28,2023.0,8.0,28.0
2495788,cookie,2.0,1.0,2.0,credit card,takeaway,2023-12-16,2023.0,12.0,16.0
7528294,juice,3.0,3.0,9.0,digital wallet,,2023-09-27,2023.0,9.0,27.0
2844982,cookie,1.0,1.0,1.0,digital wallet,takeaway,2023-03-04,2023.0,3.0,4.0
9345439,coffee,2.0,2.0,4.0,cash,takeaway,2023-08-07,2023.0,8.0,7.0
4558455,,3.0,5.0,15.0,credit card,in-store,,,,
6347567,juice,5.0,,,cash,in-store,2023-03-31,2023.0,3.0,31.0
9710430,sandwich,3.0,4.0,12.0,credit card,takeaway,2023-01-10,2023.0,1.0,10.0
8859035,cake,3.0,3.0,9.0,digital wallet,takeaway,2023-01-19,2023.0,1.0,19.0
7131251,tea,2.0,1.5,3.0,,in-store,2023-06-28,2023.0,6.0,28.0
9577339,cake,2.0,3.0,6.0,digital wallet,,2023-03-10,2023.0,3.0,10.0
9206049,cookie,1.0,1.0,1.0,credit card,in-store,2023-09-17,2023.0,9.0,17.0
8748070,cookie,2.0,1.0,2.0,credit card,in-store,2023-07-31,2023.0,7.0,31.0
1079241,juice,3.0,3.0,9.0,digital wallet,takeaway,2023-07-16,2023.0,7.0,16.0
8250845,cookie,1.0,1.0,1.0,cash,,2023-12-09,2023.0,12.0,9.0
7878520,sandwich,3.0,4.0,12.0,digital wallet,takeaway,2023-08-29,2023.0,8.0,29.0
8990101,smoothie,5.0,,,,in-store,2023-11-25,2023.0,11.0,25.0
8789137,sandwich,1.0,4.0,4.0,,takeaway,2023-09-25,2023.0,9.0,25.0
1236779,juice,3.0,,,credit card,in-store,2023-12-29,2023.0,12.0,29.0
6846861,smoothie,4.0,4.0,16.0,,in-store,2023-11-26,2023.0,11.0,26.0
7682621,sandwich,4.0,4.0,16.0,cash,takeaway,2023-11-07,2023.0,11.0,7.0
2770536,smoothie,2.0,4.0,8.0,,in-store,2023-11-03,2023.0,11.0,3.0
3291900,smoothie,4.0,4.0,16.0,cash,takeaway,2023-05-04,2023.0,5.0,4.0
1390917,sandwich,1.0,4.0,4.0,credit card,,2023-01-16,2023.0,1.0,16.0
5406411,,5.0,4.0,20.0,credit card,in-store,2023-04-14,2023.0,4.0,14.0
4628338,coffee,,2.0,,cash,,2023-12-25,2023.0,12.0,25.0
4532280,coffee,,2.0,,credit card,,2023-01-10,2023.0,1.0,10.0
2879543,juice,5.0,3.0,15.0,,,2023-03-30,2023.0,3.0,30.0
7334418,cookie,2.0,1.0,2.0,digital wallet,,2023-03-24,2023.0,3.0,24.0
7927109,tea,1.0,1.5,1.5,cash,,2023-04-18,2023.0,4.0,18.0
9352814,tea,4.0,1.5,6.0,cash,,2023-09-10,2023.0,9.0,10.0
8872984,salad,5.0,,,credit card,in-store,2023-08-23,2023.0,8.0,23.0
8305586,coffee,4.0,2.0,8.0,cash,,2023-01-06,2023.0,1.0,6.0
6501091,juice,2.0,3.0,6.0,digital wallet,takeaway,2023-05-07,2023.0,5.0,7.0
8197935,sandwich,5.0,,,cash,in-store,2023-03-28,2023.0,3.0,28.0
8349096,cookie,5.0,1.0,5.0,,,2023-12-12,2023.0,12.0,12.0
1721366,smoothie,5.0,4.0,20.0,digital wallet,in-store,2023-04-09,2023.0,4.0,9.0
3924170,tea,3.0,1.5,4.5,credit card,in-store,2023-08-07,2023.0,8.0,7.0
6206421,sandwich,2.0,4.0,8.0,,in-store,2023-04-06,2023.0,4.0,6.0
3740465,cookie,4.0,1.0,4.0,digital wallet,,2023-03-08,2023.0,3.0,8.0
5227798,salad,4.0,5.0,20.0,cash,,2023-09-02,2023.0,9.0,2.0
9374286,coffee,5.0,2.0,10.0,cash,in-store,2023-08-07,2023.0,8.0,7.0
6577619,salad,3.0,5.0,15.0,credit card,in-store,2023-07-22,2023.0,7.0,22.0
5154112,cake,3.0,3.0,9.0,credit card,takeaway,,,,
5209716,,,1.0,,cash,,2023-10-06,2023.0,10.0,6.0
6412590,salad,1.0,5.0,5.0,digital wallet,,2023-06-12,2023.0,6.0,12.0
1577802,juice,2.0,3.0,6.0,credit card,in-store,2023-11-29,2023.0,11.0,29.0
3202346,salad,2.0,5.0,10.0,,in-store,2023-11-19,2023.0,11.0,19.0
2141924,salad,5.0,5.0,25.0,cash,in-store,2023-11-27,2023.0,11.0,27.0
6775972,coffee,3.0,2.0,6.0,credit card,,2023-09-15,2023.0,9.0,15.0
8799599,coffee,1.0,2.0,2.0,credit card,,2023-09-10,2023.0,9.0,10.0
2866735,cookie,4.0,1.0,4.0,cash,takeaway,2023-03-13,2023.0,3.0,13.0
2199500,smoothie,1.0,4.0,4.0,credit card,,2023-04-04,2023.0,4.0,4.0
3402368,,2.0,1.5,3.0,,in-store,2023-02-01,2023.0,2.0,1.0
8279269,smoothie,4.0,4.0,16.0,digital wallet,,2023-06-14,2023.0,6.0,14.0
2829951,smoothie,4.0,4.0,16.0,credit card,,2023-06-28,2023.0,6.0,28.0
6748374,salad,1.0,5.0,5.0,credit card,takeaway,2023-07-24,2023.0,7.0,24.0
5056971,tea,4.0,1.5,6.0,cash,takeaway,2023-08-22,2023.0,8.0,22.0
8675052,cookie,3.0,1.0,3.0,credit card,,2023-11-23,2023.0,11.0,23.0
6481150,salad,4.0,5.0,20.0,digital wallet,in-store,2023-03-30,2023.0,3.0,30.0
2371827,cookie,5.0,1.0,5.0,cash,in-store,2023-04-03,2023.0,4.0,3.0
3677109,cake,5.0,3.0,15.0,digital wallet,,2023-12-02,2023.0,12.0,2.0
5457767,cake,3.0,3.0,9.0,cash,in-store,2023-08-14,2023.0,8.0,14.0
1704642,,5.0,3.0,15.0,digital wallet,in-store,,,,
3661311,juice,2.0,3.0,6.0,digital wallet,,2023-04-30,2023.0,4.0,30.0
5520841,cake,1.0,3.0,3.0,,takeaway,2023-09-04,2023.0,9.0,4.0
6443522,smoothie,4.0,4.0,16.0,digital wallet,in-store,2023-06-22,2023.0,6.0,22.0
4907008,coffee,3.0,2.0,6.0,,in-store,2023-10-30,2023.0,10.0,30.0
9833793,cookie,1.0,,,,takeaway,2023-12-01,2023.0,12.0,1.0
6297375,coffee,5.0,2.0,10.0,,,2023-07-16,2023.0,7.0,16.0
1641000,sandwich,2.0,4.0,8.0,cash,,2023-08-19,2023.0,8.0,19.0
8588174,,3.0,5.0,15.0,,in-store,2023-02-07,2023.0,2.0,7.0
1228888,cookie,1.0,1.0,1.0,credit card,in-store,2023-10-05,2023.0,10.0,5.0
2917349,tea,4.0,1.5,6.0,,,2023-01-15,2023.0,1.0,15.0
8099578,coffee,3.0,2.0,6.0,,takeaway,2023-03-02,2023.0,3.0,2.0
9949241,salad,1.0,5.0,5.0,,in-store,2023-07-26,2023.0,7.0,26.0
5662517,tea,2.0,,,credit card,takeaway,2023-01-05,2023.0,1.0,5.0
3221795,sandwich,5.0,4.0,20.0,cash,,2023-10-01,2023.0,10.0,1.0
8432624,juice,3.0,3.0,9.0,cash,takeaway,2023-06-24,2023.0,6.0,24.0
1883231,juice,5.0,3.0,15.0,,in-store,2023-10-21,2023.0,10.0,21.0
2490699,coffee,1.0,2.0,2.0,cash,,2023-10-05,2023.0,10.0,5.0
1898102,cake,4.0,3.0,12.0,credit card,takeaway,2023-10-17,2023.0,10.0,17.0
9614646,coffee,,2.0,,,in-store,2023-03-18,2023.0,3.0,18.0
6142529,tea,5.0,1.5,7.5,credit card,in-store,2023-07-21,2023.0,7.0,21.0
9279935,coffee,2.0,2.0,4.0,digital wallet,in-store,2023-06-02,2023.0,6.0,2.0
3233211,tea,2.0,1.5,3.0,,takeaway,2023-06-07,2023.0,6.0,7.0
1607650,cookie,2.0,1.0,2.0,,,2023-04-27,2023.0,4.0,27.0
1873852,,3.0,3.0,9.0,digital wallet,takeaway,2023-07-07,2023.0,7.0,7.0
2501656,cake,5.0,3.0,15.0,digital wallet,takeaway,2023-07-02,2023.0,7.0,2.0
6125085,,3.0,3.0,9.0,,takeaway,2023-05-24,2023.0,5.0,24.0
8917809,salad,5.0,5.0,25.0,cash,,2023-07-29,2023.0,7.0,29.0
8850815,smoothie,5.0,4.0,20.0,,,2023-07-23,2023.0,7.0,23.0
6959065,coffee,5.0,2.0,10.0,digital wallet,takeaway,2023-05-05,2023.0,5.0,5.0
4784154,tea,,1.5,,credit card,in-store,2023-09-06,2023.0,9.0,6.0
1893337,cake,2.0,3.0,6.0,,takeaway,2023-05-16,2023.0,5.0,16.0
4865947,tea,2.0,1.5,3.0,cash,takeaway,,,,
5468350,salad,4.0,5.0,20.0,credit card,in-store,,,,
6907555,tea,2.0,1.5,3.0,credit card,,2023-09-21,2023.0,9.0,21.0
2437751,sandwich,1.0,4.0,4.0,,in-store,2023-03-18,2023.0,3.0,18.0
8285283,juice,5.0,3.0,15.0,digital wallet,,2023-09-21,2023.0,9.0,21.0
4795208,sandwich,,4.0,,digital wallet,takeaway,2023-05-03,2023.0,5.0,3.0
5426405,tea,5.0,1.5,7.5,,in-store,2023-11-26,2023.0,11.0,26.0
6794035,sandwich,1.0,4.0,4.0,digital wallet,,2023-11-04,2023.0,11.0,4.0
6265760,cake,1.0,3.0,3.0,credit card,takeaway,2023-06-21,2023.0,6.0,21.0
9905396,salad,1.0,5.0,5.0,,,2023-08-20,2023.0,8.0,20.0
1955127,juice,5.0,3.0,15.0,,in-store,2023-02-18,2023.0,2.0,18.0
1296879,cake,1.0,3.0,3.0,,takeaway,2023-11-17,2023.0,11.0,17.0
8882176,cookie,4.0,1.0,4.0,cash,takeaway,2023-03-28,2023.0,3.0,28.0
7052672,juice,1.0,3.0,3.0,,in-store,2023-06-29,2023.0,6.0,29.0
3492861,cookie,5.0,1.0,5.0,cash,,2023-11-09,2023.0,11.0,9.0
3655322,juice,3.0,3.0,9.0,digital wallet,takeaway,2023-10-03,2023.0,10.0,3.0
7584389,coffee,4.0,,,cash,,2023-03-09,2023.0,3.0,9.0
5734319,coffee,5.0,2.0,10.0,cash,takeaway,2023-06-01,2023.0,6.0,1.0
2535662,juice,1.0,3.0,3.0,cash,,2023-05-01,2023.0,5.0,1.0
8436360,juice,2.0,3.0,6.0,,,2023-12-16,2023.0,12.0,16.0
1370465,cookie,4.0,1.0,4.0,digital wallet,,2023-03-25,2023.0,3.0,25.0
7343660,salad,5.0,5.0,25.0,credit card,in-store,2023-08-06,2023.0,8.0,6.0
7777602,salad,1.0,5.0,5.0,cash,,2023-04-26,2023.0,4.0,26.0
3430805,juice,4.0,3.0,12.0,credit card,,2023-11-12,2023.0,11.0,12.0
3886176,cookie,4.0,1.0,4.0,cash,,,,,
8219472,cookie,4.0,1.0,4.0,credit card,,2023-11-09,2023.0,11.0,9.0
7171303,sandwich,1.0,4.0,4.0,,,2023-04-30,2023.0,4.0,30.0
2330694,salad,3.0,5.0,15.0,cash,in-store,2023-05-31,2023.0,5.0,31.0
4476076,smoothie,2.0,4.0,8.0,digital wallet,takeaway,2023-03-26,2023.0,3.0,26.0
4183749,cake,4.0,3.0,12.0,credit card,takeaway,2023-01-25,2023.0,1.0,25.0
8132145,tea,1.0,1.5,1.5,digital wallet,,2023-08-04,2023.0,8.0,4.0
9286960,cookie,3.0,1.0,3.0,cash,,2023-12-26,2023.0,12.0,26.0
6901619,tea,2.0,1.5,3.0,digital wallet,in-store,2023-10-16,2023.0,10.0,16.0
6699343,juice,,3.0,,,takeaway,2023-10-31,2023.0,10.0,31.0
4461853,cake,5.0,3.0,15.0,credit card,in-store,,,,
2184573,tea,4.0,1.5,6.0,,takeaway,2023-04-26,2023.0,4.0,26.0
4779439,,4.0,3.0,12.0,,in-store,2023-08-23,2023.0,8.0,23.0
1789504,,1.0,5.0,5.0,credit card,,2023-06-12,2023.0,6.0,12.0
6337189,cake,1.0,3.0,3.0,,,2023-04-11,2023.0,4.0,11.0
6071905,cake,1.0,3.0,3.0,,in-store,2023-11-06,2023.0,11.0,6.0
7847913,smoothie,3.0,4.0,12.0,digital wallet,in-store,2023-05-17,2023.0,5.0,17.0
1792405,tea,3.0,1.5,4.5,digital wallet,takeaway,2023-07-06,2023.0,7.0,6.0
6101067,smoothie,1.0,4.0,4.0,credit card,takeaway,2023-09-05,2023.0,9.0,5.0
2260070,salad,1.0,5.0,5.0,cash,,2023-10-06,2023.0,10.0,6.0
5641209,salad,,5.0,,,takeaway,2023-12-03,2023.0,12.0,3.0
3994585,cake,3.0,3.0,9.0,digital wallet,in-store,2023-07-24,2023.0,7.0,24.0
5202752,smoothie,5.0,4.0,20.0,credit card,takeaway,2023-05-08,2023.0,5.0,8.0
8714850,juice,5.0,3.0,15.0,cash,in-store,2023-04-30,2023.0,4.0,30.0
3504925,smoothie,5.0,4.0,20.0,cash,,2023-09-21,2023.0,9.0,21.0
4919285,coffee,4.0,2.0,8.0,cash,takeaway,2023-10-15,2023.0,10.0,15.0
4876398,salad,2.0,5.0,10.0,cash,,2023-04-21,2023.0,4.0,21.0
5456362,smoothie,4.0,4.0,16.0,credit card,,2023-07-06,2023.0,7.0,6.0
4377249,coffee,3.0,2.0,6.0,digital wallet,,2023-07-26,2023.0,7.0,26.0
6566716,coffee,,2.0,,credit card,,2023-01-01,2023.0,1.0,1.0
1571824,cookie,4.0,1.0,4.0,cash,takeaway,2023-10-16,2023.0,10.0,16.0
3920273,smoothie,4.0,4.0,16.0,digital wallet,in-store,2023-09-05,2023.0,9.0,5.0
8222593,sandwich,4.0,4.0,16.0,credit card,,2023-05-11,2023.0,5.0,11.0
5054719,sandwich,2.0,4.0,8.0,credit card,,2023-04-17,2023.0,4.0,17.0
2242015,tea,2.0,1.5,3.0,cash,,2023-08-26,2023.0,8.0,26.0
5208377,,2.0,1.5,3.0,,takeaway,2023-03-06,2023.0,3.0,6.0
1322520,,5.0,5.0,25.0,cash,,2023-07-12,2023.0,7.0,12.0
7268387,juice,3.0,3.0,9.0,credit card,takeaway,2023-04-09,2023.0,4.0,9.0
6268823,smoothie,2.0,4.0,8.0,digital wallet,takeaway,2023-04-18,2023.0,4.0,18.0
5578828,cookie,4.0,1.0,4.0,cash,in-store,2023-05-12,2023.0,5.0,12.0
5727550,coffee,3.0,2.0,6.0,digital wallet,,2023-10-11,2023.0,10.0,11.0
9597063,coffee,2.0,2.0,4.0,digital wallet,in-store,2023-07-20,2023.0,7.0,20.0
6867132,cake,2.0,3.0,6.0,cash,in-store,2023-02-01,2023.0,2.0,1.0
1971865,cake,1.0,3.0,3.0,digital wallet,takeaway,2023-04-11,2023.0,4.0,11.0
6067546,tea,5.0,,,digital wallet,takeaway,2023-08-25,2023.0,8.0,25.0
3699636,,3.0,5.0,15.0,digital wallet,,2023-01-12,2023.0,1.0,12.0
6724588,juice,2.0,3.0,6.0,digital wallet,in-store,2023-10-16,2023.0,10.0,16.0
2929426,salad,5.0,5.0,25.0,cash,takeaway,2023-01-29,2023.0,1.0,29.0
9669749,salad,4.0,5.0,20.0,credit card,,2023-03-26,2023.0,3.0,26.0
9105374,juice,4.0,3.0,12.0,digital wallet,in-store,2023-01-25,2023.0,1.0,25.0
6553641,salad,1.0,5.0,5.0,cash,in-store,,,,
3346749,tea,2.0,1.5,3.0,,,2023-05-06,2023.0,5.0,6.0
5594043,cake,4.0,3.0,12.0,cash,,2023-06-22,2023.0,6.0,22.0
1170807,smoothie,5.0,4.0,20.0,,in-store,2023-09-15,2023.0,9.0,15.0
2882571,cake,1.0,3.0,3.0,credit card,in-store,2023-05-24,2023.0,5.0,24.0
6640488,tea,3.0,1.5,4.5,credit card,takeaway,2023-04-01,2023.0,4.0,1.0
7621512,salad,4.0,5.0,20.0,digital wallet,in-store,2023-07-24,2023.0,7.0,24.0
9529846,smoothie,5.0,4.0,20.0,,,2023-09-23,2023.0,9.0,23.0
3338458,cake,5.0,3.0,15.0,cash,,2023-10-27,2023.0,10.0,27.0
3104867,juice,3.0,3.0,9.0,digital wallet,,2023-03-28,2023.0,3.0,28.0
9286019,smoothie,4.0,4.0,16.0,cash,takeaway,2023-05-28,2023.0,5.0,28.0
1923263,sandwich,4.0,4.0,16.0,digital wallet,in-store,2023-03-12,2023.0,3.0,12.0
3172621,sandwich,4.0,4.0,16.0,,takeaway,2023-10-15,2023.0,10.0,15.0
5830991,cookie,4.0,1.0,4.0,,takeaway,2023-11-07,2023.0,11.0,7.0
8719561,,3.0,3.0,9.0,,,2023-09-13,2023.0,9.0,13.0
7396497,,5.0,4.0,20.0,credit card,in-store,2023-02-10,2023.0,2.0,10.0
7629728,coffee,4.0,2.0,8.0,digital wallet,in-store,2023-12-15,2023.0,12.0,15.0
2831842,cake,2.0,3.0,6.0,,,2023-05-20,2023.0,5.0,20.0
8903958,juice,2.0,3.0,6.0,digital wallet,takeaway,2023-11-12,2023.0,11.0,12.0
8951525,juice,3.0,3.0,9.0,,,2023-06-08,2023.0,6.0,8.0
7511261,juice,3.0,3.0,9.0,,,2023-03-26,2023.0,3.0,26.0
3896128,cake,1.0,3.0,3.0,,in-store,2023-01-04,2023.0,1.0,4.0
6554101,smoothie,3.0,4.0,12.0,,,2023-02-15,2023.0,2.0,15.0
3500571,juice,3.0,3.0,9.0,,takeaway,2023-05-03,2023.0,5.0,3.0
6761273,juice,5.0,3.0,15.0,digital wallet,,2023-10-13,2023.0,10.0,13.0
6076602,tea,4.0,1.5,6.0,credit card,in-store,2023-02-07,2023.0,2.0,7.0
9196658,cookie,1.0,,,,takeaway,2023-06-12,2023.0,6.0,12.0
7330330,cookie,2.0,1.0,2.0,,in-store,2023-10-16,2023.0,10.0,16.0
8953489,juice,5.0,3.0,15.0,,in-store,,,,
2340643,salad,5.0,5.0,25.0,cash,in-store,2023-01-05,2023.0,1.0,5.0
4397349,sandwich,2.0,4.0,8.0,,,2023-06-08,2023.0,6.0,8.0
1072984,tea,4.0,1.5,6.0,digital wallet,,2023-01-11,2023.0,1.0,11.0
3238759,sandwich,5.0,4.0,20.0,digital wallet,in-store,2023-07-20,2023.0,7.0,20.0
9802771,smoothie,2.0,4.0,8.0,,,2023-02-11,2023.0,2.0,11.0
3858607,salad,5.0,5.0,25.0,digital wallet,,2023-12-02,2023.0,12.0,2.0
3585602,juice,2.0,3.0,6.0,cash,in-store,2023-04-17,2023.0,4.0,17.0
8096618,coffee,4.0,2.0,8.0,digital wallet,in-store,2023-02-20,2023.0,2.0,20.0
8363711,smoothie,2.0,4.0,8.0,,in-store,2023-05-21,2023.0,5.0,21.0
2639283,juice,5.0,3.0,15.0,digital wallet,takeaway,2023-08-13,2023.0,8.0,13.0
1505837,sandwich,3.0,4.0,12.0,credit card,in-store,2023-12-15,2023.0,12.0,15.0
2566299,juice,2.0,3.0,6.0,cash,,2023-08-20,2023.0,8.0,20.0
7292790,cookie,4.0,1.0,4.0,cash,in-store,2023-06-13,2023.0,6.0,13.0
7631496,cookie,3.0,1.0,3.0,digital wallet,in-store,2023-11-05,2023.0,11.0,5.0
6251282,juice,4.0,3.0,12.0,cash,,2023-11-15,2023.0,11.0,15.0
6266750,sandwich,1.0,4.0,4.0,cash,,2023-04-21,2023.0,4.0,21.0
6770844,juice,1.0,3.0,3.0,digital wallet,in-store,2023-05-08,2023.0,5.0,8.0
4152460,sandwich,,4.0,,cash,takeaway,2023-05-01,2023.0,5.0,1.0
4699911,coffee,2.0,2.0,4.0,digital wallet,takeaway,2023-07-21,2023.0,7.0,21.0
3472433,coffee,4.0,2.0,8.0,credit card,takeaway,2023-10-29,2023.0,10.0,29.0
7179827,juice,4.0,3.0,12.0,credit card,in-store,2023-06-28,2023.0,6.0,28.0
7568112,salad,,5.0,,cash,,2023-06-29,2023.0,6.0,29.0
9800351,tea,3.0,1.5,4.5,cash,,2023-06-16,2023.0,6.0,16.0
4216821,tea,2.0,1.5,3.0,,,2023-07-02,2023.0,7.0,2.0
6378070,,3.0,4.0,12.0,digital wallet,,2023-09-26,2023.0,9.0,26.0
2889185,,2.0,4.0,8.0,,,2023-10-21,2023.0,10.0,21.0
5188872,cake,3.0,3.0,9.0,,in-store,2023-07-21,2023.0,7.0,21.0
9927220,juice,5.0,3.0,15.0,cash,,2023-09-14,2023.0,9.0,14.0
5118799,cookie,2.0,,,cash,takeaway,2023-04-23,2023.0,4.0,23.0
2110490,,1.0,5.0,5.0,cash,in-store,2023-08-29,2023.0,8.0,29.0
7187578,salad,5.0,5.0,25.0,,in-store,2023-11-20,2023.0,11.0,20.0
4914203,,1.0,2.0,2.0,credit card,,2023-12-02,2023.0,12.0,2.0
6046363,smoothie,5.0,4.0,20.0,digital wallet,takeaway,2023-03-20,2023.0,3.0,20.0
2920578,smoothie,4.0,4.0,16.0,cash,,2023-09-06,2023.0,9.0,6.0
7117210,juice,4.0,3.0,12.0,digital wallet,in-store,2023-09-25,2023.0,9.0,25.0
5823330,salad,3.0,5.0,15.0,digital wallet,in-store,2023-10-19,2023.0,10.0,19.0
8155540,salad,5.0,5.0,25.0,credit card,takeaway,2023-03-19,2023.0,3.0,19.0
2418609,sandwich,2.0,4.0,8.0,digital wallet,in-store,2023-09-06,2023.0,9.0,6.0
8570149,tea,1.0,1.5,1.5,credit card,,2023-06-03,2023.0,6.0,3.0
4382802,sandwich,1.0,4.0,4.0,digital wallet,takeaway,2023-07-17,2023.0,7.0,17.0
9970964,smoothie,2.0,4.0,8.0,credit card,takeaway,2023-07-07,2023.0,7.0,7.0
5946779,sandwich,1.0,4.0,4.0,cash,in-store,2023-05-25,2023.0,5.0,25.0
2253622,sandwich,5.0,,,digital wallet,takeaway,2023-09-30,2023.0,9.0,30.0
8982328,juice,1.0,3.0,3.0,credit card,in-store,2023-10-20,2023.0,10.0,20.0
9969706,cake,5.0,3.0,15.0,,in-store,2023-03-17,2023.0,3.0,17.0
1915046,sandwich,5.0,4.0,20.0,,,2023-04-12,2023.0,4.0,12.0
4624019,cookie,1.0,1.0,1.0,cash,,2023-02-12,2023.0,2.0,12.0
1773856,cake,2.0,3.0,6.0,,,2023-08-11,2023.0,8.0,11.0
6667083,cake,1.0,3.0,3.0,cash,,2023-03-19,2023.0,3.0,19.0
8639879,,2.0,5.0,10.0,,takeaway,2023-03-09,2023.0,3.0,9.0
5144090,coffee,5.0,2.0,10.0,digital wallet,,2023-05-15,2023.0,5.0,15.0
1322421,juice,4.0,3.0,12.0,credit card,takeaway,2023-03-05,2023.0,3.0,5.0
4474441,coffee,4.0,2.0,8.0,credit card,,2023-08-23,2023.0,8.0,23.0
6598343,juice,4.0,3.0,12.0,,,2023-07-10,2023.0,7.0,10.0
1297663,smoothie,5.0,,,credit card,,2023-09-12,2023.0,9.0,12.0
4972634,sandwich,5.0,4.0,20.0,credit card,in-store,2023-07-22,2023.0,7.0,22.0
7362776,cookie,,1.0,,,in-store,2023-01-26,2023.0,1.0,26.0
8159772,cake,1.0,3.0,3.0,credit card,in-store,2023-10-02,2023.0,10.0,2.0
7137800,tea,1.0,1.5,1.5,,takeaway,2023-02-22,2023.0,2.0,22.0
4360970,tea,3.0,1.5,4.5,digital wallet,takeaway,2023-06-28,2023.0,6.0,28.0
6529863,salad,3.0,5.0,15.0,,takeaway,2023-08-16,2023.0,8.0,16.0
3886583,tea,3.0,1.5,4.5,digital wallet,in-store,2023-05-03,2023.0,5.0,3.0
9315004,sandwich,5.0,,,digital wallet,in-store,2023-12-21,2023.0,12.0,21.0
1624458,tea,,1.5,,digital wallet,,,,,
4039864,cake,2.0,3.0,6.0,cash,in-store,2023-07-24,2023.0,7.0,24.0
8901988,,5.0,1.5,7.5,digital wallet,in-store,2023-01-21,2023.0,1.0,21.0
8103754,salad,5.0,5.0,25.0,cash,takeaway,2023-01-29,2023.0,1.0,29.0
6318017,tea,3.0,1.5,4.5,cash,in-store,2023-06-23,2023.0,6.0,23.0
9608271,coffee,2.0,2.0,4.0,,,2023-10-24,2023.0,10.0,24.0
4583009,salad,5.0,5.0,25.0,credit card,in-store,2023-01-08,2023.0,1.0,8.0
2536821,salad,5.0,5.0,25.0,,takeaway,2023-12-01,2023.0,12.0,1.0
5820621,cookie,5.0,1.0,5.0,,in-store,2023-12-01,2023.0,12.0,1.0
2878994,sandwich,1.0,4.0,4.0,,,2023-05-19,2023.0,5.0,19.0
8014973,,3.0,5.0,15.0,,in-store,2023-08-09,2023.0,8.0,9.0
6492477,coffee,5.0,2.0,10.0,,,2023-02-03,2023.0,2.0,3.0
8549600,coffee,,2.0,,digital wallet,takeaway,2023-11-19,2023.0,11.0,19.0
4496616,salad,5.0,5.0,25.0,,takeaway,2023-10-07,2023.0,10.0,7.0
3190538,coffee,2.0,2.0,4.0,digital wallet,,2023-06-03,2023.0,6.0,3.0
8863649,cookie,1.0,1.0,1.0,credit card,in-store,2023-03-05,2023.0,3.0,5.0
8078312,cookie,1.0,1.0,1.0,,,2023-09-24,2023.0,9.0,24.0
6306644,,2.0,3.0,6.0,digital wallet,,2023-06-15,2023.0,6.0,15.0
9836829,cookie,,1.0,,,takeaway,2023-10-15,2023.0,10.0,15.0
8942829,salad,5.0,5.0,25.0,cash,,2023-03-11,2023.0,3.0,11.0
1604072,coffee,2.0,2.0,4.0,,,2023-01-01,2023.0,1.0,1.0
3673322,,2.0,5.0,10.0,credit card,takeaway,2023-04-24,2023.0,4.0,24.0
1830432,cookie,3.0,1.0,3.0,digital wallet,takeaway,2023-11-02,2023.0,11.0,2.0
4314504,cake,1.0,3.0,3.0,,in-store,2023-06-01,2023.0,6.0,1.0
2880516,tea,1.0,1.5,1.5,cash,in-store,2023-03-26,2023.0,3.0,26.0
4649079,cookie,4.0,1.0,4.0,,takeaway,2023-07-26,2023.0,7.0,26.0
6383336,cake,2.0,3.0,6.0,,takeaway,2023-01-21,2023.0,1.0,21.0
7605163,salad,1.0,5.0,5.0,,takeaway,2023-08-15,2023.0,8.0,15.0
2294603,tea,1.0,1.5,1.5,credit card,takeaway,2023-09-02,2023.0,9.0,2.0
7097760,coffee,3.0,2.0,6.0,digital wallet,,2023-10-24,2023.0,10.0,24.0
1998357,cake,2.0,3.0,6.0,digital wallet,,,,,
1220061,sandwich,3.0,4.0,12.0,digital wallet,in-store,2023-09-03,2023.0,9.0,3.0
9944500,smoothie,,4.0,,cash,in-store,2023-01-03,2023.0,1.0,3.0
1329167,tea,5.0,1.5,7.5,,takeaway,2023-01-14,2023.0,1.0,14.0
3463337,juice,5.0,3.0,15.0,credit card,in-store,2023-09-20,2023.0,9.0,20.0
8016623,tea,2.0,1.5,3.0,cash,takeaway,2023-05-09,2023.0,5.0,9.0
9525078,salad,5.0,5.0,25.0,,takeaway,2023-07-23,2023.0,7.0,23.0
2841233,cookie,1.0,1.0,1.0,cash,takeaway,2023-12-01,2023.0,12.0,1.0
1458905,sandwich,1.0,4.0,4.0,digital wallet,takeaway,2023-02-19,2023.0,2.0,19.0
3977520,coffee,5.0,2.0,10.0,,,2023-08-08,2023.0,8.0,8.0
3330279,cake,1.0,3.0,3.0,credit card,,2023-11-13,2023.0,11.0,13.0
6234882,cookie,4.0,1.0,4.0,credit card,,2023-01-01,2023.0,1.0,1.0
9970653,,5.0,4.0,20.0,digital wallet,takeaway,2023-12-30,2023.0,12.0,30.0
4185160,,2.0,2.0,4.0,credit card,in-store,2023-05-04,2023.0,5.0,4.0
6093955,tea,5.0,1.5,7.5,,takeaway,2023-01-01,2023.0,1.0,1.0
2074343,,3.0,4.0,12.0,digital wallet,in-store,2023-05-30,2023.0,5.0,30.0
7994903,smoothie,4.0,4.0,16.0,credit card,in-store,2023-01-09,2023.0,1.0,9.0
3109161,sandwich,3.0,4.0,12.0,digital wallet,,2023-09-11,2023.0,9.0,11.0
2185727,salad,4.0,5.0,20.0,digital wallet,in-store,2023-10-08,2023.0,10.0,8.0
8971366,juice,2.0,3.0,6.0,digital wallet,in-store,2023-08-24,2023.0,8.0,24.0
3669866,tea,3.0,1.5,4.5,digital wallet,in-store,2023-05-10,2023.0,5.0,10.0
9395223,cookie,4.0,1.0,4.0,credit card,in-store,2023-12-29,2023.0,12.0,29.0
7963892,salad,1.0,,,,takeaway,2023-08-15,2023.0,8.0,15.0
6325639,juice,3.0,3.0,9.0,,in-store,2023-07-19,2023.0,7.0,19.0
3856510,smoothie,5.0,,,cash,,2023-10-21,2023.0,10.0,21.0
4779192,cookie,5.0,1.0,5.0,digital wallet,,2023-11-06,2023.0,11.0,6.0
4163126,sandwich,3.0,4.0,12.0,digital wallet,takeaway,,,,
5808719,juice,1.0,3.0,3.0,cash,in-store,2023-10-01,2023.0,10.0,1.0
2817210,cake,4.0,3.0,12.0,,,2023-11-10,2023.0,11.0,10.0
1985396,sandwich,3.0,4.0,12.0,cash,in-store,2023-01-23,2023.0,1.0,23.0
7625340,,2.0,1.0,2.0,credit card,in-store,2023-01-20,2023.0,1.0,20.0
1533652,tea,3.0,1.5,4.5,cash,in-store,2023-08-17,2023.0,8.0,17.0
6345619,cake,5.0,3.0,15.0,digital wallet,takeaway,2023-12-09,2023.0,12.0,9.0
3218971,sandwich,5.0,4.0,20.0,credit card,,2023-06-13,2023.0,6.0,13.0
8127681,smoothie,1.0,4.0,4.0,credit card,takeaway,2023-09-02,2023.0,9.0,2.0
7328604,salad,2.0,5.0,10.0,credit card,,2023-02-25,2023.0,2.0,25.0
4574757,juice,2.0,3.0,6.0,,in-store,2023-08-05,2023.0,8.0,5.0
9505924,cake,4.0,3.0,12.0,,,2023-03-17,2023.0,3.0,17.0
9482559,cookie,1.0,1.0,1.0,,in-store,2023-08-04,2023.0,8.0,4.0
7705153,tea,1.0,1.5,1.5,digital wallet,in-store,2023-01-25,2023.0,1.0,25.0
7037557,salad,4.0,5.0,20.0,cash,,2023-05-02,2023.0,5.0,2.0
9517548,coffee,3.0,2.0,6.0,cash,takeaway,2023-01-25,2023.0,1.0,25.0
4467046,salad,4.0,5.0,20.0,digital wallet,takeaway,2023-09-27,2023.0,9.0,27.0
5074212,juice,5.0,3.0,15.0,,,2023-05-14,2023.0,5.0,14.0
8167530,cake,3.0,3.0,9.0,cash,in-store,2023-03-08,2023.0,3.0,8.0
2158361,,2.0,3.0,6.0,,,2023-07-27,2023.0,7.0,27.0
5492822,coffee,4.0,2.0,8.0,digital wallet,takeaway,2023-12-16,2023.0,12.0,16.0
8538125,cake,5.0,3.0,15.0,digital wallet,,2023-05-30,2023.0,5.0,30.0
1091115,sandwich,5.0,4.0,20.0,cash,takeaway,2023-11-04,2023.0,11.0,4.0
5350286,sandwich,5.0,4.0,20.0,credit card,,2023-02-18,2023.0,2.0,18.0
1534223,cake,3.0,3.0,9.0,credit card,,2023-01-30,2023.0,1.0,30.0
6403951,tea,,1.5,,credit card,takeaway,2023-07-13,2023.0,7.0,13.0
7961171,juice,3.0,3.0,9.0,cash,in-store,2023-01-27,2023.0,1.0,27.0
6312039,cake,,3.0,,,in-store,2023-09-29,2023.0,9.0,29.0
6177334,juice,1.0,3.0,3.0,credit card,in-store,2023-02-15,2023.0,2.0,15.0
7466297,cookie,1.0,1.0,1.0,digital wallet,,2023-07-13,2023.0,7.0,13.0
2693278,tea,3.0,1.5,4.5,,,2023-11-26,2023.0,11.0,26.0
3561149,juice,4.0,3.0,12.0,digital wallet,takeaway,2023-05-20,2023.0,5.0,20.0
2227825,sandwich,5.0,4.0,20.0,credit card,,2023-06-05,2023.0,6.0,5.0
9965686,cake,4.0,3.0,12.0,credit card,takeaway,2023-10-02,2023.0,10.0,2.0
5303413,coffee,1.0,2.0,2.0,digital wallet,in-store,2023-06-21,2023.0,6.0,21.0
5328814,tea,3.0,1.5,4.5,cash,,2023-10-18,2023.0,10.0,18.0
9658354,,3.0,1.5,4.5,credit card,in-store,2023-11-12,2023.0,11.0,12.0
8538315,coffee,,2.0,,digital wallet,,2023-07-27,2023.0,7.0,27.0
2334962,juice,5.0,3.0,15.0,,,2023-01-31,2023.0,1.0,31.0
9321776,cake,1.0,3.0,3.0,,,2023-04-23,2023.0,4.0,23.0
2574545,coffee,,2.0,,,in-store,,,,
7625537,juice,3.0,3.0,9.0,,takeaway,2023-12-09,2023.0,12.0,9.0
8722491,smoothie,4.0,4.0,16.0,cash,,2023-04-24,2023.0,4.0,24.0
4129569,cookie,4.0,,,digital wallet,,2023-08-27,2023.0,8.0,27.0
6018020,cookie,2.0,1.0,2.0,credit card,takeaway,2023-01-12,2023.0,1.0,12.0
3305132,cake,4.0,3.0,12.0,credit card,takeaway,2023-01-30,2023.0,1.0,30.0
7951885,salad,3.0,5.0,15.0,credit card,,2023-12-08,2023.0,12.0,8.0
9090875,cake,2.0,3.0,6.0,,in-store,2023-04-19,2023.0,4.0,19.0
9175684,tea,3.0,1.5,4.5,,,2023-09-16,2023.0,9.0,16.0
1640649,cookie,4.0,1.0,4.0,,in-store,2023-12-05,2023.0,12.0,5.0
9845746,cake,1.0,3.0,3.0,digital wallet,in-store,2023-09-23,2023.0,9.0,23.0
1547704,coffee,5.0,2.0,10.0,cash,in-store,2023-02-14,2023.0,2.0,14.0
3422774,,2.0,4.0,8.0,digital wallet,in-store,2023-07-09,2023.0,7.0,9.0
8477415,salad,2.0,5.0,10.0,credit card,,2023-05-01,2023.0,5.0,1.0
1039367,sandwich,3.0,4.0,12.0,cash,,2023-03-12,2023.0,3.0,12.0
5433982,salad,5.0,5.0,25.0,digital wallet,,2023-07-07,2023.0,7.0,7.0
4469550,,3.0,3.0,9.0,credit card,in-store,2023-05-10,2023.0,5.0,10.0
2838588,coffee,2.0,2.0,4.0,,in-store,2023-01-28,2023.0,1.0,28.0
6135727,juice,4.0,3.0,12.0,digital wallet,takeaway,2023-12-15,2023.0,12.0,15.0
3660227,juice,4.0,3.0,12.0,credit card,takeaway,2023-05-13,2023.0,5.0,13.0
5640232,sandwich,4.0,,,digital wallet,,2023-04-08,2023.0,4.0,8.0
4064310,tea,4.0,1.5,6.0,cash,takeaway,2023-07-24,2023.0,7.0,24.0
7418562,sandwich,4.0,4.0,16.0,,,2023-01-15,2023.0,1.0,15.0
2978326,smoothie,3.0,4.0,12.0,cash,,2023-12-02,2023.0,12.0,2.0
9616828,coffee,2.0,2.0,4.0,digital wallet,takeaway,2023-12-20,2023.0,12.0,20.0
1522122,cookie,5.0,1.0,5.0,credit card,in-store,2023-02-14,2023.0,2.0,14.0
2360229,sandwich,1.0,4.0,4.0,digital wallet,,2023-06-18,2023.0,6.0,18.0
7840510,,4.0,3.0,12.0,,takeaway,2023-08-07,2023.0,8.0,7.0
5285666,coffee,5.0,2.0,10.0,cash,,2023-03-20,2023.0,3.0,20.0
5029453,sandwich,2.0,4.0,8.0,digital wallet,in-store,2023-06-24,2023.0,6.0,24.0
6117421,cake,2.0,3.0,6.0,cash,,2023-05-04,2023.0,5.0,4.0
8759461,tea,2.0,1.5,3.0,cash,in-store,2023-01-31,2023.0,1.0,31.0
2962728,salad,4.0,5.0,20.0,credit card,,2023-12-05,2023.0,12.0,5.0
6527482,juice,1.0,3.0,3.0,,takeaway,2023-08-27,2023.0,8.0,27.0
4256200,tea,5.0,1.5,7.5,,,2023-06-29,2023.0,6.0,29.0
6276679,cookie,3.0,1.0,3.0,digital wallet,takeaway,2023-11-08,2023.0,11.0,8.0
2507188,coffee,1.0,2.0,2.0,credit card,,2023-02-04,2023.0,2.0,4.0
9386165,sandwich,2.0,4.0,8.0,digital wallet,in-store,2023-06-01,2023.0,6.0,1.0
6064232,tea,2.0,1.5,3.0,credit card,takeaway,2023-04-09,2023.0,4.0,9.0
3604017,cake,4.0,3.0,12.0,digital wallet,in-store,2023-09-21,2023.0,9.0,21.0
3486548,tea,1.0,1.5,1.5,digital wallet,,2023-07-08,2023.0,7.0,8.0
1465584,sandwich,1.0,4.0,4.0,credit card,in-store,2023-04-29,2023.0,4.0,29.0
9285925,,5.0,3.0,15.0,cash,in-store,2023-06-20,2023.0,6.0,20.0
7662502,cake,1.0,3.0,3.0,,in-store,2023-03-06,2023.0,3.0,6.0
3212505,sandwich,3.0,4.0,12.0,credit card,,2023-07-15,2023.0,7.0,15.0
7331903,,1.0,5.0,5.0,,takeaway,2023-05-23,2023.0,5.0,23.0
2311188,cake,2.0,3.0,6.0,digital wallet,,2023-09-07,2023.0,9.0,7.0
6344806,juice,3.0,3.0,9.0,credit card,,2023-05-08,2023.0,5.0,8.0
4891221,cookie,5.0,1.0,5.0,,takeaway,2023-12-09,2023.0,12.0,9.0
1316036,,2.0,3.0,6.0,cash,takeaway,2023-10-27,2023.0,10.0,27.0
7419274,juice,2.0,3.0,6.0,cash,takeaway,2023-12-18,2023.0,12.0,18.0
2178059,sandwich,4.0,4.0,16.0,,in-store,2023-03-24,2023.0,3.0,24.0
2205071,coffee,5.0,2.0,10.0,credit card,in-store,2023-11-23,2023.0,11.0,23.0
5790078,juice,4.0,3.0,12.0,digital wallet,takeaway,2023-04-16,2023.0,4.0,16.0
4119210,tea,3.0,1.5,4.5,cash,in-store,2023-05-02,2023.0,5.0,2.0
2349072,smoothie,5.0,4.0,20.0,cash,takeaway,2023-09-06,2023.0,9.0,6.0
3670103,tea,2.0,1.5,3.0,,in-store,2023-04-30,2023.0,4.0,30.0
1933628,,2.0,3.0,6.0,cash,in-store,2023-08-27,2023.0,8.0,27.0
6444911,juice,5.0,3.0,15.0,credit card,,2023-02-11,2023.0,2.0,11.0
4186842,juice,5.0,3.0,15.0,,takeaway,2023-10-29,2023.0,10.0,29.0
2194305,sandwich,2.0,4.0,8.0,credit card,takeaway,2023-09-16,2023.0,9.0,16.0
2002049,coffee,5.0,2.0,10.0,,,2023-03-17,2023.0,3.0,17.0
4837447,cake,2.0,3.0,6.0,digital wallet,takeaway,2023-11-06,2023.0,11.0,6.0
5517185,smoothie,3.0,4.0,12.0,digital wallet,,2023-11-05,2023.0,11.0,5.0
9658905,,5.0,1.5,7.5,cash,takeaway,2023-05-16,2023.0,5.0,16.0
3373997,salad,4.0,5.0,20.0,,,2023-02-01,2023.0,2.0,1.0
1950343,cookie,2.0,1.0,2.0,,,2023-07-25,2023.0,7.0,25.0
4477016,sandwich,4.0,4.0,16.0,,in-store,2023-04-12,2023.0,4.0,12.0
2644403,tea,4.0,1.5,6.0,,,2023-12-22,2023.0,12.0,22.0
7006741,sandwich,,4.0,,digital wallet,,2023-12-30,2023.0,12.0,30.0
7246698,sandwich,3.0,4.0,12.0,,in-store,2023-06-22,2023.0,6.0,22.0
8063016,cookie,1.0,1.0,1.0,cash,,2023-02-27,2023.0,2.0,27.0
9215670,coffee,3.0,,,cash,takeaway,2023-05-04,2023.0,5.0,4.0
6780463,tea,3.0,1.5,4.5,,,2023-10-26,2023.0,10.0,26.0
5975573,,1.0,1.0,1.0,,takeaway,2023-01-20,2023.0,1.0,20.0
5560669,salad,5.0,5.0,25.0,credit card,,2023-06-30,2023.0,6.0,30.0
4046095,juice,2.0,3.0,6.0,digital wallet,takeaway,2023-10-12,2023.0,10.0,12.0
6559598,juice,1.0,3.0,3.0,digital wallet,,2023-05-08,2023.0,5.0,8.0
9707159,cake,5.0,3.0,15.0,credit card,in-store,2023-11-10,2023.0,11.0,10.0
9983518,tea,2.0,1.5,3.0,credit card,in-store,2023-07-18,2023.0,7.0,18.0
1714348,sandwich,2.0,4.0,8.0,cash,takeaway,2023-12-31,2023.0,12.0,31.0
8211288,smoothie,1.0,4.0,4.0,cash,in-store,2023-04-23,2023.0,4.0,23.0
7035067,salad,2.0,,,cash,,2023-09-29,2023.0,9.0,29.0
6335423,coffee,2.0,2.0,4.0,credit card,in-store,2023-06-18,2023.0,6.0,18.0
9475783,sandwich,5.0,4.0,20.0,credit card,takeaway,2023-02-11,2023.0,2.0,11.0
4108869,smoothie,5.0,4.0,20.0,,,2023-05-02,2023.0,5.0,2.0
6011341,juice,4.0,3.0,12.0,,in-store,2023-12-21,2023.0,12.0,21.0
5257531,tea,2.0,1.5,3.0,,,2023-04-10,2023.0,4.0,10.0
1645743,cookie,4.0,1.0,4.0,digital wallet,takeaway,2023-07-02,2023.0,7.0,2.0
8167311,salad,1.0,5.0,5.0,,takeaway,2023-10-09,2023.0,10.0,9.0
2377667,smoothie,3.0,4.0,12.0,digital wallet,takeaway,2023-10-27,2023.0,10.0,27.0
9554670,,4.0,3.0,12.0,credit card,in-store,2023-06-20,2023.0,6.0,20.0
3312574,cookie,2.0,1.0,2.0,,,2023-11-03,2023.0,11.0,3.0
9208629,cake,1.0,3.0,3.0,,takeaway,2023-03-30,2023.0,3.0,30.0
6846085,cookie,4.0,1.0,4.0,digital wallet,,2023-02-26,2023.0,2.0,26.0
5430200,sandwich,,4.0,,credit card,takeaway,2023-11-12,2023.0,11.0,12.0
5135172,,4.0,5.0,20.0,digital wallet,in-store,2023-12-10,2023.0,12.0,10.0
2282416,tea,,1.5,,,takeaway,2023-04-29,2023.0,4.0,29.0
6716151,sandwich,3.0,4.0,12.0,digital wallet,takeaway,2023-01-26,2023.0,1.0,26.0
5303258,sandwich,4.0,4.0,16.0,digital wallet,in-store,2023-09-28,2023.0,9.0,28.0
2947683,cake,3.0,3.0,9.0,,in-store,2023-05-14,2023.0,5.0,14.0
8831659,sandwich,1.0,4.0,4.0,credit card,,2023-01-29,2023.0,1.0,29.0
8980495,,,4.0,,credit card,takeaway,2023-11-17,2023.0,11.0,17.0
9129298,,1.0,2.0,2.0,,,2023-12-19,2023.0,12.0,19.0
2188342,coffee,3.0,2.0,6.0,cash,,2023-09-10,2023.0,9.0,10.0
3843943,tea,5.0,1.5,7.5,,takeaway,2023-07-01,2023.0,7.0,1.0
4989644,juice,5.0,,,digital wallet,,2023-11-13,2023.0,11.0,13.0
9456357,cake,3.0,3.0,9.0,credit card,,2023-02-21,2023.0,2.0,21.0
9549021,salad,2.0,5.0,10.0,,,2023-11-25,2023.0,11.0,25.0
9263030,sandwich,5.0,4.0,20.0,cash,takeaway,2023-07-03,2023.0,7.0,3.0
9732454,smoothie,5.0,,,,in-store,2023-07-28,2023.0,7.0,28.0
4129476,coffee,2.0,2.0,4.0,cash,,2023-10-24,2023.0,10.0,24.0
7060691,salad,5.0,5.0,25.0,credit card,,2023-10-25,2023.0,10.0,25.0
8048357,salad,4.0,5.0,20.0,,in-store,,,,
5528787,juice,2.0,3.0,6.0,digital wallet,,2023-10-22,2023.0,10.0,22.0
8952145,cake,3.0,3.0,9.0,credit card,takeaway,2023-01-28,2023.0,1.0,28.0
8062811,coffee,2.0,2.0,4.0,cash,takeaway,2023-04-07,2023.0,4.0,7.0
9710982,,4.0,,,,,2023-03-03,2023.0,3.0,3.0
2020445,smoothie,2.0,4.0,8.0,cash,,2023-03-06,2023.0,3.0,6.0
7855761,cookie,1.0,1.0,1.0,cash,in-store,2023-01-10,2023.0,1.0,10.0
9455977,tea,1.0,1.5,1.5,digital wallet,takeaway,2023-03-10,2023.0,3.0,10.0
6684056,smoothie,2.0,4.0,8.0,,,2023-09-14,2023.0,9.0,14.0
6085326,cake,2.0,3.0,6.0,,,2023-08-22,2023.0,8.0,22.0
4528522,coffee,5.0,2.0,10.0,digital wallet,takeaway,2023-12-04,2023.0,12.0,4.0
7049861,cake,5.0,3.0,15.0,cash,in-store,2023-01-20,2023.0,1.0,20.0
7312448,tea,1.0,1.5,1.5,,,2023-01-16,2023.0,1.0,16.0
2201857,smoothie,,4.0,,,takeaway,2023-02-19,2023.0,2.0,19.0
4982382,salad,1.0,5.0,5.0,cash,,2023-01-05,2023.0,1.0,5.0
9001844,sandwich,1.0,4.0,4.0,cash,takeaway,2023-08-02,2023.0,8.0,2.0
9104710,salad,5.0,5.0,25.0,cash,takeaway,2023-03-20,2023.0,3.0,20.0
8266662,coffee,5.0,2.0,10.0,credit card,,2023-04-09,2023.0,4.0,9.0
9178213,,2.0,2.0,4.0,digital wallet,takeaway,2023-02-27,2023.0,2.0,27.0
7755216,salad,5.0,5.0,25.0,,in-store,2023-02-03,2023.0,2.0,3.0
2241162,juice,3.0,3.0,9.0,,,2023-08-09,2023.0,8.0,9.0
5757933,tea,1.0,1.5,1.5,cash,,2023-02-20,2023.0,2.0,20.0
8859144,cake,1.0,3.0,3.0,digital wallet,takeaway,2023-01-15,2023.0,1.0,15.0
8740257,cake,5.0,3.0,15.0,digital wallet,,2023-06-09,2023.0,6.0,9.0
4271034,smoothie,3.0,4.0,12.0,digital wallet,in-store,2023-02-28,2023.0,2.0,28.0
2741424,tea,4.0,1.5,6.0,credit card,in-store,2023-05-03,2023.0,5.0,3.0
4709135,sandwich,2.0,4.0,8.0,credit card,takeaway,,,,
6676143,sandwich,5.0,4.0,20.0,cash,in-store,2023-05-21,2023.0,5.0,21.0
2199647,salad,1.0,5.0,5.0,cash,,2023-05-05,2023.0,5.0,5.0
3016079,smoothie,3.0,4.0,12.0,digital wallet,takeaway,2023-09-24,2023.0,9.0,24.0
3140950,juice,5.0,3.0,15.0,credit card,,,,,
6881662,salad,2.0,5.0,10.0,digital wallet,takeaway,2023-07-10,2023.0,7.0,10.0
4238818,coffee,2.0,2.0,4.0,digital wallet,,2023-04-05,2023.0,4.0,5.0
2146829,salad,4.0,5.0,20.0,cash,,2023-12-26,2023.0,12.0,26.0
8131537,smoothie,2.0,4.0,8.0,credit card,,2023-12-03,2023.0,12.0,3.0
9812021,tea,5.0,1.5,7.5,credit card,in-store,2023-02-12,2023.0,2.0,12.0
7947711,salad,3.0,5.0,15.0,digital wallet,takeaway,2023-12-06,2023.0,12.0,6.0
6774688,salad,1.0,5.0,5.0,credit card,,2023-01-18,2023.0,1.0,18.0
3949676,juice,4.0,3.0,12.0,credit card,in-store,2023-12-21,2023.0,12.0,21.0
4283693,salad,2.0,5.0,10.0,cash,in-store,2023-01-05,2023.0,1.0,5.0
2274945,sandwich,4.0,4.0,16.0,cash,in-store,2023-03-29,2023.0,3.0,29.0
5757196,juice,5.0,3.0,15.0,,in-store,,,,
6787259,sandwich,2.0,4.0,8.0,credit card,in-store,2023-08-18,2023.0,8.0,18.0
7062893,smoothie,2.0,4.0,8.0,digital wallet,in-store,2023-10-15,2023.0,10.0,15.0
7482834,sandwich,,4.0,,,in-store,2023-05-16,2023.0,5.0,16.0
8533584,cookie,2.0,1.0,2.0,cash,takeaway,2023-03-11,2023.0,3.0,11.0
4311369,smoothie,2.0,4.0,8.0,digital wallet,takeaway,2023-08-18,2023.0,8.0,18.0
7123353,cookie,4.0,1.0,4.0,,in-store,2023-02-08,2023.0,2.0,8.0
8230414,sandwich,4.0,4.0,16.0,cash,,2023-11-20,2023.0,11.0,20.0
3738314,sandwich,4.0,4.0,16.0,,,2023-08-06,2023.0,8.0,6.0
3200434,cake,4.0,3.0,12.0,,,2023-02-18,2023.0,2.0,18.0
7485706,cookie,5.0,1.0,5.0,credit card,takeaway,2023-11-15,2023.0,11.0,15.0
9908225,smoothie,5.0,4.0,20.0,credit card,in-store,2023-01-04,2023.0,1.0,4.0
7163533,smoothie,4.0,4.0,16.0,credit card,takeaway,2023-08-17,2023.0,8.0,17.0
6867995,cookie,3.0,1.0,3.0,digital wallet,in-store,2023-10-15,2023.0,10.0,15.0
9563685,salad,1.0,5.0,5.0,credit card,,2023-07-28,2023.0,7.0,28.0
3345675,cookie,4.0,1.0,4.0,,,2023-09-23,2023.0,9.0,23.0
9890734,smoothie,4.0,4.0,16.0,,takeaway,2023-04-17,2023.0,4.0,17.0
7697294,smoothie,3.0,4.0,12.0,,,2023-01-17,2023.0,1.0,17.0
5256055,salad,5.0,5.0,25.0,credit card,takeaway,2023-02-07,2023.0,2.0,7.0
3399674,smoothie,5.0,,,digital wallet,,2023-12-09,2023.0,12.0,9.0
6067979,sandwich,1.0,4.0,4.0,credit card,in-store,2023-07-29,2023.0,7.0,29.0
4340811,cake,5.0,3.0,15.0,,in-store,2023-04-15,2023.0,4.0,15.0
6515226,juice,1.0,3.0,3.0,digital wallet,,2023-01-05,2023.0,1.0,5.0
6069730,juice,1.0,3.0,3.0,cash,in-store,2023-02-05,2023.0,2.0,5.0
2396191,juice,4.0,3.0,12.0,credit card,,2023-05-12,2023.0,5.0,12.0
5223162,juice,3.0,3.0,9.0,digital wallet,,2023-10-29,2023.0,10.0,29.0
4224401,salad,3.0,5.0,15.0,digital wallet,in-store,2023-12-18,2023.0,12.0,18.0
9298882,sandwich,3.0,4.0,12.0,,,2023-01-13,2023.0,1.0,13.0
1048616,tea,1.0,1.5,1.5,cash,,2023-10-10,2023.0,10.0,10.0
5896141,smoothie,5.0,4.0,20.0,,in-store,2023-03-08,2023.0,3.0,8.0
8549341,cake,5.0,3.0,15.0,cash,takeaway,,,,
6929664,coffee,1.0,2.0,2.0,,takeaway,2023-03-05,2023.0,3.0,5.0
1570632,sandwich,5.0,4.0,20.0,digital wallet,,2023-02-28,2023.0,2.0,28.0
4650811,tea,5.0,1.5,7.5,cash,,2023-09-26,2023.0,9.0,26.0
9858152,smoothie,2.0,4.0,8.0,digital wallet,in-store,2023-01-28,2023.0,1.0,28.0
2666773,juice,3.0,3.0,9.0,credit card,,2023-06-29,2023.0,6.0,29.0
1387062,,5.0,4.0,20.0,credit card,,2023-08-22,2023.0,8.0,22.0
4060332,smoothie,3.0,4.0,12.0,credit card,takeaway,2023-07-10,2023.0,7.0,10.0
2780349,coffee,5.0,2.0,10.0,cash,,2023-11-12,2023.0,11.0,12.0
5923474,cake,4.0,3.0,12.0,,in-store,,,,
2905218,smoothie,5.0,4.0,20.0,cash,in-store,2023-09-03,2023.0,9.0,3.0
2041190,juice,1.0,3.0,3.0,digital wallet,,2023-11-04,2023.0,11.0,4.0
8269366,sandwich,1.0,4.0,4.0,,,2023-10-31,2023.0,10.0,31.0
8277583,cookie,5.0,1.0,5.0,digital wallet,takeaway,2023-08-15,2023.0,8.0,15.0
3785049,sandwich,4.0,4.0,16.0,,,2023-11-26,2023.0,11.0,26.0
8819928,coffee,5.0,2.0,10.0,,,2023-06-03,2023.0,6.0,3.0
2078317,tea,1.0,1.5,1.5,cash,in-store,2023-09-21,2023.0,9.0,21.0
8657361,,4.0,2.0,8.0,,takeaway,2023-01-24,2023.0,1.0,24.0
4442954,coffee,2.0,2.0,4.0,cash,,2023-12-15,2023.0,12.0,15.0
8076449,juice,3.0,3.0,9.0,,takeaway,,,,
1560873,cookie,2.0,1.0,2.0,,takeaway,2023-07-19,2023.0,7.0,19.0
7057481,smoothie,3.0,4.0,12.0,cash,in-store,2023-07-11,2023.0,7.0,11.0
6869767,smoothie,2.0,4.0,8.0,digital wallet,takeaway,2023-06-06,2023.0,6.0,6.0
3705445,cookie,5.0,,,cash,in-store,2023-09-13,2023.0,9.0,13.0
9714665,salad,1.0,5.0,5.0,,takeaway,2023-11-11,2023.0,11.0,11.0
4155770,salad,5.0,5.0,25.0,,in-store,2023-09-20,2023.0,9.0,20.0
1828494,juice,2.0,3.0,6.0,digital wallet,takeaway,2023-07-21,2023.0,7.0,21.0
5992635,coffee,4.0,2.0,8.0,digital wallet,takeaway,,,,
6011304,cake,4.0,3.0,12.0,cash,,2023-11-20,2023.0,11.0,20.0
6223157,salad,1.0,5.0,5.0,,takeaway,2023-09-13,2023.0,9.0,13.0
8526084,cake,5.0,3.0,15.0,,takeaway,2023-03-05,2023.0,3.0,5.0
3509609,smoothie,3.0,4.0,12.0,digital wallet,takeaway,2023-12-25,2023.0,12.0,25.0
4276442,cake,4.0,3.0,12.0,credit card,in-store,2023-01-25,2023.0,1.0,25.0
4532475,coffee,,2.0,,digital wallet,,2023-04-23,2023.0,4.0,23.0
7956243,cake,4.0,3.0,12.0,cash,takeaway,2023-05-23,2023.0,5.0,23.0
4798335,sandwich,5.0,4.0,20.0,,takeaway,2023-02-16,2023.0,2.0,16.0
9336674,salad,4.0,5.0,20.0,,,2023-01-18,2023.0,1.0,18.0
5257169,juice,4.0,3.0,12.0,credit card,,2023-01-12,2023.0,1.0,12.0
5929633,cake,3.0,3.0,9.0,,in-store,2023-02-27,2023.0,2.0,27.0
9323014,cookie,3.0,1.0,3.0,,in-store,2023-08-15,2023.0,8.0,15.0
5764902,tea,,1.5,,,takeaway,2023-03-22,2023.0,3.0,22.0
1473693,smoothie,4.0,4.0,16.0,,takeaway,2023-05-14,2023.0,5.0,14.0
3827851,coffee,1.0,2.0,2.0,,,2023-01-09,2023.0,1.0,9.0
9087746,coffee,4.0,2.0,8.0,digital wallet,,2023-04-03,2023.0,4.0,3.0
3709853,smoothie,2.0,4.0,8.0,credit card,takeaway,2023-08-21,2023.0,8.0,21.0
9665245,,1.0,1.0,1.0,,takeaway,2023-10-17,2023.0,10.0,17.0
9486849,cake,,3.0,,cash,takeaway,2023-03-17,2023.0,3.0,17.0
7581536,smoothie,2.0,,,cash,,2023-12-29,2023.0,12.0,29.0
1408709,smoothie,5.0,4.0,20.0,cash,takeaway,2023-04-14,2023.0,4.0,14.0
6494850,coffee,,2.0,,cash,,2023-07-08,2023.0,7.0,8.0
4003040,cookie,4.0,1.0,4.0,credit card,in-store,2023-09-12,2023.0,9.0,12.0
1021087,sandwich,1.0,4.0,4.0,,,2023-11-01,2023.0,11.0,1.0
1082717,,,,,digital wallet,in-store,2023-12-13,2023.0,12.0,13.0
2530326,sandwich,5.0,4.0,20.0,,in-store,2023-05-06,2023.0,5.0,6.0
1309653,salad,2.0,5.0,10.0,cash,in-store,,,,
9781679,sandwich,2.0,4.0,8.0,credit card,takeaway,2023-09-08,2023.0,9.0,8.0
8208915,juice,,3.0,,cash,,2023-05-09,2023.0,5.0,9.0
5499117,salad,4.0,5.0,20.0,digital wallet,,2023-07-16,2023.0,7.0,16.0
8566499,salad,,5.0,,digital wallet,in-store,2023-12-27,2023.0,12.0,27.0
8510450,,4.0,3.0,12.0,,,2023-01-04,2023.0,1.0,4.0
9370771,juice,5.0,3.0,15.0,cash,in-store,2023-08-21,2023.0,8.0,21.0
5914284,coffee,2.0,2.0,4.0,credit card,takeaway,2023-06-25,2023.0,6.0,25.0
9590819,coffee,3.0,2.0,6.0,,in-store,2023-11-21,2023.0,11.0,21.0
9878649,smoothie,5.0,4.0,20.0,cash,takeaway,2023-09-18,2023.0,9.0,18.0
5909816,juice,5.0,3.0,15.0,cash,takeaway,2023-09-19,2023.0,9.0,19.0
9461980,salad,1.0,5.0,5.0,credit card,in-store,2023-04-14,2023.0,4.0,14.0
8090470,sandwich,4.0,4.0,16.0,digital wallet,takeaway,2023-11-18,2023.0,11.0,18.0
9041473,smoothie,2.0,4.0,8.0,digital wallet,,,,,
6052534,salad,4.0,5.0,20.0,cash,,2023-02-19,2023.0,2.0,19.0
1392546,cake,,3.0,,digital wallet,in-store,2023-12-06,2023.0,12.0,6.0
8128146,,2.0,3.0,6.0,cash,in-store,2023-05-16,2023.0,5.0,16.0
2119325,cake,5.0,3.0,15.0,,in-store,2023-11-13,2023.0,11.0,13.0
9067752,smoothie,2.0,4.0,8.0,digital wallet,takeaway,2023-04-24,2023.0,4.0,24.0
8211133,tea,2.0,1.5,3.0,,takeaway,2023-08-31,2023.0,8.0,31.0
2331025,cookie,2.0,1.0,2.0,cash,,2023-04-28,2023.0,4.0,28.0
3543133,tea,2.0,1.5,3.0,,,2023-04-08,2023.0,4.0,8.0
2640771,cookie,2.0,1.0,2.0,digital wallet,takeaway,2023-01-27,2023.0,1.0,27.0
1103883,cookie,5.0,1.0,5.0,credit card,,2023-08-09,2023.0,8.0,9.0
8593064,smoothie,4.0,4.0,16.0,cash,takeaway,2023-03-12,2023.0,3.0,12.0
1803599,,1.0,4.0,4.0,digital wallet,takeaway,2023-08-30,2023.0,8.0,30.0
2873573,coffee,3.0,2.0,6.0,,in-store,2023-01-11,2023.0,1.0,11.0
9223045,tea,5.0,,,credit card,in-store,2023-10-29,2023.0,10.0,29.0
9502424,,4.0,3.0,12.0,cash,,2023-09-06,2023.0,9.0,6.0
8659330,tea,4.0,1.5,6.0,credit card,takeaway,2023-08-20,2023.0,8.0,20.0
5615754,smoothie,5.0,,,digital wallet,takeaway,2023-04-16,2023.0,4.0,16.0
2898571,smoothie,3.0,4.0,12.0,,,2023-05-10,2023.0,5.0,10.0
1584851,smoothie,1.0,4.0,4.0,credit card,,2023-04-10,2023.0,4.0,10.0
9430262,coffee,5.0,2.0,10.0,,,2023-03-16,2023.0,3.0,16.0
9042309,coffee,2.0,2.0,4.0,cash,,2023-12-03,2023.0,12.0,3.0
4816652,sandwich,1.0,4.0,4.0,,,2023-07-17,2023.0,7.0,17.0
8127929,,5.0,1.0,5.0,credit card,takeaway,2023-10-08,2023.0,10.0,8.0
8567172,coffee,3.0,2.0,6.0,,in-store,2023-02-05,2023.0,2.0,5.0
2317867,tea,5.0,1.5,7.5,cash,in-store,2023-01-23,2023.0,1.0,23.0
4416436,coffee,3.0,2.0,6.0,digital wallet,,2023-05-17,2023.0,5.0,17.0
7467621,salad,4.0,5.0,20.0,credit card,takeaway,2023-01-28,2023.0,1.0,28.0
5005999,salad,4.0,5.0,20.0,cash,,2023-01-09,2023.0,1.0,9.0
8664295,smoothie,2.0,4.0,8.0,credit card,,2023-02-23,2023.0,2.0,23.0
4831311,,2.0,2.0,4.0,cash,takeaway,2023-07-15,2023.0,7.0,15.0
2528186,,2.0,2.0,4.0,cash,,2023-06-17,2023.0,6.0,17.0
4971093,smoothie,4.0,4.0,16.0,,takeaway,2023-03-27,2023.0,3.0,27.0
3602272,smoothie,3.0,4.0,12.0,digital wallet,takeaway,2023-02-15,2023.0,2.0,15.0
4913329,coffee,5.0,2.0,10.0,credit card,takeaway,2023-10-30,2023.0,10.0,30.0
8830809,sandwich,5.0,4.0,20.0,digital wallet,in-store,2023-07-31,2023.0,7.0,31.0
7223387,juice,3.0,3.0,9.0,cash,,2023-12-17,2023.0,12.0,17.0
1629092,cookie,3.0,1.0,3.0,credit card,,2023-02-13,2023.0,2.0,13.0
4363360,smoothie,1.0,4.0,4.0,credit card,,2023-12-22,2023.0,12.0,22.0
9689507,salad,3.0,5.0,15.0,cash,in-store,2023-06-10,2023.0,6.0,10.0
3317406,sandwich,3.0,4.0,12.0,,takeaway,2023-01-04,2023.0,1.0,4.0
9662632,salad,4.0,5.0,20.0,digital wallet,in-store,2023-08-10,2023.0,8.0,10.0
1364211,salad,2.0,5.0,10.0,,in-store,2023-03-08,2023.0,3.0,8.0
1102876,cookie,1.0,1.0,1.0,cash,,,,,
2673294,coffee,3.0,2.0,6.0,cash,,2023-11-11,2023.0,11.0,11.0
2112848,cookie,4.0,1.0,4.0,credit card,in-store,2023-10-16,2023.0,10.0,16.0
1801691,salad,1.0,5.0,5.0,,takeaway,2023-05-18,2023.0,5.0,18.0
6424195,coffee,3.0,2.0,6.0,,takeaway,2023-09-14,2023.0,9.0,14.0
7854162,cake,5.0,3.0,15.0,digital wallet,,,,,
6923480,coffee,3.0,2.0,6.0,cash,takeaway,2023-10-27,2023.0,10.0,27.0
7416669,tea,3.0,1.5,4.5,,,2023-09-28,2023.0,9.0,28.0
3693990,cookie,2.0,1.0,2.0,,in-store,2023-07-19,2023.0,7.0,19.0
8652632,tea,1.0,1.5,1.5,digital wallet,,2023-01-12,2023.0,1.0,12.0
4141765,cake,5.0,3.0,15.0,,,2023-12-17,2023.0,12.0,17.0
8180793,cookie,4.0,1.0,4.0,digital wallet,,2023-11-17,2023.0,11.0,17.0
8875195,sandwich,5.0,4.0,20.0,credit card,in-store,2023-08-21,2023.0,8.0,21.0
9928552,sandwich,5.0,4.0,20.0,credit card,takeaway,2023-06-13,2023.0,6.0,13.0
3456748,juice,2.0,3.0,6.0,cash,in-store,2023-01-30,2023.0,1.0,30.0
5680687,salad,4.0,5.0,20.0,credit card,,2023-11-22,2023.0,11.0,22.0
9349736,sandwich,5.0,4.0,20.0,cash,,2023-03-18,2023.0,3.0,18.0
7558010,juice,4.0,3.0,12.0,,,2023-03-27,2023.0,3.0,27.0
8172897,cookie,3.0,1.0,3.0,,takeaway,2023-03-14,2023.0,3.0,14.0
8540794,cake,4.0,3.0,12.0,cash,,2023-04-06,2023.0,4.0,6.0
5966744,tea,3.0,1.5,4.5,,in-store,2023-12-13,2023.0,12.0,13.0
3132921,tea,,1.5,,credit card,in-store,2023-01-10,2023.0,1.0,10.0
7029719,,2.0,5.0,10.0,digital wallet,,2023-06-18,2023.0,6.0,18.0
3912440,tea,2.0,1.5,3.0,,in-store,2023-05-21,2023.0,5.0,21.0
4276702,,1.0,1.0,1.0,credit card,in-store,2023-11-17,2023.0,11.0,17.0
7657615,juice,3.0,3.0,9.0,credit card,,2023-07-17,2023.0,7.0,17.0
4020074,cookie,3.0,1.0,3.0,,,2023-03-01,2023.0,3.0,1.0
8942747,cookie,5.0,1.0,5.0,,takeaway,2023-12-14,2023.0,12.0,14.0
3902815,juice,5.0,3.0,15.0,,,2023-06-28,2023.0,6.0,28.0
8235042,,1.0,4.0,4.0,credit card,,,,,
6218380,cookie,4.0,1.0,4.0,cash,in-store,2023-02-07,2023.0,2.0,7.0
6905143,coffee,5.0,,,cash,,2023-08-09,2023.0,8.0,9.0
3839691,coffee,4.0,2.0,8.0,credit card,in-store,2023-02-13,2023.0,2.0,13.0
4866254,salad,4.0,5.0,20.0,cash,,2023-03-18,2023.0,3.0,18.0
8935781,coffee,2.0,2.0,4.0,,,2023-09-10,2023.0,9.0,10.0
2559020,cake,1.0,3.0,3.0,digital wallet,takeaway,2023-07-20,2023.0,7.0,20.0
8607376,coffee,5.0,2.0,10.0,cash,in-store,2023-06-13,2023.0,6.0,13.0
5858713,cookie,2.0,1.0,2.0,credit card,in-store,2023-03-05,2023.0,3.0,5.0
7064604,coffee,,2.0,,digital wallet,,2023-03-26,2023.0,3.0,26.0
3312690,cookie,3.0,1.0,3.0,credit card,in-store,2023-03-01,2023.0,3.0,1.0
1547555,smoothie,3.0,4.0,12.0,,takeaway,,,,
8687088,cookie,2.0,1.0,2.0,credit card,in-store,2023-05-11,2023.0,5.0,11.0
3440487,,5.0,2.0,10.0,cash,,2023-10-22,2023.0,10.0,22.0
9618881,coffee,5.0,2.0,10.0,,,2023-02-15,2023.0,2.0,15.0
5139074,cake,1.0,3.0,3.0,digital wallet,takeaway,2023-11-16,2023.0,11.0,16.0
2799785,juice,1.0,3.0,3.0,cash,,2023-01-25,2023.0,1.0,25.0
4466681,,,2.0,,cash,takeaway,2023-01-12,2023.0,1.0,12.0
9292025,,2.0,5.0,10.0,digital wallet,in-store,2023-03-25,2023.0,3.0,25.0
8155535,cake,1.0,3.0,3.0,,takeaway,2023-03-13,2023.0,3.0,13.0
5301926,cake,1.0,3.0,3.0,digital wallet,takeaway,2023-11-13,2023.0,11.0,13.0
3307518,juice,5.0,3.0,15.0,cash,takeaway,,,,
2379467,coffee,5.0,2.0,10.0,,,2023-04-01,2023.0,4.0,1.0
1837617,juice,3.0,3.0,9.0,,,2023-01-16,2023.0,1.0,16.0
3454881,salad,1.0,5.0,5.0,cash,in-store,2023-11-29,2023.0,11.0,29.0
4472969,juice,1.0,3.0,3.0,credit card,,2023-09-15,2023.0,9.0,15.0
1905459,smoothie,3.0,4.0,12.0,digital wallet,,2023-08-18,2023.0,8.0,18.0
8799945,coffee,2.0,,,cash,,2023-11-24,2023.0,11.0,24.0
4361614,smoothie,2.0,4.0,8.0,,takeaway,2023-04-28,2023.0,4.0,28.0
1665056,salad,5.0,5.0,25.0,cash,,2023-01-05,2023.0,1.0,5.0
2904046,smoothie,1.0,4.0,4.0,credit card,in-store,2023-12-11,2023.0,12.0,11.0
9743274,tea,5.0,1.5,7.5,,,2023-01-25,2023.0,1.0,25.0
5518232,salad,3.0,5.0,15.0,,takeaway,2023-05-01,2023.0,5.0,1.0
3770267,cake,2.0,3.0,6.0,,,2023-10-21,2023.0,10.0,21.0
7177709,juice,5.0,,,,takeaway,2023-03-08,2023.0,3.0,8.0
6246494,coffee,3.0,,,,in-store,2023-03-31,2023.0,3.0,31.0
6540200,tea,2.0,1.5,3.0,digital wallet,in-store,2023-10-23,2023.0,10.0,23.0
7486118,sandwich,4.0,4.0,16.0,,takeaway,2023-05-22,2023.0,5.0,22.0
5424614,cake,1.0,3.0,3.0,,in-store,2023-11-12,2023.0,11.0,12.0
6271598,juice,5.0,3.0,15.0,cash,,2023-08-18,2023.0,8.0,18.0
7562313,cake,2.0,3.0,6.0,,,2023-12-15,2023.0,12.0,15.0
9188774,tea,1.0,1.5,1.5,digital wallet,takeaway,2023-04-14,2023.0,4.0,14.0
9685716,cookie,2.0,1.0,2.0,digital wallet,,2023-02-26,2023.0,2.0,26.0
7493800,cake,5.0,3.0,15.0,credit card,takeaway,2023-08-16,2023.0,8.0,16.0
6833564,smoothie,5.0,4.0,20.0,,,2023-04-21,2023.0,4.0,21.0
9411395,coffee,5.0,2.0,10.0,,,2023-05-12,2023.0,5.0,12.0
8413251,sandwich,3.0,4.0,12.0,cash,takeaway,2023-08-18,2023.0,8.0,18.0
6990331,juice,1.0,3.0,3.0,digital wallet,,2023-07-30,2023.0,7.0,30.0
6007721,,4.0,4.0,16.0,cash,in-store,2023-08-21,2023.0,8.0,21.0
2107161,cookie,4.0,1.0,4.0,credit card,,,,,
2715086,juice,2.0,3.0,6.0,cash,,2023-11-03,2023.0,11.0,3.0
1444932,smoothie,1.0,4.0,4.0,cash,in-store,2023-05-24,2023.0,5.0,24.0
2747156,cookie,1.0,1.0,1.0,,in-store,2023-01-29,2023.0,1.0,29.0
6901094,salad,1.0,5.0,5.0,cash,in-store,,,,
5065748,cake,5.0,3.0,15.0,credit card,in-store,2023-07-19,2023.0,7.0,19.0
8014645,cake,2.0,3.0,6.0,cash,takeaway,2023-07-06,2023.0,7.0,6.0
2910247,smoothie,4.0,4.0,16.0,digital wallet,,2023-12-02,2023.0,12.0,2.0
2111973,tea,4.0,1.5,6.0,digital wallet,in-store,,,,
3251591,sandwich,,4.0,,,takeaway,2023-01-26,2023.0,1.0,26.0
4549977,cookie,1.0,1.0,1.0,cash,,2023-08-21,2023.0,8.0,21.0
1736294,coffee,3.0,2.0,6.0,digital wallet,,2023-09-06,2023.0,9.0,6.0
1698600,salad,4.0,5.0,20.0,cash,takeaway,2023-07-31,2023.0,7.0,31.0
3463568,salad,2.0,5.0,10.0,digital wallet,in-store,2023-04-12,2023.0,4.0,12.0
6773319,tea,4.0,1.5,6.0,,takeaway,2023-05-03,2023.0,5.0,3.0
5504920,cake,5.0,,,cash,takeaway,2023-09-30,2023.0,9.0,30.0
8392086,smoothie,4.0,4.0,16.0,,,2023-07-12,2023.0,7.0,12.0
9968926,juice,2.0,3.0,6.0,digital wallet,takeaway,2023-03-15,2023.0,3.0,15.0
4719069,juice,2.0,3.0,6.0,digital wallet,,2023-01-04,2023.0,1.0,4.0
3809941,cookie,4.0,1.0,4.0,credit card,,2023-11-01,2023.0,11.0,1.0
1935119,coffee,4.0,2.0,8.0,credit card,takeaway,2023-07-15,2023.0,7.0,15.0
8246369,juice,1.0,3.0,3.0,credit card,,2023-10-16,2023.0,10.0,16.0
2009782,salad,5.0,5.0,25.0,credit card,,2023-05-11,2023.0,5.0,11.0
4635230,sandwich,3.0,4.0,12.0,,in-store,2023-06-10,2023.0,6.0,10.0
9583176,cookie,5.0,1.0,5.0,,in-store,2023-05-03,2023.0,5.0,3.0
6784478,cookie,2.0,1.0,2.0,credit card,takeaway,2023-12-21,2023.0,12.0,21.0
9349471,coffee,3.0,2.0,6.0,digital wallet,,,,,
3866162,cake,5.0,3.0,15.0,cash,takeaway,2023-06-08,2023.0,6.0,8.0
7612056,cookie,5.0,1.0,5.0,credit card,,2023-03-08,2023.0,3.0,8.0
5349355,,2.0,5.0,10.0,digital wallet,in-store,2023-05-10,2023.0,5.0,10.0
9259900,salad,4.0,5.0,20.0,digital wallet,,2023-08-07,2023.0,8.0,7.0
4650834,salad,3.0,5.0,15.0,digital wallet,takeaway,2023-07-14,2023.0,7.0,14.0
6576987,salad,3.0,,,credit card,takeaway,2023-03-12,2023.0,3.0,12.0
1192970,coffee,2.0,2.0,4.0,digital wallet,takeaway,2023-06-17,2023.0,6.0,17.0
7645464,tea,5.0,1.5,7.5,cash,takeaway,2023-08-17,2023.0,8.0,17.0
4205860,salad,5.0,5.0,25.0,,,2023-09-10,2023.0,9.0,10.0
9495855,juice,2.0,3.0,6.0,cash,in-store,2023-04-18,2023.0,4.0,18.0
5712248,sandwich,5.0,4.0,20.0,,takeaway,2023-03-02,2023.0,3.0,2.0
4582966,juice,2.0,3.0,6.0,,,2023-10-28,2023.0,10.0,28.0
4203885,tea,3.0,1.5,4.5,cash,,2023-05-11,2023.0,5.0,11.0
1887083,juice,1.0,3.0,3.0,digital wallet,,2023-05-05,2023.0,5.0,5.0
5602640,smoothie,5.0,4.0,20.0,,takeaway,2023-04-01,2023.0,4.0,1.0
8285410,coffee,4.0,2.0,8.0,credit card,,2023-09-10,2023.0,9.0,10.0
5654663,juice,,3.0,,,takeaway,2023-07-31,2023.0,7.0,31.0
6687699,salad,4.0,5.0,20.0,cash,in-store,2023-09-11,2023.0,9.0,11.0
4331281,cake,,3.0,,digital wallet,takeaway,2023-02-03,2023.0,2.0,3.0
2390146,coffee,3.0,2.0,6.0,,,2023-06-24,2023.0,6.0,24.0
9478033,cake,2.0,3.0,6.0,,in-store,2023-04-08,2023.0,4.0,8.0
8546777,cake,4.0,3.0,12.0,,in-store,2023-03-16,2023.0,3.0,16.0
6433362,cookie,2.0,1.0,2.0,cash,in-store,2023-12-07,2023.0,12.0,7.0
4991594,smoothie,2.0,4.0,8.0,credit card,in-store,2023-12-08,2023.0,12.0,8.0
9016451,cookie,3.0,1.0,3.0,,,2023-10-16,2023.0,10.0,16.0
3516296,sandwich,3.0,4.0,12.0,,in-store,2023-05-29,2023.0,5.0,29.0
9464961,sandwich,4.0,4.0,16.0,cash,in-store,2023-11-23,2023.0,11.0,23.0
7445257,coffee,1.0,2.0,2.0,,,2023-04-02,2023.0,4.0,2.0
4463677,salad,5.0,5.0,25.0,digital wallet,in-store,2023-02-27,2023.0,2.0,27.0
4886990,salad,3.0,5.0,15.0,,takeaway,2023-12-17,2023.0,12.0,17.0
4962147,cake,2.0,3.0,6.0,,,2023-02-07,2023.0,2.0,7.0
5575420,smoothie,3.0,4.0,12.0,,in-store,2023-06-26,2023.0,6.0,26.0
1687822,salad,4.0,5.0,20.0,credit card,takeaway,,,,
3628566,coffee,5.0,2.0,10.0,,,2023-08-17,2023.0,8.0,17.0
5297746,coffee,3.0,2.0,6.0,credit card,in-store,2023-07-11,2023.0,7.0,11.0
5230719,cake,5.0,3.0,15.0,credit card,,2023-03-23,2023.0,3.0,23.0
9244886,coffee,1.0,2.0,2.0,,takeaway,2023-02-09,2023.0,2.0,9.0
8145813,juice,4.0,3.0,12.0,digital wallet,in-store,2023-02-10,2023.0,2.0,10.0
4179797,tea,2.0,1.5,3.0,,,2023-11-06,2023.0,11.0,6.0
7485379,juice,1.0,3.0,3.0,credit card,,2023-03-27,2023.0,3.0,27.0
3171150,,1.0,3.0,3.0,digital wallet,,2023-02-06,2023.0,2.0,6.0
7988991,tea,4.0,1.5,6.0,digital wallet,in-store,,,,
3801485,coffee,5.0,2.0,10.0,credit card,in-store,2023-11-10,2023.0,11.0,10.0
2312908,coffee,3.0,2.0,6.0,cash,in-store,2023-02-07,2023.0,2.0,7.0
6826342,,2.0,3.0,6.0,credit card,,2023-03-30,2023.0,3.0,30.0
3620213,coffee,2.0,2.0,4.0,credit card,in-store,2023-09-09,2023.0,9.0,9.0
4030181,smoothie,5.0,4.0,20.0,credit card,,2023-09-20,2023.0,9.0,20.0
1664563,smoothie,3.0,4.0,12.0,cash,,2023-04-28,2023.0,4.0,28.0
2002730,smoothie,2.0,4.0,8.0,,takeaway,2023-09-27,2023.0,9.0,27.0
9662827,tea,1.0,1.5,1.5,,,2023-09-30,2023.0,9.0,30.0
9579691,cookie,5.0,1.0,5.0,credit card,in-store,2023-01-16,2023.0,1.0,16.0
4131020,sandwich,2.0,4.0,8.0,credit card,,2023-06-15,2023.0,6.0,15.0
3462602,cake,3.0,3.0,9.0,credit card,in-store,2023-08-27,2023.0,8.0,27.0
1149624,cake,3.0,3.0,9.0,,,2023-09-14,2023.0,9.0,14.0
2628157,coffee,,2.0,,digital wallet,,2023-10-26,2023.0,10.0,26.0
9152120,sandwich,4.0,4.0,16.0,cash,takeaway,2023-03-28,2023.0,3.0,28.0
9018195,cake,5.0,3.0,15.0,cash,,2023-10-07,2023.0,10.0,7.0
7799711,smoothie,5.0,,,digital wallet,takeaway,2023-12-03,2023.0,12.0,3.0
6697374,smoothie,2.0,4.0,8.0,,,2023-07-31,2023.0,7.0,31.0
9014681,,,4.0,,,in-store,2023-01-03,2023.0,1.0,3.0
4366417,sandwich,3.0,4.0,12.0,,takeaway,2023-10-10,2023.0,10.0,10.0
3930313,cookie,3.0,1.0,3.0,credit card,takeaway,,,,
7511351,tea,4.0,1.5,6.0,cash,takeaway,2023-10-07,2023.0,10.0,7.0
5205595,juice,1.0,3.0,3.0,,in-store,2023-03-01,2023.0,3.0,1.0
8276063,coffee,1.0,2.0,2.0,credit card,,2023-01-06,2023.0,1.0,6.0
1020478,coffee,1.0,2.0,2.0,digital wallet,takeaway,2023-03-09,2023.0,3.0,9.0
5176767,smoothie,4.0,4.0,16.0,,takeaway,2023-05-03,2023.0,5.0,3.0
6043396,sandwich,3.0,4.0,12.0,,in-store,2023-10-07,2023.0,10.0,7.0
4975029,smoothie,4.0,4.0,16.0,cash,in-store,2023-04-23,2023.0,4.0,23.0
9493077,cake,4.0,3.0,12.0,credit card,,2023-01-10,2023.0,1.0,10.0
3493771,cake,2.0,3.0,6.0,,,2023-02-13,2023.0,2.0,13.0
8640673,juice,2.0,3.0,6.0,cash,in-store,2023-09-11,2023.0,9.0,11.0
4793771,cake,4.0,3.0,12.0,cash,,2023-12-26,2023.0,12.0,26.0
8107005,juice,3.0,3.0,9.0,,,2023-09-15,2023.0,9.0,15.0
7857126,cookie,4.0,1.0,4.0,cash,takeaway,2023-08-21,2023.0,8.0,21.0
2940613,juice,4.0,3.0,12.0,cash,,2023-06-28,2023.0,6.0,28.0
2407379,smoothie,4.0,4.0,16.0,digital wallet,,2023-03-13,2023.0,3.0,13.0
3376952,tea,2.0,,,,takeaway,2023-10-23,2023.0,10.0,23.0
4083004,sandwich,5.0,4.0,20.0,,takeaway,2023-03-06,2023.0,3.0,6.0
3635628,sandwich,3.0,4.0,12.0,digital wallet,in-store,2023-10-28,2023.0,10.0,28.0
3554772,tea,3.0,1.5,4.5,credit card,,2023-10-06,2023.0,10.0,6.0
9454387,salad,2.0,5.0,10.0,cash,takeaway,2023-01-02,2023.0,1.0,2.0
9660362,cake,2.0,3.0,6.0,credit card,takeaway,2023-08-16,2023.0,8.0,16.0
9281939,,3.0,1.5,4.5,cash,in-store,2023-05-22,2023.0,5.0,22.0
2347248,salad,1.0,5.0,5.0,credit card,,2023-11-11,2023.0,11.0,11.0
3732426,sandwich,2.0,4.0,8.0,digital wallet,,2023-03-07,2023.0,3.0,7.0
8675558,tea,5.0,1.5,7.5,,in-store,2023-05-23,2023.0,5.0,23.0
1963345,smoothie,4.0,4.0,16.0,,in-store,2023-10-12,2023.0,10.0,12.0
6332405,juice,3.0,3.0,9.0,digital wallet,takeaway,2023-12-03,2023.0,12.0,3.0
8946323,tea,2.0,,,cash,,2023-08-23,2023.0,8.0,23.0
1529961,smoothie,4.0,4.0,16.0,credit card,,2023-09-29,2023.0,9.0,29.0
8860052,cake,5.0,3.0,15.0,credit card,takeaway,2023-07-18,2023.0,7.0,18.0
6732833,salad,1.0,5.0,5.0,digital wallet,in-store,2023-07-21,2023.0,7.0,21.0
1983705,,3.0,3.0,9.0,cash,takeaway,,,,
6232398,juice,2.0,3.0,6.0,cash,in-store,2023-07-05,2023.0,7.0,5.0
2391245,,4.0,2.0,8.0,digital wallet,in-store,2023-04-13,2023.0,4.0,13.0
7670296,juice,2.0,3.0,6.0,cash,takeaway,2023-01-25,2023.0,1.0,25.0
6128086,tea,4.0,,,digital wallet,takeaway,2023-12-26,2023.0,12.0,26.0
1141405,cookie,1.0,1.0,1.0,,,,,,
4898346,smoothie,2.0,4.0,8.0,cash,,2023-05-07,2023.0,5.0,7.0
2807324,sandwich,2.0,4.0,8.0,cash,,2023-11-13,2023.0,11.0,13.0
4428486,smoothie,1.0,4.0,4.0,,,2023-07-28,2023.0,7.0,28.0
4430772,coffee,5.0,2.0,10.0,credit card,,2023-01-11,2023.0,1.0,11.0
7251108,,,3.0,,credit card,in-store,2023-10-04,2023.0,10.0,4.0
3987718,tea,4.0,1.5,6.0,,,2023-12-24,2023.0,12.0,24.0
6658070,juice,2.0,3.0,6.0,cash,takeaway,2023-11-03,2023.0,11.0,3.0
6007437,juice,1.0,3.0,3.0,credit card,,2023-11-22,2023.0,11.0,22.0
6030518,sandwich,3.0,4.0,12.0,,in-store,2023-12-20,2023.0,12.0,20.0
4228838,coffee,5.0,2.0,10.0,credit card,takeaway,2023-09-22,2023.0,9.0,22.0
3303518,juice,4.0,3.0,12.0,,in-store,2023-06-30,2023.0,6.0,30.0
9719921,salad,5.0,5.0,25.0,credit card,,2023-07-28,2023.0,7.0,28.0
1272118,cookie,4.0,1.0,4.0,credit card,takeaway,2023-04-21,2023.0,4.0,21.0
4060215,salad,3.0,5.0,15.0,credit card,in-store,2023-01-12,2023.0,1.0,12.0
2569119,juice,1.0,3.0,3.0,credit card,takeaway,2023-08-04,2023.0,8.0,4.0
2894945,coffee,2.0,2.0,4.0,,,2023-02-28,2023.0,2.0,28.0
7992512,sandwich,5.0,4.0,20.0,credit card,in-store,2023-07-17,2023.0,7.0,17.0
2771512,,4.0,3.0,12.0,digital wallet,takeaway,2023-12-23,2023.0,12.0,23.0
6109953,,3.0,3.0,9.0,digital wallet,takeaway,2023-04-22,2023.0,4.0,22.0
5728193,sandwich,1.0,4.0,4.0,credit card,in-store,,,,
2417271,tea,4.0,1.5,6.0,credit card,takeaway,2023-02-01,2023.0,2.0,1.0
8156455,cake,2.0,3.0,6.0,cash,,2023-02-12,2023.0,2.0,12.0
7063005,cake,1.0,3.0,3.0,,,2023-01-18,2023.0,1.0,18.0
9425096,smoothie,5.0,4.0,20.0,credit card,in-store,2023-06-12,2023.0,6.0,12.0
6236737,juice,5.0,3.0,15.0,cash,in-store,2023-03-19,2023.0,3.0,19.0
9691364,cookie,3.0,1.0,3.0,credit card,in-store,2023-03-02,2023.0,3.0,2.0
4688280,,1.0,1.5,1.5,,,2023-02-16,2023.0,2.0,16.0
1770648,sandwich,4.0,4.0,16.0,credit card,,2023-09-30,2023.0,9.0,30.0
1524602,,3.0,2.0,6.0,cash,takeaway,2023-05-11,2023.0,5.0,11.0
5289658,smoothie,2.0,4.0,8.0,digital wallet,takeaway,,,,
2602732,salad,4.0,5.0,20.0,digital wallet,,2023-06-09,2023.0,6.0,9.0
5132482,juice,2.0,3.0,6.0,digital wallet,in-store,2023-12-21,2023.0,12.0,21.0
3281605,,1.0,1.5,1.5,,takeaway,2023-07-27,2023.0,7.0,27.0
9969836,cookie,5.0,1.0,5.0,digital wallet,takeaway,2023-04-06,2023.0,4.0,6.0
7938279,tea,3.0,1.5,4.5,cash,takeaway,2023-03-17,2023.0,3.0,17.0
8712307,,5.0,3.0,15.0,cash,in-store,2023-04-10,2023.0,4.0,10.0
8595386,cookie,4.0,1.0,4.0,credit card,,2023-08-04,2023.0,8.0,4.0
6398450,tea,2.0,1.5,3.0,digital wallet,in-store,2023-11-19,2023.0,11.0,19.0
3042552,,1.0,3.0,3.0,cash,,2023-09-08,2023.0,9.0,8.0
7084298,cake,3.0,3.0,9.0,,takeaway,2023-02-18,2023.0,2.0,18.0
8384428,cookie,1.0,1.0,1.0,digital wallet,in-store,2023-08-11,2023.0,8.0,11.0
6541329,cookie,2.0,1.0,2.0,cash,takeaway,2023-09-28,2023.0,9.0,28.0
7667139,sandwich,3.0,4.0,12.0,credit card,takeaway,2023-12-05,2023.0,12.0,5.0
1268811,salad,1.0,5.0,5.0,,,2023-01-04,2023.0,1.0,4.0
9190025,tea,4.0,1.5,6.0,digital wallet,,,,,
5056808,juice,1.0,3.0,3.0,credit card,,2023-02-25,2023.0,2.0,25.0
9191048,cake,5.0,3.0,15.0,digital wallet,,2023-09-18,2023.0,9.0,18.0
5105810,cookie,5.0,,,,takeaway,2023-01-17,2023.0,1.0,17.0
3272613,cookie,2.0,1.0,2.0,cash,,2023-03-30,2023.0,3.0,30.0
3690903,coffee,3.0,2.0,6.0,,in-store,2023-10-22,2023.0,10.0,22.0
1938413,smoothie,4.0,4.0,16.0,digital wallet,,2023-04-01,2023.0,4.0,1.0
1396019,coffee,4.0,2.0,8.0,cash,in-store,2023-12-03,2023.0,12.0,3.0
6989000,tea,2.0,1.5,3.0,,takeaway,2023-02-24,2023.0,2.0,24.0
4811225,tea,5.0,1.5,7.5,cash,takeaway,2023-11-01,2023.0,11.0,1.0
2193333,coffee,4.0,2.0,8.0,,takeaway,2023-07-21,2023.0,7.0,21.0
4564220,tea,1.0,1.5,1.5,digital wallet,takeaway,2023-05-09,2023.0,5.0,9.0
5414186,smoothie,1.0,4.0,4.0,credit card,takeaway,2023-04-24,2023.0,4.0,24.0
1740742,tea,4.0,1.5,6.0,digital wallet,in-store,2023-10-06,2023.0,10.0,6.0
2547084,sandwich,1.0,4.0,4.0,cash,,2023-12-16,2023.0,12.0,16.0
8879936,cake,5.0,3.0,15.0,,takeaway,2023-07-25,2023.0,7.0,25.0
1605677,tea,5.0,1.5,7.5,,,2023-01-15,2023.0,1.0,15.0
6070787,sandwich,3.0,4.0,12.0,,in-store,2023-02-26,2023.0,2.0,26.0
3441457,salad,2.0,,,digital wallet,,2023-10-20,2023.0,10.0,20.0
1236759,coffee,1.0,2.0,2.0,credit card,in-store,2023-01-26,2023.0,1.0,26.0
9239309,salad,4.0,5.0,20.0,,,,,,
7196144,smoothie,3.0,4.0,12.0,,,2023-03-28,2023.0,3.0,28.0
3981406,salad,4.0,5.0,20.0,,,2023-04-17,2023.0,4.0,17.0
2152054,cake,2.0,3.0,6.0,digital wallet,,2023-05-11,2023.0,5.0,11.0
9339037,cookie,2.0,1.0,2.0,,takeaway,2023-07-21,2023.0,7.0,21.0
7308629,salad,4.0,5.0,20.0,,takeaway,2023-11-24,2023.0,11.0,24.0
9407636,smoothie,4.0,4.0,16.0,cash,,2023-10-01,2023.0,10.0,1.0
4755860,juice,5.0,3.0,15.0,digital wallet,in-store,2023-10-28,2023.0,10.0,28.0
6118079,coffee,1.0,2.0,2.0,,takeaway,2023-07-01,2023.0,7.0,1.0
6415784,salad,3.0,5.0,15.0,,,2023-08-16,2023.0,8.0,16.0
1755817,salad,5.0,5.0,25.0,digital wallet,takeaway,2023-07-17,2023.0,7.0,17.0
4417326,sandwich,3.0,4.0,12.0,digital wallet,,,,,
2090061,smoothie,4.0,4.0,16.0,,,2023-06-23,2023.0,6.0,23.0
8128656,smoothie,5.0,4.0,20.0,,in-store,2023-04-24,2023.0,4.0,24.0
6714749,sandwich,1.0,4.0,4.0,credit card,takeaway,2023-08-02,2023.0,8.0,2.0
1103495,juice,1.0,3.0,3.0,cash,takeaway,,,,
8099424,cake,4.0,3.0,12.0,,takeaway,2023-04-02,2023.0,4.0,2.0
5103036,juice,2.0,3.0,6.0,,takeaway,2023-12-04,2023.0,12.0,4.0
6013024,juice,3.0,3.0,9.0,credit card,takeaway,2023-09-06,2023.0,9.0,6.0
8065852,sandwich,1.0,4.0,4.0,credit card,in-store,2023-07-17,2023.0,7.0,17.0
2035283,,3.0,4.0,12.0,,,2023-01-14,2023.0,1.0,14.0
3695238,salad,5.0,5.0,25.0,cash,takeaway,2023-04-20,2023.0,4.0,20.0
1336727,smoothie,2.0,,,,in-store,2023-10-18,2023.0,10.0,18.0
5724548,cake,5.0,3.0,15.0,,,2023-08-12,2023.0,8.0,12.0
3521791,coffee,1.0,2.0,2.0,,takeaway,2023-06-11,2023.0,6.0,11.0
2678484,coffee,1.0,2.0,2.0,,,2023-03-27,2023.0,3.0,27.0
6696619,cake,3.0,3.0,9.0,,takeaway,2023-03-19,2023.0,3.0,19.0
2734718,tea,2.0,1.5,3.0,,,2023-08-16,2023.0,8.0,16.0
7465693,,,4.0,,digital wallet,,2023-09-04,2023.0,9.0,4.0
8241649,tea,5.0,1.5,7.5,,,2023-03-15,2023.0,3.0,15.0
6125646,cookie,2.0,1.0,2.0,,,2023-06-12,2023.0,6.0,12.0
8639973,cookie,5.0,1.0,5.0,,,2023-07-06,2023.0,7.0,6.0
1349640,juice,2.0,3.0,6.0,credit card,in-store,2023-06-17,2023.0,6.0,17.0
3719842,cake,3.0,3.0,9.0,cash,,2023-05-05,2023.0,5.0,5.0
3863940,salad,2.0,5.0,10.0,,,2023-06-18,2023.0,6.0,18.0
9660030,cake,5.0,3.0,15.0,credit card,in-store,2023-11-24,2023.0,11.0,24.0
9649503,cake,1.0,3.0,3.0,credit card,takeaway,2023-01-02,2023.0,1.0,2.0
6618160,tea,5.0,1.5,7.5,cash,takeaway,2023-03-13,2023.0,3.0,13.0
9121241,sandwich,5.0,4.0,20.0,,takeaway,2023-03-18,2023.0,3.0,18.0
4419474,juice,2.0,3.0,6.0,,in-store,2023-02-04,2023.0,2.0,4.0
5639485,cookie,3.0,1.0,3.0,credit card,,2023-07-02,2023.0,7.0,2.0
9997263,cookie,2.0,1.0,2.0,,,2023-03-05,2023.0,3.0,5.0
4590013,tea,5.0,1.5,7.5,cash,takeaway,2023-04-19,2023.0,4.0,19.0
4958354,sandwich,4.0,,,credit card,takeaway,2023-05-01,2023.0,5.0,1.0
9240476,coffee,5.0,2.0,10.0,,,2023-04-29,2023.0,4.0,29.0
2457961,coffee,2.0,2.0,4.0,credit card,in-store,2023-06-08,2023.0,6.0,8.0
6494145,cookie,2.0,1.0,2.0,cash,,2023-08-18,2023.0,8.0,18.0
2142941,cookie,5.0,1.0,5.0,digital wallet,,2023-11-03,2023.0,11.0,3.0
2405666,,2.0,3.0,6.0,cash,takeaway,2023-04-20,2023.0,4.0,20.0
4125871,juice,4.0,3.0,12.0,,,2023-12-16,2023.0,12.0,16.0
7102166,coffee,4.0,2.0,8.0,,,2023-12-08,2023.0,12.0,8.0
1492585,sandwich,,4.0,,cash,takeaway,2023-01-17,2023.0,1.0,17.0
2208949,cake,4.0,3.0,12.0,cash,takeaway,2023-08-05,2023.0,8.0,5.0
9815454,juice,5.0,3.0,15.0,digital wallet,,2023-12-05,2023.0,12.0,5.0
6806968,cookie,4.0,1.0,4.0,cash,takeaway,2023-07-03,2023.0,7.0,3.0
3751420,sandwich,5.0,4.0,20.0,,takeaway,2023-11-20,2023.0,11.0,20.0
3439155,salad,3.0,5.0,15.0,,takeaway,2023-07-30,2023.0,7.0,30.0
5564198,cake,4.0,3.0,12.0,cash,,2023-06-06,2023.0,6.0,6.0
3446643,smoothie,1.0,4.0,4.0,,,2023-06-01,2023.0,6.0,1.0
1770073,cookie,2.0,1.0,2.0,,takeaway,2023-12-03,2023.0,12.0,3.0
7328209,sandwich,3.0,4.0,12.0,credit card,,2023-03-01,2023.0,3.0,1.0
4252608,juice,3.0,3.0,9.0,credit card,in-store,2023-08-23,2023.0,8.0,23.0
7221831,coffee,3.0,2.0,6.0,credit card,,2023-03-26,2023.0,3.0,26.0
4548565,juice,4.0,3.0,12.0,,in-store,2023-02-17,2023.0,2.0,17.0
7400015,juice,4.0,,,cash,,2023-01-27,2023.0,1.0,27.0
4749986,tea,5.0,1.5,7.5,,takeaway,2023-05-26,2023.0,5.0,26.0
1917336,sandwich,3.0,4.0,12.0,cash,in-store,2023-04-12,2023.0,4.0,12.0
5238755,cookie,3.0,1.0,3.0,,takeaway,2023-06-01,2023.0,6.0,1.0
1822234,salad,2.0,,,cash,,2023-10-15,2023.0,10.0,15.0
1342487,juice,3.0,3.0,9.0,credit card,,2023-09-21,2023.0,9.0,21.0
7413282,cake,5.0,3.0,15.0,,,2023-10-13,2023.0,10.0,13.0
5713298,smoothie,2.0,4.0,8.0,credit card,,2023-07-14,2023.0,7.0,14.0
3045673,smoothie,3.0,4.0,12.0,digital wallet,,2023-06-24,2023.0,6.0,24.0
2662720,juice,5.0,3.0,15.0,,,2023-09-18,2023.0,9.0,18.0
8966922,juice,4.0,3.0,12.0,,takeaway,2023-11-10,2023.0,11.0,10.0
7311815,cookie,4.0,1.0,4.0,,takeaway,2023-05-11,2023.0,5.0,11.0
8211198,juice,3.0,3.0,9.0,credit card,,2023-01-24,2023.0,1.0,24.0
6476719,juice,5.0,3.0,15.0,cash,takeaway,2023-06-04,2023.0,6.0,4.0
1556480,tea,5.0,1.5,7.5,,,2023-02-06,2023.0,2.0,6.0
3009994,,5.0,1.0,5.0,credit card,in-store,2023-09-13,2023.0,9.0,13.0
8992377,cake,4.0,,,credit card,takeaway,2023-07-12,2023.0,7.0,12.0
5504130,cake,3.0,3.0,9.0,,,2023-06-24,2023.0,6.0,24.0
7153455,coffee,4.0,2.0,8.0,digital wallet,takeaway,2023-07-02,2023.0,7.0,2.0
8821579,smoothie,4.0,4.0,16.0,,takeaway,2023-12-06,2023.0,12.0,6.0
6873127,cookie,1.0,1.0,1.0,,in-store,2023-02-02,2023.0,2.0,2.0
9923952,cookie,4.0,1.0,4.0,,takeaway,2023-08-08,2023.0,8.0,8.0
7383137,coffee,2.0,2.0,4.0,credit card,in-store,2023-12-02,2023.0,12.0,2.0
4766317,cookie,2.0,1.0,2.0,,takeaway,2023-09-23,2023.0,9.0,23.0
6335297,cake,3.0,3.0,9.0,,,2023-10-16,2023.0,10.0,16.0
9334593,sandwich,3.0,4.0,12.0,cash,,2023-04-23,2023.0,4.0,23.0
2441029,cake,5.0,3.0,15.0,cash,in-store,2023-05-18,2023.0,5.0,18.0
8260461,cookie,2.0,,,digital wallet,,2023-10-29,2023.0,10.0,29.0
4801947,juice,1.0,3.0,3.0,digital wallet,takeaway,2023-01-01,2023.0,1.0,1.0
4323120,coffee,5.0,2.0,10.0,,,2023-08-29,2023.0,8.0,29.0
5947264,salad,1.0,5.0,5.0,,in-store,2023-03-07,2023.0,3.0,7.0
9072628,salad,4.0,5.0,20.0,digital wallet,,2023-12-29,2023.0,12.0,29.0
8282744,tea,2.0,1.5,3.0,,takeaway,2023-06-16,2023.0,6.0,16.0
2547156,cookie,3.0,1.0,3.0,digital wallet,takeaway,2023-08-18,2023.0,8.0,18.0
2428781,salad,,5.0,,,in-store,2023-05-09,2023.0,5.0,9.0
8621278,salad,2.0,5.0,10.0,cash,takeaway,2023-02-01,2023.0,2.0,1.0
2616353,smoothie,3.0,4.0,12.0,cash,takeaway,2023-06-24,2023.0,6.0,24.0
9731999,sandwich,,4.0,,,takeaway,2023-11-26,2023.0,11.0,26.0
3608237,salad,1.0,5.0,5.0,digital wallet,takeaway,2023-11-26,2023.0,11.0,26.0
2423167,cake,3.0,3.0,9.0,digital wallet,takeaway,2023-06-29,2023.0,6.0,29.0
5742202,salad,2.0,5.0,10.0,cash,takeaway,,,,
6695451,salad,1.0,5.0,5.0,credit card,,2023-07-28,2023.0,7.0,28.0
6098702,coffee,3.0,2.0,6.0,credit card,,2023-10-15,2023.0,10.0,15.0
8972184,juice,,3.0,,,,2023-08-17,2023.0,8.0,17.0
2010507,cake,3.0,3.0,9.0,,,2023-05-23,2023.0,5.0,23.0
1390754,cake,2.0,3.0,6.0,,takeaway,2023-11-08,2023.0,11.0,8.0
4925291,smoothie,2.0,4.0,8.0,digital wallet,,2023-09-22,2023.0,9.0,22.0
8345383,tea,5.0,1.5,7.5,,takeaway,2023-10-14,2023.0,10.0,14.0
3910293,cake,4.0,3.0,12.0,cash,in-store,2023-01-30,2023.0,1.0,30.0
4696969,salad,1.0,5.0,5.0,credit card,,2023-09-29,2023.0,9.0,29.0
4568379,cookie,3.0,1.0,3.0,digital wallet,in-store,2023-05-28,2023.0,5.0,28.0
8745942,cookie,3.0,1.0,3.0,cash,,2023-05-03,2023.0,5.0,3.0
1827937,coffee,1.0,2.0,2.0,,takeaway,,,,
2496907,coffee,2.0,2.0,4.0,credit card,,2023-11-28,2023.0,11.0,28.0
3043371,smoothie,1.0,4.0,4.0,,,2023-12-04,2023.0,12.0,4.0
2687149,coffee,5.0,2.0,10.0,,,2023-03-24,2023.0,3.0,24.0
9752207,sandwich,4.0,4.0,16.0,,in-store,2023-10-15,2023.0,10.0,15.0
7223850,salad,2.0,5.0,10.0,credit card,,2023-02-05,2023.0,2.0,5.0
5421917,tea,5.0,1.5,7.5,,,2023-05-03,2023.0,5.0,3.0
3812053,coffee,5.0,2.0,10.0,,in-store,2023-04-03,2023.0,4.0,3.0
8437195,cake,1.0,3.0,3.0,cash,,2023-12-10,2023.0,12.0,10.0
3880494,sandwich,4.0,4.0,16.0,cash,takeaway,2023-12-17,2023.0,12.0,17.0
2755642,cake,,3.0,,digital wallet,in-store,2023-03-24,2023.0,3.0,24.0
9320353,salad,5.0,5.0,25.0,cash,in-store,2023-01-10,2023.0,1.0,10.0
8837015,juice,3.0,3.0,9.0,credit card,in-store,2023-06-11,2023.0,6.0,11.0
1856538,coffee,3.0,2.0,6.0,cash,,2023-11-01,2023.0,11.0,1.0
2933439,salad,4.0,5.0,20.0,digital wallet,,2023-04-14,2023.0,4.0,14.0
2667131,sandwich,2.0,4.0,8.0,credit card,takeaway,2023-10-10,2023.0,10.0,10.0
5536056,smoothie,3.0,4.0,12.0,digital wallet,takeaway,2023-12-22,2023.0,12.0,22.0
3846628,juice,1.0,3.0,3.0,,takeaway,2023-10-16,2023.0,10.0,16.0
9043894,cake,1.0,3.0,3.0,digital wallet,,2023-07-28,2023.0,7.0,28.0
9354349,juice,1.0,,,credit card,,2023-02-12,2023.0,2.0,12.0
3655950,cookie,1.0,1.0,1.0,,in-store,2023-11-25,2023.0,11.0,25.0
4483585,smoothie,5.0,4.0,20.0,,takeaway,2023-12-26,2023.0,12.0,26.0
2332364,cake,2.0,3.0,6.0,credit card,,2023-08-10,2023.0,8.0,10.0
5878649,salad,3.0,5.0,15.0,,takeaway,2023-02-15,2023.0,2.0,15.0
2716940,coffee,1.0,2.0,2.0,,,2023-11-27,2023.0,11.0,27.0
2496249,juice,4.0,3.0,12.0,cash,takeaway,,,,
9020641,cake,4.0,3.0,12.0,credit card,in-store,2023-06-27,2023.0,6.0,27.0
5931551,sandwich,4.0,4.0,16.0,,in-store,2023-03-28,2023.0,3.0,28.0
5812552,cake,1.0,,,,,2023-09-17,2023.0,9.0,17.0
8899417,,3.0,5.0,15.0,digital wallet,,,,,
2259102,sandwich,2.0,4.0,8.0,,,2023-02-19,2023.0,2.0,19.0
7041367,cookie,4.0,1.0,4.0,,,2023-01-04,2023.0,1.0,4.0
1005377,cake,5.0,,,digital wallet,takeaway,2023-06-03,2023.0,6.0,3.0
7262554,salad,3.0,5.0,15.0,credit card,,2023-07-08,2023.0,7.0,8.0
9705971,juice,2.0,3.0,6.0,credit card,takeaway,2023-09-02,2023.0,9.0,2.0
4809626,coffee,5.0,2.0,10.0,cash,takeaway,2023-02-18,2023.0,2.0,18.0
5171248,cake,5.0,3.0,15.0,digital wallet,in-store,2023-06-14,2023.0,6.0,14.0
2201235,tea,1.0,1.5,1.5,digital wallet,,2023-12-17,2023.0,12.0,17.0
2907979,juice,3.0,3.0,9.0,cash,,2023-06-18,2023.0,6.0,18.0
7229918,coffee,2.0,,,digital wallet,takeaway,2023-03-24,2023.0,3.0,24.0
5179245,juice,3.0,3.0,9.0,credit card,,2023-04-17,2023.0,4.0,17.0
5010968,smoothie,2.0,4.0,8.0,digital wallet,,2023-12-03,2023.0,12.0,3.0
6294315,cookie,2.0,1.0,2.0,digital wallet,,2023-04-04,2023.0,4.0,4.0
8487985,juice,5.0,3.0,15.0,,takeaway,2023-05-09,2023.0,5.0,9.0
8552898,coffee,5.0,2.0,10.0,credit card,takeaway,2023-11-06,2023.0,11.0,6.0
1307428,,4.0,1.5,6.0,credit card,,,,,
4787754,juice,2.0,3.0,6.0,digital wallet,takeaway,2023-08-31,2023.0,8.0,31.0
9176533,cake,3.0,3.0,9.0,credit card,,2023-10-14,2023.0,10.0,14.0
1228474,smoothie,4.0,4.0,16.0,,in-store,2023-11-20,2023.0,11.0,20.0
9376428,,1.0,5.0,5.0,credit card,takeaway,2023-10-30,2023.0,10.0,30.0
3678804,,3.0,2.0,6.0,digital wallet,,2023-10-20,2023.0,10.0,20.0
6021363,sandwich,2.0,4.0,8.0,credit card,takeaway,2023-01-11,2023.0,1.0,11.0
8518812,cookie,3.0,1.0,3.0,,in-store,2023-06-22,2023.0,6.0,22.0
5573436,coffee,1.0,,,,takeaway,2023-02-22,2023.0,2.0,22.0
3274591,juice,5.0,3.0,15.0,,takeaway,2023-04-09,2023.0,4.0,9.0
2477650,cookie,1.0,1.0,1.0,cash,takeaway,2023-10-24,2023.0,10.0,24.0
4987376,tea,2.0,1.5,3.0,digital wallet,takeaway,2023-08-20,2023.0,8.0,20.0
3099819,,4.0,2.0,8.0,digital wallet,takeaway,,,,
9196694,cake,4.0,3.0,12.0,,in-store,2023-03-23,2023.0,3.0,23.0
2735598,tea,5.0,,,credit card,takeaway,2023-06-30,2023.0,6.0,30.0
7362526,juice,1.0,3.0,3.0,credit card,takeaway,2023-09-16,2023.0,9.0,16.0
3584252,salad,,5.0,,digital wallet,takeaway,2023-12-19,2023.0,12.0,19.0
4854751,,3.0,5.0,15.0,credit card,,,,,
6324687,smoothie,1.0,4.0,4.0,credit card,takeaway,2023-03-03,2023.0,3.0,3.0
2716377,juice,4.0,3.0,12.0,cash,,2023-01-03,2023.0,1.0,3.0
4002142,cake,5.0,3.0,15.0,,,2023-06-27,2023.0,6.0,27.0
9417438,salad,1.0,5.0,5.0,,in-store,2023-01-05,2023.0,1.0,5.0
4757873,tea,1.0,1.5,1.5,credit card,in-store,2023-09-12,2023.0,9.0,12.0
6283718,smoothie,3.0,4.0,12.0,digital wallet,takeaway,2023-07-20,2023.0,7.0,20.0
2019127,salad,1.0,5.0,5.0,cash,,2023-08-03,2023.0,8.0,3.0
2007652,juice,2.0,3.0,6.0,digital wallet,,2023-12-09,2023.0,12.0,9.0
3048882,juice,2.0,3.0,6.0,cash,takeaway,2023-12-30,2023.0,12.0,30.0
3241510,tea,5.0,1.5,7.5,credit card,,2023-10-05,2023.0,10.0,5.0
1978239,salad,4.0,5.0,20.0,,in-store,2023-09-20,2023.0,9.0,20.0
3286168,smoothie,5.0,4.0,20.0,digital wallet,,2023-06-25,2023.0,6.0,25.0
5922981,salad,5.0,5.0,25.0,digital wallet,takeaway,2023-11-10,2023.0,11.0,10.0
4108567,coffee,2.0,2.0,4.0,cash,takeaway,2023-08-14,2023.0,8.0,14.0
5217434,coffee,1.0,2.0,2.0,,takeaway,2023-09-22,2023.0,9.0,22.0
6691792,,3.0,3.0,9.0,,takeaway,2023-06-21,2023.0,6.0,21.0
4822216,cake,1.0,3.0,3.0,,,2023-09-03,2023.0,9.0,3.0
9246986,tea,4.0,1.5,6.0,cash,takeaway,2023-09-08,2023.0,9.0,8.0
3931393,sandwich,2.0,4.0,8.0,digital wallet,,2023-11-18,2023.0,11.0,18.0
1429325,smoothie,2.0,4.0,8.0,cash,,2023-04-20,2023.0,4.0,20.0
2888655,cookie,,1.0,,digital wallet,,2023-12-17,2023.0,12.0,17.0
3648160,coffee,5.0,2.0,10.0,,takeaway,2023-12-03,2023.0,12.0,3.0
5832513,juice,4.0,3.0,12.0,cash,in-store,2023-11-02,2023.0,11.0,2.0
6053755,cookie,4.0,1.0,4.0,digital wallet,takeaway,2023-01-18,2023.0,1.0,18.0
4437520,smoothie,3.0,4.0,12.0,credit card,,2023-07-28,2023.0,7.0,28.0
4995281,salad,4.0,5.0,20.0,credit card,,2023-02-25,2023.0,2.0,25.0
6105807,smoothie,3.0,,,credit card,takeaway,2023-01-18,2023.0,1.0,18.0
8384699,,3.0,,,,in-store,2023-12-16,2023.0,12.0,16.0
3549667,sandwich,,4.0,,digital wallet,takeaway,2023-01-29,2023.0,1.0,29.0
2566211,tea,2.0,1.5,3.0,cash,,2023-09-26,2023.0,9.0,26.0
3206842,,4.0,5.0,20.0,cash,,2023-04-30,2023.0,4.0,30.0
8970135,juice,4.0,3.0,12.0,,in-store,2023-03-26,2023.0,3.0,26.0
3222612,,3.0,3.0,9.0,cash,takeaway,2023-01-25,2023.0,1.0,25.0
6361593,sandwich,4.0,4.0,16.0,digital wallet,takeaway,2023-08-29,2023.0,8.0,29.0
9375445,smoothie,2.0,,,,in-store,2023-10-22,2023.0,10.0,22.0
4943552,,5.0,3.0,15.0,,takeaway,2023-04-14,2023.0,4.0,14.0
1532390,tea,5.0,1.5,7.5,digital wallet,,2023-04-08,2023.0,4.0,8.0
8020606,cake,4.0,3.0,12.0,,takeaway,2023-10-10,2023.0,10.0,10.0
2729959,smoothie,4.0,4.0,16.0,digital wallet,in-store,2023-02-01,2023.0,2.0,1.0
4582054,,2.0,5.0,10.0,digital wallet,takeaway,2023-08-27,2023.0,8.0,27.0
2134763,juice,3.0,3.0,9.0,credit card,takeaway,2023-03-28,2023.0,3.0,28.0
1633607,juice,1.0,3.0,3.0,cash,takeaway,2023-03-13,2023.0,3.0,13.0
5124999,coffee,5.0,2.0,10.0,digital wallet,,2023-04-11,2023.0,4.0,11.0
7647190,salad,,5.0,,credit card,takeaway,2023-02-22,2023.0,2.0,22.0
3514890,smoothie,5.0,4.0,20.0,,in-store,2023-08-02,2023.0,8.0,2.0
2921765,tea,2.0,1.5,3.0,credit card,takeaway,,,,
5845583,tea,4.0,1.5,6.0,cash,in-store,2023-10-19,2023.0,10.0,19.0
6692318,tea,2.0,1.5,3.0,cash,in-store,2023-08-20,2023.0,8.0,20.0
9571019,coffee,2.0,2.0,4.0,cash,in-store,2023-06-22,2023.0,6.0,22.0
6451595,juice,2.0,3.0,6.0,credit card,takeaway,2023-03-26,2023.0,3.0,26.0
4797429,salad,5.0,5.0,25.0,digital wallet,in-store,2023-11-07,2023.0,11.0,7.0
7255755,sandwich,5.0,4.0,20.0,,,2023-10-19,2023.0,10.0,19.0
6925284,juice,5.0,3.0,15.0,digital wallet,takeaway,2023-01-21,2023.0,1.0,21.0
2925996,cake,3.0,3.0,9.0,cash,takeaway,2023-04-11,2023.0,4.0,11.0
3944582,tea,5.0,1.5,7.5,,in-store,2023-10-21,2023.0,10.0,21.0
7653452,sandwich,1.0,4.0,4.0,credit card,,,,,
5750248,salad,4.0,5.0,20.0,digital wallet,in-store,2023-07-20,2023.0,7.0,20.0
1020983,juice,1.0,3.0,3.0,digital wallet,,2023-03-23,2023.0,3.0,23.0
9072817,cookie,5.0,1.0,5.0,,takeaway,2023-07-18,2023.0,7.0,18.0
1732639,cookie,4.0,1.0,4.0,,in-store,,,,
7416196,smoothie,2.0,4.0,8.0,cash,in-store,2023-10-20,2023.0,10.0,20.0
7276452,coffee,3.0,2.0,6.0,digital wallet,,2023-06-05,2023.0,6.0,5.0
2610195,cake,2.0,3.0,6.0,,,2023-10-25,2023.0,10.0,25.0
7971761,salad,1.0,5.0,5.0,credit card,in-store,,,,
9281392,cookie,2.0,1.0,2.0,digital wallet,,2023-08-06,2023.0,8.0,6.0
8386253,tea,4.0,1.5,6.0,cash,,2023-05-11,2023.0,5.0,11.0
7995960,juice,1.0,3.0,3.0,digital wallet,,2023-01-11,2023.0,1.0,11.0
7663739,cookie,5.0,1.0,5.0,credit card,,2023-03-27,2023.0,3.0,27.0
3936339,,5.0,3.0,15.0,digital wallet,in-store,2023-09-08,2023.0,9.0,8.0
7784608,coffee,5.0,2.0,10.0,,,2023-06-01,2023.0,6.0,1.0
7132021,smoothie,2.0,4.0,8.0,credit card,in-store,,,,
6438980,salad,2.0,5.0,10.0,credit card,takeaway,2023-11-10,2023.0,11.0,10.0
2196926,juice,2.0,3.0,6.0,digital wallet,,2023-07-27,2023.0,7.0,27.0
9582506,cookie,2.0,1.0,2.0,credit card,,2023-04-28,2023.0,4.0,28.0
2424839,juice,4.0,3.0,12.0,digital wallet,in-store,2023-09-28,2023.0,9.0,28.0
5215704,sandwich,5.0,4.0,20.0,credit card,,2023-10-31,2023.0,10.0,31.0
1982031,cookie,4.0,1.0,4.0,cash,takeaway,2023-02-03,2023.0,2.0,3.0
3060286,tea,2.0,1.5,3.0,cash,takeaway,2023-08-10,2023.0,8.0,10.0
7878231,,,5.0,,cash,,2023-05-15,2023.0,5.0,15.0
9329112,smoothie,3.0,4.0,12.0,,,,,,
1643029,cookie,3.0,1.0,3.0,,,2023-09-11,2023.0,9.0,11.0
2764625,tea,1.0,1.5,1.5,cash,in-store,2023-12-03,2023.0,12.0,3.0
6086123,juice,3.0,3.0,9.0,credit card,takeaway,2023-11-17,2023.0,11.0,17.0
1796259,juice,1.0,3.0,3.0,,in-store,2023-04-29,2023.0,4.0,29.0
4078284,coffee,1.0,2.0,2.0,credit card,,2023-05-14,2023.0,5.0,14.0
4389662,smoothie,1.0,4.0,4.0,cash,takeaway,2023-08-09,2023.0,8.0,9.0
1992699,cookie,2.0,1.0,2.0,,takeaway,2023-05-08,2023.0,5.0,8.0
9389300,salad,3.0,5.0,15.0,credit card,takeaway,2023-01-14,2023.0,1.0,14.0
5409951,coffee,3.0,2.0,6.0,,,2023-06-23,2023.0,6.0,23.0
2147448,coffee,4.0,2.0,8.0,credit card,in-store,2023-11-27,2023.0,11.0,27.0
9826170,juice,2.0,3.0,6.0,,,2023-12-06,2023.0,12.0,6.0
4949509,smoothie,4.0,4.0,16.0,,,2023-04-20,2023.0,4.0,20.0
9857832,tea,3.0,1.5,4.5,cash,in-store,2023-03-31,2023.0,3.0,31.0
5038122,salad,1.0,5.0,5.0,,,2023-08-11,2023.0,8.0,11.0
8984085,salad,1.0,5.0,5.0,,,2023-08-17,2023.0,8.0,17.0
8830264,salad,1.0,5.0,5.0,cash,,2023-11-23,2023.0,11.0,23.0
9696074,coffee,4.0,2.0,8.0,,takeaway,2023-06-24,2023.0,6.0,24.0
9579637,tea,4.0,1.5,6.0,digital wallet,,2023-06-26,2023.0,6.0,26.0
7907786,tea,5.0,,,cash,,2023-09-20,2023.0,9.0,20.0
5316852,coffee,2.0,2.0,4.0,digital wallet,,2023-04-08,2023.0,4.0,8.0
1292430,smoothie,1.0,4.0,4.0,credit card,takeaway,2023-03-09,2023.0,3.0,9.0
5226399,,4.0,3.0,12.0,,takeaway,2023-01-19,2023.0,1.0,19.0
2470530,cake,1.0,3.0,3.0,digital wallet,takeaway,2023-03-21,2023.0,3.0,21.0
6498718,coffee,4.0,2.0,8.0,,,2023-03-18,2023.0,3.0,18.0
1602435,smoothie,1.0,4.0,4.0,cash,,2023-12-01,2023.0,12.0,1.0
1434598,sandwich,5.0,4.0,20.0,cash,takeaway,2023-11-18,2023.0,11.0,18.0
9871036,smoothie,1.0,4.0,4.0,,takeaway,2023-07-02,2023.0,7.0,2.0
2073001,coffee,2.0,2.0,4.0,digital wallet,,2023-11-22,2023.0,11.0,22.0
9284622,,1.0,2.0,2.0,credit card,,2023-05-15,2023.0,5.0,15.0
7815076,juice,5.0,3.0,15.0,cash,,2023-12-16,2023.0,12.0,16.0
6897172,coffee,4.0,2.0,8.0,digital wallet,,2023-12-08,2023.0,12.0,8.0
3783903,tea,4.0,1.5,6.0,,,2023-06-25,2023.0,6.0,25.0
4378637,cookie,1.0,1.0,1.0,,takeaway,2023-05-12,2023.0,5.0,12.0
7514047,,1.0,5.0,5.0,cash,,2023-03-08,2023.0,3.0,8.0
4375708,sandwich,4.0,4.0,16.0,credit card,takeaway,2023-08-01,2023.0,8.0,1.0
9775984,juice,2.0,3.0,6.0,credit card,in-store,2023-10-09,2023.0,10.0,9.0
1708928,smoothie,1.0,4.0,4.0,,,,,,
2352685,cookie,1.0,1.0,1.0,cash,takeaway,,,,
1625754,cake,5.0,3.0,15.0,digital wallet,in-store,2023-08-03,2023.0,8.0,3.0
9567915,cake,1.0,3.0,3.0,digital wallet,takeaway,2023-06-30,2023.0,6.0,30.0
4062634,salad,2.0,5.0,10.0,credit card,in-store,2023-04-05,2023.0,4.0,5.0
6624397,juice,4.0,3.0,12.0,cash,takeaway,2023-04-30,2023.0,4.0,30.0
2991733,tea,5.0,1.5,7.5,credit card,,2023-04-13,2023.0,4.0,13.0
8978924,salad,5.0,5.0,25.0,cash,,2023-10-09,2023.0,10.0,9.0
2404800,sandwich,5.0,4.0,20.0,cash,in-store,2023-01-28,2023.0,1.0,28.0
4501915,juice,4.0,3.0,12.0,credit card,takeaway,2023-12-04,2023.0,12.0,4.0
6273431,,2.0,3.0,6.0,,in-store,2023-04-05,2023.0,4.0,5.0
7166936,cookie,,1.0,,,in-store,2023-09-25,2023.0,9.0,25.0
7645250,juice,2.0,3.0,6.0,,,2023-10-09,2023.0,10.0,9.0
9231480,cookie,4.0,1.0,4.0,cash,,2023-08-28,2023.0,8.0,28.0
4247105,coffee,5.0,2.0,10.0,cash,in-store,2023-04-14,2023.0,4.0,14.0
8732935,cookie,4.0,1.0,4.0,credit card,takeaway,2023-08-06,2023.0,8.0,6.0
5108867,,,3.0,,cash,takeaway,2023-03-19,2023.0,3.0,19.0
3270584,cake,3.0,3.0,9.0,credit card,takeaway,2023-01-10,2023.0,1.0,10.0
8258798,coffee,3.0,,,cash,in-store,2023-10-18,2023.0,10.0,18.0
7412012,coffee,1.0,2.0,2.0,cash,in-store,2023-08-02,2023.0,8.0,2.0
1927324,sandwich,1.0,4.0,4.0,digital wallet,takeaway,2023-08-29,2023.0,8.0,29.0
9159655,cookie,5.0,1.0,5.0,cash,,2023-03-21,2023.0,3.0,21.0
1293057,tea,2.0,1.5,3.0,digital wallet,,2023-07-03,2023.0,7.0,3.0
8829698,cake,2.0,3.0,6.0,cash,,2023-03-19,2023.0,3.0,19.0
5056351,juice,1.0,3.0,3.0,,takeaway,2023-04-24,2023.0,4.0,24.0
4431264,smoothie,2.0,4.0,8.0,,,2023-11-14,2023.0,11.0,14.0
7371782,tea,3.0,1.5,4.5,cash,in-store,2023-02-26,2023.0,2.0,26.0
7631505,sandwich,4.0,4.0,16.0,cash,in-store,2023-07-08,2023.0,7.0,8.0
4331770,salad,4.0,5.0,20.0,,,2023-06-04,2023.0,6.0,4.0
2593909,juice,2.0,3.0,6.0,cash,in-store,2023-02-25,2023.0,2.0,25.0
9728062,coffee,1.0,2.0,2.0,cash,,2023-05-01,2023.0,5.0,1.0
7664606,cookie,2.0,1.0,2.0,digital wallet,,2023-07-05,2023.0,7.0,5.0
3359911,cookie,4.0,1.0,4.0,,in-store,2023-06-18,2023.0,6.0,18.0
3745153,smoothie,4.0,4.0,16.0,digital wallet,in-store,2023-06-30,2023.0,6.0,30.0
2019258,juice,4.0,3.0,12.0,credit card,,2023-02-03,2023.0,2.0,3.0
8153957,coffee,1.0,2.0,2.0,digital wallet,takeaway,2023-10-12,2023.0,10.0,12.0
3437948,smoothie,2.0,4.0,8.0,cash,,2023-11-02,2023.0,11.0,2.0
6874195,juice,3.0,3.0,9.0,cash,takeaway,2023-04-22,2023.0,4.0,22.0
3234146,juice,1.0,3.0,3.0,,takeaway,2023-11-14,2023.0,11.0,14.0
5172383,juice,3.0,3.0,9.0,cash,in-store,2023-03-28,2023.0,3.0,28.0
9288999,cookie,3.0,1.0,3.0,credit card,in-store,2023-05-01,2023.0,5.0,1.0
4205407,smoothie,5.0,4.0,20.0,digital wallet,,2023-04-27,2023.0,4.0,27.0
8325722,sandwich,2.0,4.0,8.0,,takeaway,2023-05-27,2023.0,5.0,27.0
3050797,sandwich,3.0,4.0,12.0,credit card,,2023-09-28,2023.0,9.0,28.0
8731991,salad,,5.0,,,in-store,2023-01-20,2023.0,1.0,20.0
7387416,juice,3.0,3.0,9.0,cash,,2023-12-15,2023.0,12.0,15.0
2244418,salad,5.0,5.0,25.0,cash,takeaway,2023-10-15,2023.0,10.0,15.0
2638644,,1.0,1.5,1.5,,,2023-03-08,2023.0,3.0,8.0
3886177,cake,3.0,3.0,9.0,,takeaway,2023-07-17,2023.0,7.0,17.0
2334047,tea,1.0,1.5,1.5,,takeaway,2023-11-08,2023.0,11.0,8.0
3888864,sandwich,1.0,4.0,4.0,credit card,in-store,2023-10-13,2023.0,10.0,13.0
6972491,sandwich,1.0,4.0,4.0,,takeaway,2023-07-02,2023.0,7.0,2.0
8886791,tea,2.0,1.5,3.0,cash,,2023-07-09,2023.0,7.0,9.0
4356114,juice,2.0,3.0,6.0,cash,takeaway,2023-05-05,2023.0,5.0,5.0
2097023,salad,3.0,5.0,15.0,digital wallet,takeaway,2023-11-10,2023.0,11.0,10.0
2726749,juice,4.0,3.0,12.0,,takeaway,2023-05-19,2023.0,5.0,19.0
3357336,cake,4.0,3.0,12.0,,in-store,2023-02-20,2023.0,2.0,20.0
3529354,juice,2.0,3.0,6.0,credit card,takeaway,2023-09-06,2023.0,9.0,6.0
9738339,juice,1.0,3.0,3.0,,in-store,2023-07-09,2023.0,7.0,9.0
9389963,,5.0,4.0,20.0,,takeaway,2023-02-28,2023.0,2.0,28.0
6837879,,5.0,3.0,15.0,digital wallet,,2023-04-09,2023.0,4.0,9.0
1046659,smoothie,3.0,4.0,12.0,,takeaway,2023-12-14,2023.0,12.0,14.0
2032049,salad,2.0,5.0,10.0,credit card,,2023-10-12,2023.0,10.0,12.0
1444479,,1.0,3.0,3.0,credit card,,2023-12-10,2023.0,12.0,10.0
7251037,salad,3.0,5.0,15.0,credit card,in-store,2023-08-17,2023.0,8.0,17.0
9891576,sandwich,3.0,4.0,12.0,digital wallet,takeaway,2023-04-28,2023.0,4.0,28.0
5315818,salad,1.0,5.0,5.0,digital wallet,,2023-02-06,2023.0,2.0,6.0
9830755,cookie,5.0,1.0,5.0,digital wallet,takeaway,2023-06-24,2023.0,6.0,24.0
8833319,salad,1.0,5.0,5.0,,takeaway,2023-10-01,2023.0,10.0,1.0
4353750,cake,2.0,3.0,6.0,credit card,,2023-03-02,2023.0,3.0,2.0
8809659,juice,2.0,3.0,6.0,cash,takeaway,2023-01-16,2023.0,1.0,16.0
2104550,coffee,4.0,2.0,8.0,credit card,in-store,2023-09-08,2023.0,9.0,8.0
7554731,cake,1.0,3.0,3.0,credit card,in-store,2023-02-02,2023.0,2.0,2.0
8743142,cookie,1.0,1.0,1.0,digital wallet,in-store,,,,
8652021,cake,1.0,3.0,3.0,credit card,in-store,2023-09-23,2023.0,9.0,23.0
3744962,salad,1.0,5.0,5.0,,in-store,2023-07-26,2023.0,7.0,26.0
7312277,juice,4.0,3.0,12.0,,in-store,2023-09-07,2023.0,9.0,7.0
2342308,cookie,5.0,,,digital wallet,,2023-05-20,2023.0,5.0,20.0
7797507,sandwich,5.0,4.0,20.0,digital wallet,takeaway,2023-06-06,2023.0,6.0,6.0
3121360,cake,3.0,3.0,9.0,digital wallet,,2023-01-21,2023.0,1.0,21.0
5568416,cake,5.0,3.0,15.0,credit card,,2023-09-06,2023.0,9.0,6.0
7032922,sandwich,4.0,4.0,16.0,,,2023-08-18,2023.0,8.0,18.0
5734186,juice,3.0,3.0,9.0,cash,,2023-04-03,2023.0,4.0,3.0
5107025,tea,2.0,,,,in-store,2023-02-19,2023.0,2.0,19.0
7975387,smoothie,,4.0,,credit card,takeaway,2023-03-23,2023.0,3.0,23.0
5209346,smoothie,3.0,4.0,12.0,credit card,in-store,2023-02-22,2023.0,2.0,22.0
8947660,coffee,1.0,2.0,2.0,,in-store,2023-09-03,2023.0,9.0,3.0
6752053,smoothie,4.0,4.0,16.0,,,2023-05-13,2023.0,5.0,13.0
6571385,tea,4.0,1.5,6.0,cash,takeaway,2023-01-06,2023.0,1.0,6.0
6430534,tea,5.0,1.5,7.5,cash,takeaway,2023-01-29,2023.0,1.0,29.0
6467414,tea,3.0,1.5,4.5,cash,,2023-01-06,2023.0,1.0,6.0
2861912,coffee,3.0,2.0,6.0,,in-store,2023-03-25,2023.0,3.0,25.0
8347965,salad,1.0,,,cash,takeaway,2023-03-17,2023.0,3.0,17.0
9693344,tea,4.0,1.5,6.0,credit card,takeaway,2023-01-15,2023.0,1.0,15.0
9801552,sandwich,4.0,4.0,16.0,credit card,takeaway,2023-04-20,2023.0,4.0,20.0
1929109,sandwich,5.0,4.0,20.0,,,,,,
8082317,juice,3.0,3.0,9.0,cash,takeaway,2023-08-18,2023.0,8.0,18.0
1569729,smoothie,5.0,4.0,20.0,cash,takeaway,2023-07-16,2023.0,7.0,16.0
8126049,sandwich,3.0,4.0,12.0,,,,,,
2644962,smoothie,2.0,4.0,8.0,,,2023-04-09,2023.0,4.0,9.0
8991609,salad,4.0,5.0,20.0,digital wallet,in-store,2023-06-19,2023.0,6.0,19.0
5000665,cake,3.0,3.0,9.0,digital wallet,in-store,2023-11-28,2023.0,11.0,28.0
2161255,sandwich,3.0,4.0,12.0,,,2023-06-08,2023.0,6.0,8.0
6549359,,3.0,1.5,4.5,cash,,2023-04-21,2023.0,4.0,21.0
8833173,smoothie,4.0,4.0,16.0,digital wallet,,2023-03-14,2023.0,3.0,14.0
8449081,cookie,2.0,1.0,2.0,,in-store,2023-02-24,2023.0,2.0,24.0
7153321,salad,5.0,5.0,25.0,credit card,takeaway,2023-12-19,2023.0,12.0,19.0
2935761,smoothie,4.0,4.0,16.0,digital wallet,,2023-04-01,2023.0,4.0,1.0
7328705,cookie,4.0,1.0,4.0,digital wallet,takeaway,2023-09-09,2023.0,9.0,9.0
1419790,sandwich,3.0,4.0,12.0,,,2023-01-06,2023.0,1.0,6.0
8970187,cake,1.0,3.0,3.0,digital wallet,takeaway,2023-03-13,2023.0,3.0,13.0
4385632,tea,5.0,1.5,7.5,,takeaway,2023-06-18,2023.0,6.0,18.0
4343133,cookie,4.0,1.0,4.0,digital wallet,,2023-03-04,2023.0,3.0,4.0
7712544,cookie,3.0,,,cash,,2023-05-06,2023.0,5.0,6.0
6904952,salad,4.0,5.0,20.0,digital wallet,takeaway,2023-04-04,2023.0,4.0,4.0
4023091,smoothie,3.0,4.0,12.0,credit card,,2023-07-24,2023.0,7.0,24.0
6005707,juice,4.0,3.0,12.0,cash,,2023-02-06,2023.0,2.0,6.0
9824238,tea,5.0,1.5,7.5,cash,in-store,2023-07-14,2023.0,7.0,14.0
2867795,cookie,1.0,1.0,1.0,credit card,,2023-06-26,2023.0,6.0,26.0
8434259,tea,2.0,1.5,3.0,digital wallet,,,,,
5437961,sandwich,3.0,,,,in-store,2023-06-30,2023.0,6.0,30.0
3440463,cake,1.0,3.0,3.0,credit card,takeaway,2023-04-04,2023.0,4.0,4.0
1242840,smoothie,1.0,4.0,4.0,credit card,,2023-08-26,2023.0,8.0,26.0
2997717,cake,4.0,3.0,12.0,credit card,,2023-10-19,2023.0,10.0,19.0
4440412,sandwich,3.0,4.0,12.0,cash,takeaway,2023-04-15,2023.0,4.0,15.0
9897583,coffee,2.0,,,digital wallet,takeaway,2023-01-20,2023.0,1.0,20.0
9772498,cake,4.0,3.0,12.0,cash,,2023-08-21,2023.0,8.0,21.0
7908929,tea,2.0,1.5,3.0,digital wallet,,2023-11-18,2023.0,11.0,18.0
6411390,juice,1.0,3.0,3.0,cash,,2023-09-07,2023.0,9.0,7.0
5784400,cake,4.0,3.0,12.0,digital wallet,,2023-11-25,2023.0,11.0,25.0
9660737,cookie,,1.0,,cash,,2023-05-19,2023.0,5.0,19.0
9719954,tea,1.0,1.5,1.5,digital wallet,,,,,
3287282,,2.0,1.5,3.0,digital wallet,takeaway,2023-09-23,2023.0,9.0,23.0
7368518,,3.0,3.0,9.0,,,2023-03-14,2023.0,3.0,14.0
6068074,smoothie,2.0,4.0,8.0,cash,in-store,2023-06-01,2023.0,6.0,1.0
2265329,cake,5.0,3.0,15.0,credit card,,2023-12-23,2023.0,12.0,23.0
8500316,sandwich,4.0,4.0,16.0,,,2023-03-10,2023.0,3.0,10.0
4235472,salad,5.0,5.0,25.0,,takeaway,2023-12-22,2023.0,12.0,22.0
1701798,coffee,2.0,2.0,4.0,cash,takeaway,2023-07-24,2023.0,7.0,24.0
4352950,coffee,1.0,2.0,2.0,digital wallet,,2023-02-06,2023.0,2.0,6.0
4807899,coffee,5.0,2.0,10.0,digital wallet,takeaway,2023-07-03,2023.0,7.0,3.0
4916085,juice,1.0,3.0,3.0,digital wallet,,2023-03-03,2023.0,3.0,3.0
2764819,,1.0,3.0,3.0,credit card,takeaway,2023-02-23,2023.0,2.0,23.0
2102950,coffee,5.0,2.0,10.0,digital wallet,takeaway,2023-12-07,2023.0,12.0,7.0
5530180,cookie,5.0,1.0,5.0,,in-store,2023-09-06,2023.0,9.0,6.0
6774559,cookie,2.0,1.0,2.0,,,2023-02-18,2023.0,2.0,18.0
7914312,sandwich,5.0,4.0,20.0,,in-store,2023-06-06,2023.0,6.0,6.0
5282804,sandwich,1.0,4.0,4.0,credit card,,2023-12-01,2023.0,12.0,1.0
6526078,sandwich,5.0,4.0,20.0,cash,,2023-11-07,2023.0,11.0,7.0
4070040,cake,1.0,3.0,3.0,,,,,,
7668576,,2.0,3.0,6.0,,,2023-11-08,2023.0,11.0,8.0
2210019,sandwich,3.0,4.0,12.0,cash,in-store,2023-12-05,2023.0,12.0,5.0
4727260,tea,2.0,1.5,3.0,,,2023-01-30,2023.0,1.0,30.0
2617632,smoothie,4.0,4.0,16.0,digital wallet,,2023-10-17,2023.0,10.0,17.0
5585601,cake,4.0,3.0,12.0,,takeaway,2023-05-28,2023.0,5.0,28.0
8019306,juice,1.0,3.0,3.0,credit card,,2023-05-21,2023.0,5.0,21.0
6469563,juice,5.0,3.0,15.0,credit card,,2023-03-04,2023.0,3.0,4.0
4059695,salad,3.0,5.0,15.0,cash,takeaway,2023-12-30,2023.0,12.0,30.0
2393287,,2.0,3.0,6.0,cash,,2023-04-14,2023.0,4.0,14.0
3799280,coffee,5.0,2.0,10.0,cash,,2023-09-23,2023.0,9.0,23.0
1454024,cookie,5.0,1.0,5.0,digital wallet,,,,,
2749862,salad,4.0,5.0,20.0,digital wallet,,2023-07-19,2023.0,7.0,19.0
3863625,salad,5.0,,,cash,in-store,2023-09-04,2023.0,9.0,4.0
2928676,cookie,1.0,1.0,1.0,credit card,,2023-06-09,2023.0,6.0,9.0
4030763,salad,2.0,5.0,10.0,,takeaway,2023-06-17,2023.0,6.0,17.0
6853830,,5.0,1.5,7.5,,in-store,2023-07-13,2023.0,7.0,13.0
3877643,juice,4.0,3.0,12.0,cash,in-store,2023-11-15,2023.0,11.0,15.0
9395554,,4.0,2.0,8.0,cash,takeaway,2023-03-31,2023.0,3.0,31.0
3755657,smoothie,2.0,4.0,8.0,digital wallet,in-store,2023-03-24,2023.0,3.0,24.0
6987232,juice,5.0,3.0,15.0,digital wallet,,2023-06-02,2023.0,6.0,2.0
8045032,juice,4.0,3.0,12.0,,in-store,2023-02-20,2023.0,2.0,20.0
3288233,juice,5.0,3.0,15.0,cash,,2023-12-24,2023.0,12.0,24.0
4231121,coffee,4.0,2.0,8.0,,,2023-09-01,2023.0,9.0,1.0
8932087,,,3.0,,digital wallet,takeaway,2023-10-30,2023.0,10.0,30.0
6189486,,5.0,4.0,20.0,,takeaway,2023-03-23,2023.0,3.0,23.0
2489067,juice,2.0,3.0,6.0,,takeaway,2023-07-05,2023.0,7.0,5.0
7293600,cake,3.0,3.0,9.0,digital wallet,,2023-10-28,2023.0,10.0,28.0
3147874,cookie,1.0,1.0,1.0,digital wallet,takeaway,,,,
5279293,sandwich,3.0,4.0,12.0,digital wallet,takeaway,2023-11-11,2023.0,11.0,11.0
3488082,sandwich,1.0,4.0,4.0,digital wallet,in-store,2023-04-12,2023.0,4.0,12.0
3342106,sandwich,1.0,4.0,4.0,credit card,in-store,2023-01-14,2023.0,1.0,14.0
3713880,salad,5.0,5.0,25.0,,in-store,2023-06-30,2023.0,6.0,30.0
1967032,tea,1.0,1.5,1.5,digital wallet,takeaway,2023-01-12,2023.0,1.0,12.0
6587151,smoothie,4.0,,,credit card,,2023-10-07,2023.0,10.0,7.0
2630698,sandwich,2.0,4.0,8.0,,takeaway,2023-08-22,2023.0,8.0,22.0
3632558,coffee,2.0,,,cash,takeaway,2023-08-10,2023.0,8.0,10.0
8228500,tea,3.0,1.5,4.5,,in-store,2023-04-15,2023.0,4.0,15.0
9708632,coffee,5.0,2.0,10.0,,in-store,,,,
3543930,juice,2.0,3.0,6.0,credit card,takeaway,2023-10-10,2023.0,10.0,10.0
1037464,,5.0,4.0,20.0,digital wallet,,2023-02-14,2023.0,2.0,14.0
3508619,smoothie,4.0,4.0,16.0,,,2023-09-04,2023.0,9.0,4.0
4553403,coffee,5.0,2.0,10.0,,in-store,2023-06-20,2023.0,6.0,20.0
5747509,cookie,2.0,1.0,2.0,cash,in-store,2023-10-30,2023.0,10.0,30.0
7910572,sandwich,4.0,4.0,16.0,,takeaway,2023-07-07,2023.0,7.0,7.0
9012517,coffee,2.0,2.0,4.0,credit card,in-store,2023-10-21,2023.0,10.0,21.0
8237192,sandwich,3.0,4.0,12.0,,,2023-10-03,2023.0,10.0,3.0
5303092,tea,2.0,1.5,3.0,credit card,in-store,2023-05-05,2023.0,5.0,5.0
3136657,cake,,3.0,,cash,in-store,2023-09-21,2023.0,9.0,21.0
3865641,cake,5.0,3.0,15.0,digital wallet,in-store,2023-09-15,2023.0,9.0,15.0
1049697,tea,3.0,,,cash,in-store,2023-10-08,2023.0,10.0,8.0
3420316,sandwich,3.0,4.0,12.0,,takeaway,2023-10-31,2023.0,10.0,31.0
6568307,coffee,1.0,2.0,2.0,cash,in-store,2023-07-16,2023.0,7.0,16.0
8281347,juice,4.0,3.0,12.0,credit card,in-store,2023-08-11,2023.0,8.0,11.0
8353202,sandwich,4.0,4.0,16.0,digital wallet,in-store,2023-06-14,2023.0,6.0,14.0
7377398,juice,2.0,3.0,6.0,cash,takeaway,2023-02-26,2023.0,2.0,26.0
6915068,juice,2.0,3.0,6.0,cash,in-store,2023-11-26,2023.0,11.0,26.0
8704802,smoothie,3.0,4.0,12.0,,,2023-08-30,2023.0,8.0,30.0
1983422,cookie,2.0,1.0,2.0,digital wallet,in-store,2023-06-26,2023.0,6.0,26.0
1603186,cake,3.0,3.0,9.0,cash,takeaway,2023-10-13,2023.0,10.0,13.0
5572520,smoothie,5.0,4.0,20.0,cash,takeaway,2023-05-14,2023.0,5.0,14.0
2021680,juice,3.0,3.0,9.0,,takeaway,2023-08-16,2023.0,8.0,16.0
9220900,cookie,4.0,,,,,2023-06-19,2023.0,6.0,19.0
6123007,coffee,3.0,2.0,6.0,digital wallet,,2023-05-28,2023.0,5.0,28.0
2832660,smoothie,2.0,4.0,8.0,credit card,,2023-01-08,2023.0,1.0,8.0
7697496,salad,1.0,5.0,5.0,,takeaway,2023-06-18,2023.0,6.0,18.0
9802838,tea,1.0,1.5,1.5,,takeaway,2023-02-15,2023.0,2.0,15.0
4011509,smoothie,4.0,4.0,16.0,digital wallet,,2023-11-10,2023.0,11.0,10.0
6786730,coffee,1.0,2.0,2.0,credit card,,2023-04-15,2023.0,4.0,15.0
3641356,juice,3.0,,,credit card,in-store,2023-07-26,2023.0,7.0,26.0
8245502,salad,1.0,5.0,5.0,credit card,,2023-03-16,2023.0,3.0,16.0
3645818,,1.0,1.0,1.0,digital wallet,takeaway,2023-03-18,2023.0,3.0,18.0
1318238,sandwich,1.0,4.0,4.0,digital wallet,takeaway,2023-09-23,2023.0,9.0,23.0
1970180,cake,2.0,3.0,6.0,digital wallet,takeaway,2023-08-02,2023.0,8.0,2.0
5415223,tea,2.0,1.5,3.0,cash,in-store,2023-09-02,2023.0,9.0,2.0
4777601,tea,1.0,1.5,1.5,credit card,in-store,2023-08-18,2023.0,8.0,18.0
2023651,sandwich,,4.0,,cash,in-store,2023-05-25,2023.0,5.0,25.0
5110688,salad,3.0,5.0,15.0,digital wallet,,2023-05-09,2023.0,5.0,9.0
7497122,sandwich,5.0,4.0,20.0,digital wallet,takeaway,2023-03-23,2023.0,3.0,23.0
4870483,coffee,1.0,2.0,2.0,,takeaway,2023-03-03,2023.0,3.0,3.0
3003979,tea,,1.5,,digital wallet,takeaway,2023-01-08,2023.0,1.0,8.0
3838923,juice,4.0,3.0,12.0,,takeaway,2023-06-03,2023.0,6.0,3.0
1998143,,1.0,1.0,1.0,digital wallet,in-store,2023-12-10,2023.0,12.0,10.0
2458782,salad,1.0,5.0,5.0,cash,,2023-04-15,2023.0,4.0,15.0
1256513,coffee,4.0,2.0,8.0,credit card,in-store,2023-02-21,2023.0,2.0,21.0
6266187,tea,5.0,1.5,7.5,credit card,in-store,,,,
9432758,cookie,3.0,1.0,3.0,cash,takeaway,2023-10-02,2023.0,10.0,2.0
1254663,coffee,3.0,2.0,6.0,,,2023-08-15,2023.0,8.0,15.0
7174856,sandwich,1.0,4.0,4.0,cash,takeaway,2023-05-03,2023.0,5.0,3.0
5548756,cookie,4.0,1.0,4.0,credit card,,2023-09-09,2023.0,9.0,9.0
2736267,salad,5.0,5.0,25.0,,in-store,2023-03-17,2023.0,3.0,17.0
7595907,,5.0,,,,in-store,2023-04-24,2023.0,4.0,24.0
1990997,salad,1.0,5.0,5.0,digital wallet,,2023-03-27,2023.0,3.0,27.0
3820150,tea,1.0,1.5,1.5,,,2023-05-10,2023.0,5.0,10.0
7325508,salad,4.0,5.0,20.0,credit card,takeaway,2023-05-27,2023.0,5.0,27.0
5398134,coffee,2.0,2.0,4.0,credit card,,2023-10-01,2023.0,10.0,1.0
2150872,,5.0,,,cash,takeaway,2023-03-18,2023.0,3.0,18.0
6563365,juice,,3.0,,,takeaway,,,,
9669616,coffee,,2.0,,,,2023-06-03,2023.0,6.0,3.0
1936447,cookie,2.0,1.0,2.0,cash,,2023-10-28,2023.0,10.0,28.0
8469087,salad,2.0,5.0,10.0,digital wallet,takeaway,2023-11-06,2023.0,11.0,6.0
5556985,juice,3.0,3.0,9.0,digital wallet,in-store,,,,
8621589,juice,5.0,3.0,15.0,digital wallet,,2023-11-15,2023.0,11.0,15.0
9901097,coffee,1.0,2.0,2.0,cash,,2023-01-07,2023.0,1.0,7.0
8783484,smoothie,1.0,4.0,4.0,cash,in-store,2023-11-20,2023.0,11.0,20.0
9599703,cake,2.0,3.0,6.0,digital wallet,in-store,2023-09-25,2023.0,9.0,25.0
1353248,sandwich,3.0,4.0,12.0,cash,,2023-09-03,2023.0,9.0,3.0
2470745,sandwich,,4.0,,digital wallet,,2023-01-10,2023.0,1.0,10.0
1266598,cake,4.0,3.0,12.0,digital wallet,,2023-04-05,2023.0,4.0,5.0
5445994,juice,1.0,3.0,3.0,credit card,in-store,2023-06-11,2023.0,6.0,11.0
5689687,cake,5.0,3.0,15.0,,in-store,2023-06-04,2023.0,6.0,4.0
2208733,juice,1.0,3.0,3.0,,takeaway,2023-06-20,2023.0,6.0,20.0
1547245,sandwich,,4.0,,,takeaway,2023-09-11,2023.0,9.0,11.0
4694285,tea,3.0,1.5,4.5,,in-store,2023-01-25,2023.0,1.0,25.0
3829375,juice,5.0,,,cash,,2023-12-18,2023.0,12.0,18.0
1932224,coffee,1.0,2.0,2.0,credit card,,2023-09-09,2023.0,9.0,9.0
5468153,smoothie,5.0,4.0,20.0,digital wallet,in-store,2023-12-15,2023.0,12.0,15.0
9363711,coffee,5.0,2.0,10.0,digital wallet,takeaway,2023-11-23,2023.0,11.0,23.0
6845073,cookie,1.0,1.0,1.0,credit card,in-store,2023-04-05,2023.0,4.0,5.0
1621227,coffee,2.0,2.0,4.0,cash,,,,,
1691313,sandwich,2.0,4.0,8.0,digital wallet,takeaway,2023-03-17,2023.0,3.0,17.0
4007522,cake,2.0,3.0,6.0,cash,takeaway,2023-12-20,2023.0,12.0,20.0
3175177,juice,3.0,3.0,9.0,credit card,,2023-10-24,2023.0,10.0,24.0
9282265,salad,2.0,5.0,10.0,credit card,,2023-03-20,2023.0,3.0,20.0
8265257,coffee,1.0,2.0,2.0,,in-store,2023-10-25,2023.0,10.0,25.0
5425668,cookie,5.0,1.0,5.0,cash,takeaway,2023-04-09,2023.0,4.0,9.0
7738455,tea,3.0,1.5,4.5,digital wallet,,2023-06-05,2023.0,6.0,5.0
7349681,salad,1.0,,,cash,in-store,2023-08-09,2023.0,8.0,9.0
2660576,sandwich,1.0,4.0,4.0,,,2023-05-15,2023.0,5.0,15.0
2101934,smoothie,4.0,4.0,16.0,cash,in-store,2023-11-27,2023.0,11.0,27.0
1525583,sandwich,3.0,,,cash,takeaway,2023-05-20,2023.0,5.0,20.0
6110108,tea,,1.5,,,takeaway,2023-02-10,2023.0,2.0,10.0
9205425,sandwich,3.0,4.0,12.0,digital wallet,takeaway,2023-09-16,2023.0,9.0,16.0
9306482,smoothie,2.0,4.0,8.0,digital wallet,takeaway,2023-01-16,2023.0,1.0,16.0
8407849,cookie,2.0,1.0,2.0,,,2023-05-05,2023.0,5.0,5.0
3162244,sandwich,,4.0,,digital wallet,in-store,2023-12-15,2023.0,12.0,15.0
9121687,sandwich,2.0,4.0,8.0,,in-store,2023-05-13,2023.0,5.0,13.0
3182191,cake,5.0,3.0,15.0,digital wallet,,2023-07-21,2023.0,7.0,21.0
4734366,smoothie,1.0,4.0,4.0,credit card,takeaway,2023-08-20,2023.0,8.0,20.0
4430006,juice,5.0,3.0,15.0,,,2023-01-14,2023.0,1.0,14.0
7341975,juice,2.0,3.0,6.0,digital wallet,,2023-07-29,2023.0,7.0,29.0
8787149,juice,1.0,3.0,3.0,,,2023-04-20,2023.0,4.0,20.0
4224284,cookie,2.0,1.0,2.0,,takeaway,2023-09-04,2023.0,9.0,4.0
2177436,cake,,3.0,,,takeaway,2023-03-13,2023.0,3.0,13.0
5097542,cake,5.0,3.0,15.0,cash,,2023-05-15,2023.0,5.0,15.0
4260738,coffee,2.0,2.0,4.0,,in-store,2023-11-15,2023.0,11.0,15.0
5402821,salad,4.0,5.0,20.0,,,2023-11-29,2023.0,11.0,29.0
4130343,coffee,4.0,2.0,8.0,credit card,in-store,2023-12-08,2023.0,12.0,8.0
3028667,juice,2.0,3.0,6.0,,takeaway,2023-11-24,2023.0,11.0,24.0
8592808,,1.0,4.0,4.0,credit card,,2023-04-02,2023.0,4.0,2.0
5875201,,,4.0,,,in-store,2023-01-31,2023.0,1.0,31.0
6849062,coffee,5.0,2.0,10.0,cash,,2023-07-30,2023.0,7.0,30.0
4336844,smoothie,4.0,4.0,16.0,,,2023-07-09,2023.0,7.0,9.0
6090715,juice,3.0,3.0,9.0,credit card,in-store,2023-11-14,2023.0,11.0,14.0
9162014,cake,1.0,3.0,3.0,cash,,2023-07-21,2023.0,7.0,21.0
4751689,smoothie,5.0,4.0,20.0,cash,in-store,2023-07-28,2023.0,7.0,28.0
2200163,coffee,4.0,2.0,8.0,cash,,2023-03-13,2023.0,3.0,13.0
7310903,smoothie,3.0,4.0,12.0,credit card,,2023-09-10,2023.0,9.0,10.0
7155957,salad,5.0,5.0,25.0,digital wallet,in-store,2023-02-22,2023.0,2.0,22.0
4350828,juice,2.0,3.0,6.0,digital wallet,in-store,2023-02-16,2023.0,2.0,16.0
7539585,smoothie,5.0,4.0,20.0,,,2023-10-20,2023.0,10.0,20.0
6868763,,3.0,3.0,9.0,digital wallet,in-store,2023-01-13,2023.0,1.0,13.0
6156180,coffee,,2.0,,cash,,2023-07-25,2023.0,7.0,25.0
4970127,tea,1.0,1.5,1.5,digital wallet,in-store,2023-12-09,2023.0,12.0,9.0
9567719,sandwich,5.0,4.0,20.0,digital wallet,in-store,2023-01-24,2023.0,1.0,24.0
2950265,salad,3.0,5.0,15.0,credit card,,2023-08-23,2023.0,8.0,23.0
1556609,sandwich,1.0,4.0,4.0,digital wallet,,2023-07-21,2023.0,7.0,21.0
2203547,juice,3.0,3.0,9.0,,in-store,2023-07-01,2023.0,7.0,1.0
1084010,smoothie,2.0,4.0,8.0,credit card,in-store,2023-08-11,2023.0,8.0,11.0
4218637,tea,5.0,1.5,7.5,cash,,2023-08-31,2023.0,8.0,31.0
2245465,salad,2.0,5.0,10.0,digital wallet,,2023-12-27,2023.0,12.0,27.0
4742049,juice,1.0,3.0,3.0,credit card,takeaway,2023-09-10,2023.0,9.0,10.0
9889005,cake,3.0,3.0,9.0,,,2023-12-16,2023.0,12.0,16.0
4840522,smoothie,3.0,4.0,12.0,,in-store,2023-06-16,2023.0,6.0,16.0
2585392,salad,4.0,5.0,20.0,,,2023-07-12,2023.0,7.0,12.0
3135264,,2.0,3.0,6.0,digital wallet,,2023-08-25,2023.0,8.0,25.0
2180562,salad,2.0,5.0,10.0,,takeaway,2023-07-02,2023.0,7.0,2.0
5905580,,3.0,1.0,3.0,cash,takeaway,2023-02-20,2023.0,2.0,20.0
5993677,cake,4.0,3.0,12.0,,takeaway,2023-01-28,2023.0,1.0,28.0
8984991,smoothie,3.0,4.0,12.0,credit card,,2023-05-17,2023.0,5.0,17.0
3522597,,3.0,1.5,4.5,digital wallet,in-store,2023-02-04,2023.0,2.0,4.0
6123633,salad,3.0,5.0,15.0,,,2023-01-16,2023.0,1.0,16.0
6769554,coffee,5.0,2.0,10.0,credit card,takeaway,2023-02-06,2023.0,2.0,6.0
5761414,smoothie,1.0,4.0,4.0,digital wallet,,2023-10-02,2023.0,10.0,2.0
5157516,salad,3.0,5.0,15.0,,in-store,2023-10-09,2023.0,10.0,9.0
2614633,coffee,4.0,2.0,8.0,digital wallet,in-store,2023-04-23,2023.0,4.0,23.0
3781240,cake,5.0,3.0,15.0,,takeaway,2023-05-27,2023.0,5.0,27.0
7068823,,4.0,4.0,16.0,,takeaway,2023-06-28,2023.0,6.0,28.0
2085081,cake,2.0,3.0,6.0,cash,,2023-03-14,2023.0,3.0,14.0
3399636,juice,3.0,3.0,9.0,digital wallet,takeaway,2023-08-07,2023.0,8.0,7.0
8587529,cookie,2.0,1.0,2.0,credit card,takeaway,2023-07-09,2023.0,7.0,9.0
1476775,salad,3.0,5.0,15.0,credit card,,2023-11-01,2023.0,11.0,1.0
6945985,tea,3.0,1.5,4.5,digital wallet,in-store,2023-02-13,2023.0,2.0,13.0
4117627,cake,3.0,3.0,9.0,credit card,in-store,2023-06-22,2023.0,6.0,22.0
7530300,coffee,3.0,2.0,6.0,digital wallet,,2023-05-08,2023.0,5.0,8.0
7071783,cookie,4.0,1.0,4.0,cash,,2023-07-04,2023.0,7.0,4.0
3676305,salad,5.0,5.0,25.0,credit card,,2023-06-14,2023.0,6.0,14.0
8867827,tea,1.0,1.5,1.5,digital wallet,,2023-01-14,2023.0,1.0,14.0
9061106,cake,4.0,3.0,12.0,digital wallet,takeaway,2023-11-04,2023.0,11.0,4.0
1245485,cake,1.0,,,digital wallet,,2023-05-15,2023.0,5.0,15.0
1357780,tea,4.0,,,,in-store,2023-10-23,2023.0,10.0,23.0
4075053,,3.0,4.0,12.0,digital wallet,takeaway,2023-02-27,2023.0,2.0,27.0
6113724,coffee,1.0,,,digital wallet,takeaway,2023-03-26,2023.0,3.0,26.0
6496176,cookie,4.0,1.0,4.0,,in-store,2023-07-26,2023.0,7.0,26.0
2381411,coffee,5.0,2.0,10.0,cash,in-store,2023-07-30,2023.0,7.0,30.0
9210096,smoothie,3.0,4.0,12.0,,,2023-05-25,2023.0,5.0,25.0
4563544,sandwich,5.0,4.0,20.0,,,2023-06-10,2023.0,6.0,10.0
2546684,juice,,3.0,,digital wallet,takeaway,2023-04-08,2023.0,4.0,8.0
4623468,coffee,5.0,2.0,10.0,credit card,takeaway,,,,
2168277,cookie,1.0,1.0,1.0,,takeaway,2023-06-02,2023.0,6.0,2.0
9178545,juice,4.0,3.0,12.0,cash,in-store,2023-01-24,2023.0,1.0,24.0
8535886,tea,5.0,1.5,7.5,credit card,in-store,2023-05-13,2023.0,5.0,13.0
1037486,salad,5.0,5.0,25.0,digital wallet,in-store,,,,
7978452,cake,5.0,3.0,15.0,digital wallet,,2023-10-03,2023.0,10.0,3.0
8488163,sandwich,4.0,4.0,16.0,,,2023-01-19,2023.0,1.0,19.0
6926855,sandwich,3.0,4.0,12.0,cash,takeaway,2023-01-12,2023.0,1.0,12.0
9869593,cake,2.0,3.0,6.0,digital wallet,takeaway,2023-10-03,2023.0,10.0,3.0
3055407,tea,2.0,1.5,3.0,,,2023-06-03,2023.0,6.0,3.0
4981027,coffee,3.0,2.0,6.0,,,2023-08-02,2023.0,8.0,2.0
5332773,coffee,2.0,2.0,4.0,digital wallet,takeaway,2023-05-04,2023.0,5.0,4.0
5946554,cake,2.0,3.0,6.0,,,2023-03-01,2023.0,3.0,1.0
7508715,smoothie,2.0,4.0,8.0,cash,in-store,2023-12-11,2023.0,12.0,11.0
9728789,cookie,3.0,1.0,3.0,cash,in-store,2023-03-29,2023.0,3.0,29.0
8061866,salad,4.0,5.0,20.0,cash,takeaway,2023-12-13,2023.0,12.0,13.0
8961034,juice,2.0,3.0,6.0,,,2023-01-21,2023.0,1.0,21.0
1099119,smoothie,4.0,4.0,16.0,cash,,2023-02-09,2023.0,2.0,9.0
2421387,cookie,4.0,1.0,4.0,,,2023-04-09,2023.0,4.0,9.0
8627017,tea,4.0,1.5,6.0,cash,in-store,2023-01-28,2023.0,1.0,28.0
7468084,coffee,5.0,2.0,10.0,credit card,,2023-06-14,2023.0,6.0,14.0
1185069,salad,1.0,5.0,5.0,digital wallet,,2023-02-21,2023.0,2.0,21.0
5100941,cookie,5.0,1.0,5.0,digital wallet,,2023-07-11,2023.0,7.0,11.0
6428745,cake,1.0,3.0,3.0,,takeaway,2023-06-02,2023.0,6.0,2.0
4096757,salad,5.0,5.0,25.0,credit card,in-store,2023-07-20,2023.0,7.0,20.0
6057914,smoothie,2.0,4.0,8.0,digital wallet,,2023-03-18,2023.0,3.0,18.0
2517078,sandwich,2.0,4.0,8.0,,in-store,2023-03-07,2023.0,3.0,7.0
2890321,tea,3.0,1.5,4.5,cash,in-store,2023-06-13,2023.0,6.0,13.0
4808812,smoothie,4.0,4.0,16.0,,,2023-05-31,2023.0,5.0,31.0
1866707,smoothie,3.0,4.0,12.0,cash,,2023-06-05,2023.0,6.0,5.0
9745609,salad,3.0,5.0,15.0,,,2023-02-05,2023.0,2.0,5.0
8488298,cake,3.0,3.0,9.0,cash,,2023-11-03,2023.0,11.0,3.0
2515796,tea,3.0,1.5,4.5,credit card,takeaway,2023-02-06,2023.0,2.0,6.0
2369294,sandwich,2.0,4.0,8.0,cash,takeaway,2023-09-07,2023.0,9.0,7.0
9444736,tea,5.0,1.5,7.5,credit card,takeaway,2023-04-23,2023.0,4.0,23.0
4764398,sandwich,2.0,4.0,8.0,credit card,,2023-06-13,2023.0,6.0,13.0
8696392,juice,,3.0,,,,2023-04-16,2023.0,4.0,16.0
1993675,cookie,3.0,1.0,3.0,cash,takeaway,2023-01-09,2023.0,1.0,9.0
7754136,cookie,1.0,1.0,1.0,credit card,in-store,2023-07-12,2023.0,7.0,12.0
4873173,coffee,5.0,2.0,10.0,cash,takeaway,2023-10-08,2023.0,10.0,8.0
7221126,tea,5.0,1.5,7.5,digital wallet,in-store,2023-10-11,2023.0,10.0,11.0
4537288,cookie,1.0,1.0,1.0,cash,,2023-02-25,2023.0,2.0,25.0
5492760,cake,2.0,3.0,6.0,,takeaway,,,,
5079166,salad,5.0,5.0,25.0,credit card,takeaway,2023-04-15,2023.0,4.0,15.0
4597600,cookie,5.0,1.0,5.0,,takeaway,2023-11-15,2023.0,11.0,15.0
6568440,cookie,1.0,1.0,1.0,,takeaway,2023-06-15,2023.0,6.0,15.0
1713639,cookie,1.0,1.0,1.0,,,2023-08-04,2023.0,8.0,4.0
4780352,salad,,5.0,,digital wallet,takeaway,2023-01-12,2023.0,1.0,12.0
6419344,juice,1.0,3.0,3.0,cash,in-store,2023-05-26,2023.0,5.0,26.0
3669068,cake,5.0,3.0,15.0,cash,takeaway,2023-01-17,2023.0,1.0,17.0
2201248,tea,1.0,,,cash,takeaway,2023-07-20,2023.0,7.0,20.0
4432252,smoothie,5.0,4.0,20.0,credit card,,2023-02-16,2023.0,2.0,16.0
6595038,cookie,2.0,,,,,2023-02-08,2023.0,2.0,8.0
2940895,cake,4.0,3.0,12.0,,,2023-02-20,2023.0,2.0,20.0
9796122,salad,3.0,5.0,15.0,,,,,,
4069354,salad,1.0,5.0,5.0,,,2023-08-18,2023.0,8.0,18.0
9737509,tea,5.0,1.5,7.5,digital wallet,in-store,2023-11-27,2023.0,11.0,27.0
8749404,coffee,4.0,2.0,8.0,digital wallet,in-store,2023-12-16,2023.0,12.0,16.0
2069068,cake,5.0,3.0,15.0,,in-store,2023-06-15,2023.0,6.0,15.0
7010812,,2.0,5.0,10.0,digital wallet,in-store,2023-11-13,2023.0,11.0,13.0
6411385,salad,4.0,5.0,20.0,cash,takeaway,2023-06-06,2023.0,6.0,6.0
4375698,sandwich,,4.0,,credit card,in-store,2023-12-30,2023.0,12.0,30.0
4768744,tea,5.0,1.5,7.5,cash,in-store,2023-05-14,2023.0,5.0,14.0
5260646,tea,4.0,1.5,6.0,cash,takeaway,2023-11-18,2023.0,11.0,18.0
2393219,juice,4.0,3.0,12.0,digital wallet,in-store,2023-12-27,2023.0,12.0,27.0
4544172,juice,1.0,3.0,3.0,digital wallet,takeaway,2023-05-20,2023.0,5.0,20.0
1180623,sandwich,5.0,4.0,20.0,,in-store,2023-09-23,2023.0,9.0,23.0
8275137,salad,4.0,5.0,20.0,cash,,2023-11-16,2023.0,11.0,16.0
3758861,smoothie,3.0,4.0,12.0,credit card,,2023-07-03,2023.0,7.0,3.0
6279736,salad,1.0,5.0,5.0,,,2023-08-25,2023.0,8.0,25.0
8661276,cookie,1.0,1.0,1.0,digital wallet,in-store,2023-01-07,2023.0,1.0,7.0
5974796,sandwich,4.0,4.0,16.0,cash,in-store,2023-11-09,2023.0,11.0,9.0
9880967,cookie,,1.0,,credit card,in-store,2023-01-15,2023.0,1.0,15.0
5452978,salad,2.0,5.0,10.0,cash,in-store,2023-04-10,2023.0,4.0,10.0
7231153,,1.0,5.0,5.0,cash,in-store,2023-06-15,2023.0,6.0,15.0
6455517,cake,2.0,3.0,6.0,cash,,2023-08-04,2023.0,8.0,4.0
4038488,,3.0,3.0,9.0,credit card,,2023-12-05,2023.0,12.0,5.0
3933290,coffee,1.0,2.0,2.0,,,2023-08-05,2023.0,8.0,5.0
9655661,juice,1.0,3.0,3.0,digital wallet,,2023-06-07,2023.0,6.0,7.0
7932830,,2.0,3.0,6.0,,takeaway,2023-01-08,2023.0,1.0,8.0
1931190,cookie,3.0,1.0,3.0,,takeaway,2023-12-31,2023.0,12.0,31.0
8633758,,1.0,5.0,5.0,credit card,takeaway,2023-09-24,2023.0,9.0,24.0
4887189,smoothie,3.0,4.0,12.0,cash,takeaway,2023-07-19,2023.0,7.0,19.0
7687146,coffee,1.0,2.0,2.0,digital wallet,takeaway,2023-12-02,2023.0,12.0,2.0
9728414,tea,1.0,1.5,1.5,credit card,takeaway,2023-01-11,2023.0,1.0,11.0
3081950,cookie,1.0,1.0,1.0,digital wallet,,2023-05-01,2023.0,5.0,1.0
7589318,cake,4.0,3.0,12.0,cash,in-store,2023-09-21,2023.0,9.0,21.0
9452972,sandwich,3.0,4.0,12.0,digital wallet,,2023-02-10,2023.0,2.0,10.0
9299563,juice,5.0,3.0,15.0,credit card,,2023-03-27,2023.0,3.0,27.0
2273499,,3.0,2.0,6.0,cash,takeaway,2023-01-27,2023.0,1.0,27.0
3374343,cake,2.0,3.0,6.0,,,2023-09-02,2023.0,9.0,2.0
8732269,cake,2.0,3.0,6.0,credit card,takeaway,2023-01-11,2023.0,1.0,11.0
6763296,coffee,5.0,,,cash,,2023-10-04,2023.0,10.0,4.0
3758250,salad,3.0,5.0,15.0,cash,in-store,2023-09-08,2023.0,9.0,8.0
7764304,cake,,,,credit card,takeaway,2023-01-09,2023.0,1.0,9.0
8697749,cookie,3.0,1.0,3.0,,takeaway,2023-07-24,2023.0,7.0,24.0
6904247,,3.0,4.0,12.0,credit card,,2023-09-19,2023.0,9.0,19.0
6027798,cookie,2.0,1.0,2.0,digital wallet,,2023-05-26,2023.0,5.0,26.0
4482692,salad,2.0,5.0,10.0,,,2023-04-14,2023.0,4.0,14.0
8196921,coffee,4.0,2.0,8.0,credit card,takeaway,2023-05-19,2023.0,5.0,19.0
9289408,coffee,4.0,2.0,8.0,digital wallet,,2023-09-23,2023.0,9.0,23.0
3771902,juice,5.0,,,cash,takeaway,2023-03-31,2023.0,3.0,31.0
8506937,salad,1.0,5.0,5.0,,in-store,2023-09-07,2023.0,9.0,7.0
6706566,,3.0,1.0,3.0,cash,,2023-09-01,2023.0,9.0,1.0
6217375,smoothie,5.0,4.0,20.0,cash,,2023-12-07,2023.0,12.0,7.0
3779320,tea,4.0,1.5,6.0,credit card,in-store,2023-03-27,2023.0,3.0,27.0
2894525,juice,3.0,,,,takeaway,2023-04-16,2023.0,4.0,16.0
9789876,salad,4.0,5.0,20.0,cash,takeaway,2023-09-05,2023.0,9.0,5.0
9129403,sandwich,3.0,4.0,12.0,credit card,,2023-12-05,2023.0,12.0,5.0
2944325,sandwich,4.0,4.0,16.0,cash,,2023-12-18,2023.0,12.0,18.0
5591155,smoothie,4.0,4.0,16.0,,takeaway,2023-05-14,2023.0,5.0,14.0
6532832,cookie,5.0,1.0,5.0,cash,in-store,2023-06-23,2023.0,6.0,23.0
5992166,juice,5.0,3.0,15.0,cash,takeaway,2023-10-01,2023.0,10.0,1.0
6895165,coffee,3.0,2.0,6.0,credit card,takeaway,2023-02-18,2023.0,2.0,18.0
3410147,juice,,3.0,,,,2023-09-30,2023.0,9.0,30.0
6269306,smoothie,5.0,4.0,20.0,credit card,,2023-08-29,2023.0,8.0,29.0
2132747,sandwich,2.0,4.0,8.0,,in-store,2023-12-19,2023.0,12.0,19.0
6241505,smoothie,4.0,4.0,16.0,cash,takeaway,2023-11-20,2023.0,11.0,20.0
7965585,smoothie,5.0,4.0,20.0,,takeaway,2023-01-30,2023.0,1.0,30.0
1950063,salad,2.0,5.0,10.0,cash,,2023-02-24,2023.0,2.0,24.0
4682737,coffee,2.0,2.0,4.0,cash,takeaway,2023-02-03,2023.0,2.0,3.0
4376376,,3.0,5.0,15.0,digital wallet,,2023-09-05,2023.0,9.0,5.0
9061471,cake,1.0,3.0,3.0,digital wallet,takeaway,2023-07-13,2023.0,7.0,13.0
8932070,,3.0,4.0,12.0,digital wallet,in-store,2023-12-03,2023.0,12.0,3.0
8410979,smoothie,3.0,4.0,12.0,digital wallet,in-store,2023-05-02,2023.0,5.0,2.0
3710523,sandwich,3.0,4.0,12.0,digital wallet,,2023-10-03,2023.0,10.0,3.0
8014289,juice,5.0,3.0,15.0,digital wallet,in-store,2023-12-04,2023.0,12.0,4.0
1888294,juice,3.0,3.0,9.0,cash,,2023-07-03,2023.0,7.0,3.0
8628615,,1.0,2.0,2.0,credit card,takeaway,2023-08-03,2023.0,8.0,3.0
2648236,smoothie,2.0,4.0,8.0,credit card,in-store,2023-09-10,2023.0,9.0,10.0
1837817,tea,2.0,1.5,3.0,cash,,2023-08-13,2023.0,8.0,13.0
8467229,,3.0,1.5,4.5,,takeaway,2023-02-02,2023.0,2.0,2.0
4197575,salad,2.0,5.0,10.0,credit card,,2023-01-21,2023.0,1.0,21.0
5863650,tea,1.0,1.5,1.5,digital wallet,in-store,2023-08-09,2023.0,8.0,9.0
7371295,,3.0,3.0,9.0,,,2023-03-28,2023.0,3.0,28.0
1292476,juice,4.0,3.0,12.0,digital wallet,takeaway,2023-09-07,2023.0,9.0,7.0
4872708,coffee,5.0,2.0,10.0,cash,,2023-11-16,2023.0,11.0,16.0
1299936,coffee,1.0,2.0,2.0,,takeaway,2023-03-27,2023.0,3.0,27.0
2199236,smoothie,5.0,4.0,20.0,,takeaway,2023-10-06,2023.0,10.0,6.0
1311237,cookie,4.0,1.0,4.0,credit card,,2023-11-11,2023.0,11.0,11.0
9265423,juice,1.0,,,,,2023-10-20,2023.0,10.0,20.0
5808749,salad,1.0,5.0,5.0,cash,takeaway,2023-01-25,2023.0,1.0,25.0
7677646,sandwich,5.0,4.0,20.0,,,2023-02-15,2023.0,2.0,15.0
3894165,smoothie,5.0,4.0,20.0,credit card,,2023-03-31,2023.0,3.0,31.0
5270067,cake,3.0,3.0,9.0,digital wallet,,2023-03-09,2023.0,3.0,9.0
9326761,tea,1.0,1.5,1.5,,,2023-01-02,2023.0,1.0,2.0
2168513,cake,1.0,3.0,3.0,digital wallet,in-store,2023-02-09,2023.0,2.0,9.0
3947116,sandwich,1.0,4.0,4.0,,takeaway,2023-01-13,2023.0,1.0,13.0
7248722,cake,3.0,3.0,9.0,cash,takeaway,2023-04-06,2023.0,4.0,6.0
9989458,smoothie,3.0,4.0,12.0,cash,,2023-02-16,2023.0,2.0,16.0
1850339,cookie,5.0,1.0,5.0,cash,takeaway,2023-01-17,2023.0,1.0,17.0
9934619,cookie,1.0,1.0,1.0,,in-store,2023-02-11,2023.0,2.0,11.0
4551353,tea,5.0,1.5,7.5,digital wallet,in-store,2023-08-17,2023.0,8.0,17.0
6657245,sandwich,1.0,4.0,4.0,,in-store,2023-10-25,2023.0,10.0,25.0
1786141,smoothie,4.0,4.0,16.0,,,2023-03-12,2023.0,3.0,12.0
6405088,juice,1.0,3.0,3.0,,in-store,2023-07-24,2023.0,7.0,24.0
1185003,,5.0,3.0,15.0,cash,takeaway,2023-01-06,2023.0,1.0,6.0
4550558,cookie,,1.0,,credit card,in-store,2023-08-04,2023.0,8.0,4.0
9555291,,3.0,4.0,12.0,credit card,,2023-09-21,2023.0,9.0,21.0
8571432,juice,2.0,3.0,6.0,cash,,2023-12-07,2023.0,12.0,7.0
6744096,coffee,1.0,2.0,2.0,digital wallet,in-store,2023-11-15,2023.0,11.0,15.0
8512204,,4.0,4.0,16.0,cash,takeaway,2023-06-01,2023.0,6.0,1.0
3485502,juice,2.0,3.0,6.0,,,2023-12-25,2023.0,12.0,25.0
5188843,smoothie,2.0,4.0,8.0,cash,in-store,2023-02-06,2023.0,2.0,6.0
4821343,cookie,1.0,1.0,1.0,credit card,in-store,2023-09-16,2023.0,9.0,16.0
4988100,coffee,1.0,2.0,2.0,digital wallet,in-store,,,,
7791428,smoothie,5.0,,,digital wallet,takeaway,2023-10-10,2023.0,10.0,10.0
8725610,sandwich,2.0,4.0,8.0,,takeaway,2023-02-11,2023.0,2.0,11.0
8404563,tea,1.0,1.5,1.5,cash,in-store,2023-01-22,2023.0,1.0,22.0
8942133,salad,3.0,5.0,15.0,cash,takeaway,2023-10-04,2023.0,10.0,4.0
1122699,,5.0,5.0,25.0,digital wallet,in-store,2023-10-14,2023.0,10.0,14.0
9230208,juice,3.0,3.0,9.0,credit card,,2023-05-13,2023.0,5.0,13.0
4932916,,1.0,2.0,2.0,,takeaway,2023-12-13,2023.0,12.0,13.0
8980468,smoothie,5.0,4.0,20.0,cash,,2023-08-24,2023.0,8.0,24.0
4175635,salad,3.0,5.0,15.0,,takeaway,2023-05-26,2023.0,5.0,26.0
2851446,salad,2.0,,,credit card,takeaway,2023-10-08,2023.0,10.0,8.0
8359693,sandwich,2.0,4.0,8.0,digital wallet,in-store,2023-10-23,2023.0,10.0,23.0
9432268,salad,,5.0,,,takeaway,2023-01-25,2023.0,1.0,25.0
2244902,coffee,5.0,2.0,10.0,credit card,,2023-02-13,2023.0,2.0,13.0
5561958,smoothie,4.0,4.0,16.0,digital wallet,,2023-07-24,2023.0,7.0,24.0
6963106,sandwich,1.0,4.0,4.0,cash,in-store,2023-06-01,2023.0,6.0,1.0
6008133,coffee,3.0,2.0,6.0,digital wallet,,2023-11-08,2023.0,11.0,8.0
9119194,cake,,3.0,,cash,takeaway,2023-01-29,2023.0,1.0,29.0
2551074,cookie,1.0,1.0,1.0,cash,,2023-09-17,2023.0,9.0,17.0
1899827,coffee,5.0,2.0,10.0,credit card,takeaway,2023-06-24,2023.0,6.0,24.0
3046572,salad,4.0,5.0,20.0,cash,,2023-05-16,2023.0,5.0,16.0
6397921,,1.0,4.0,4.0,,in-store,2023-12-01,2023.0,12.0,1.0
8701063,sandwich,2.0,4.0,8.0,,,2023-08-23,2023.0,8.0,23.0
9157625,tea,5.0,1.5,7.5,credit card,takeaway,2023-02-10,2023.0,2.0,10.0
7865037,coffee,1.0,2.0,2.0,digital wallet,,2023-06-05,2023.0,6.0,5.0
8410376,coffee,4.0,2.0,8.0,digital wallet,,2023-07-02,2023.0,7.0,2.0
4192665,coffee,1.0,2.0,2.0,cash,,2023-07-15,2023.0,7.0,15.0
5433077,cake,4.0,3.0,12.0,cash,in-store,2023-11-29,2023.0,11.0,29.0
1844925,tea,5.0,1.5,7.5,cash,,2023-10-21,2023.0,10.0,21.0
7215311,tea,1.0,1.5,1.5,,,2023-07-31,2023.0,7.0,31.0
8003664,sandwich,1.0,4.0,4.0,credit card,,2023-11-26,2023.0,11.0,26.0
3872616,cake,2.0,3.0,6.0,,takeaway,2023-10-23,2023.0,10.0,23.0
3659483,smoothie,3.0,4.0,12.0,cash,,2023-05-14,2023.0,5.0,14.0
1688499,smoothie,2.0,4.0,8.0,credit card,,2023-03-23,2023.0,3.0,23.0
5632556,juice,4.0,3.0,12.0,digital wallet,in-store,2023-05-16,2023.0,5.0,16.0
7954416,coffee,1.0,2.0,2.0,digital wallet,in-store,2023-06-04,2023.0,6.0,4.0
7845656,juice,3.0,3.0,9.0,credit card,takeaway,,,,
7421687,coffee,5.0,2.0,10.0,credit card,in-store,2023-11-18,2023.0,11.0,18.0
2444134,,2.0,4.0,8.0,credit card,in-store,2023-01-16,2023.0,1.0,16.0
3793672,cookie,5.0,1.0,5.0,credit card,,2023-01-14,2023.0,1.0,14.0
1903825,salad,4.0,5.0,20.0,digital wallet,takeaway,2023-04-01,2023.0,4.0,1.0
4267136,tea,1.0,1.5,1.5,credit card,in-store,2023-08-02,2023.0,8.0,2.0
6281616,coffee,4.0,2.0,8.0,,,2023-08-19,2023.0,8.0,19.0
6567287,cookie,4.0,1.0,4.0,digital wallet,takeaway,,,,
3743107,coffee,4.0,2.0,8.0,cash,,2023-01-14,2023.0,1.0,14.0
6739664,salad,3.0,5.0,15.0,cash,,2023-09-12,2023.0,9.0,12.0
8343149,juice,,3.0,,digital wallet,in-store,2023-10-28,2023.0,10.0,28.0
2376870,,5.0,4.0,20.0,digital wallet,,,,,
2025634,,1.0,4.0,4.0,,,,,,
7187140,juice,2.0,3.0,6.0,credit card,in-store,2023-05-25,2023.0,5.0,25.0
6988675,coffee,1.0,2.0,2.0,,in-store,2023-02-24,2023.0,2.0,24.0
1108326,cake,2.0,3.0,6.0,,takeaway,,,,
6544160,salad,,5.0,,,,2023-02-05,2023.0,2.0,5.0
3053494,,5.0,3.0,15.0,digital wallet,in-store,2023-06-11,2023.0,6.0,11.0
9653700,,1.0,3.0,3.0,credit card,,2023-03-12,2023.0,3.0,12.0
4623303,smoothie,3.0,4.0,12.0,,in-store,2023-01-29,2023.0,1.0,29.0
7568175,salad,1.0,5.0,5.0,cash,in-store,2023-11-06,2023.0,11.0,6.0
4968258,smoothie,2.0,4.0,8.0,,takeaway,2023-05-14,2023.0,5.0,14.0
8843061,smoothie,1.0,4.0,4.0,cash,takeaway,2023-11-10,2023.0,11.0,10.0
5666241,cookie,,1.0,,,takeaway,2023-07-18,2023.0,7.0,18.0
7079566,juice,4.0,3.0,12.0,digital wallet,in-store,2023-10-20,2023.0,10.0,20.0
3937788,smoothie,1.0,4.0,4.0,cash,in-store,2023-06-27,2023.0,6.0,27.0
3397034,cake,4.0,3.0,12.0,,,2023-04-11,2023.0,4.0,11.0
8343414,salad,2.0,5.0,10.0,credit card,takeaway,2023-02-28,2023.0,2.0,28.0
4204491,smoothie,2.0,4.0,8.0,digital wallet,,2023-04-25,2023.0,4.0,25.0
4801327,cake,5.0,3.0,15.0,cash,in-store,2023-02-03,2023.0,2.0,3.0
4276482,sandwich,4.0,4.0,16.0,,takeaway,2023-08-26,2023.0,8.0,26.0
6025054,coffee,1.0,2.0,2.0,credit card,takeaway,2023-03-10,2023.0,3.0,10.0
1485725,salad,5.0,5.0,25.0,,in-store,2023-12-10,2023.0,12.0,10.0
9929033,coffee,2.0,2.0,4.0,cash,takeaway,2023-02-17,2023.0,2.0,17.0
1888706,cookie,1.0,1.0,1.0,,takeaway,2023-11-26,2023.0,11.0,26.0
7495804,juice,3.0,3.0,9.0,credit card,takeaway,2023-11-24,2023.0,11.0,24.0
5133476,juice,4.0,3.0,12.0,,,2023-03-17,2023.0,3.0,17.0
5542500,sandwich,3.0,,,credit card,,2023-07-19,2023.0,7.0,19.0
5895330,salad,5.0,5.0,25.0,,in-store,2023-05-12,2023.0,5.0,12.0
5351447,salad,4.0,5.0,20.0,,,2023-07-20,2023.0,7.0,20.0
8505782,cookie,2.0,1.0,2.0,,in-store,2023-11-24,2023.0,11.0,24.0
8365530,,4.0,,,,takeaway,2023-03-10,2023.0,3.0,10.0
2357107,sandwich,1.0,4.0,4.0,,in-store,2023-07-05,2023.0,7.0,5.0
1371708,cookie,2.0,1.0,2.0,,takeaway,2023-03-14,2023.0,3.0,14.0
6265785,,5.0,5.0,25.0,credit card,takeaway,2023-08-26,2023.0,8.0,26.0
6806563,coffee,1.0,2.0,2.0,,,2023-04-16,2023.0,4.0,16.0
8183734,cookie,2.0,1.0,2.0,digital wallet,in-store,2023-08-25,2023.0,8.0,25.0
6882503,tea,1.0,1.5,1.5,,in-store,2023-01-02,2023.0,1.0,2.0
2785654,tea,1.0,1.5,1.5,credit card,takeaway,2023-02-21,2023.0,2.0,21.0
1453579,sandwich,5.0,4.0,20.0,,,2023-01-21,2023.0,1.0,21.0
1121833,coffee,4.0,2.0,8.0,credit card,in-store,2023-03-16,2023.0,3.0,16.0
1277989,,5.0,1.5,7.5,,in-store,2023-08-09,2023.0,8.0,9.0
8249996,,,1.0,,digital wallet,,2023-09-19,2023.0,9.0,19.0
7471281,sandwich,5.0,4.0,20.0,,,2023-06-16,2023.0,6.0,16.0
1512159,cake,2.0,3.0,6.0,credit card,in-store,2023-11-25,2023.0,11.0,25.0
4008899,salad,4.0,5.0,20.0,,,2023-05-07,2023.0,5.0,7.0
4566950,coffee,2.0,2.0,4.0,cash,takeaway,2023-09-29,2023.0,9.0,29.0
6648081,salad,4.0,5.0,20.0,,takeaway,2023-04-24,2023.0,4.0,24.0
5094936,coffee,4.0,2.0,8.0,,in-store,2023-07-12,2023.0,7.0,12.0
8154928,tea,3.0,1.5,4.5,credit card,,2023-07-26,2023.0,7.0,26.0
6550707,coffee,1.0,2.0,2.0,digital wallet,,2023-03-01,2023.0,3.0,1.0
3676019,juice,4.0,3.0,12.0,digital wallet,,2023-11-07,2023.0,11.0,7.0
2486026,tea,5.0,,,digital wallet,in-store,2023-03-26,2023.0,3.0,26.0
9644830,cookie,1.0,1.0,1.0,,,2023-11-24,2023.0,11.0,24.0
3219378,salad,3.0,5.0,15.0,digital wallet,in-store,2023-12-04,2023.0,12.0,4.0
6372515,cookie,1.0,1.0,1.0,digital wallet,in-store,2023-11-22,2023.0,11.0,22.0
4692681,tea,2.0,1.5,3.0,,,2023-06-02,2023.0,6.0,2.0
9364172,tea,4.0,1.5,6.0,,takeaway,2023-03-18,2023.0,3.0,18.0
4745933,salad,1.0,5.0,5.0,digital wallet,in-store,2023-11-05,2023.0,11.0,5.0
6540267,salad,2.0,5.0,10.0,,takeaway,2023-09-26,2023.0,9.0,26.0
6994245,coffee,4.0,2.0,8.0,digital wallet,in-store,2023-12-30,2023.0,12.0,30.0
8973007,coffee,5.0,2.0,10.0,,takeaway,2023-02-07,2023.0,2.0,7.0
5108183,smoothie,,4.0,,credit card,,2023-08-31,2023.0,8.0,31.0
8103630,cookie,1.0,1.0,1.0,digital wallet,takeaway,2023-03-08,2023.0,3.0,8.0
2575160,tea,5.0,1.5,7.5,,,2023-01-02,2023.0,1.0,2.0
8002309,sandwich,1.0,4.0,4.0,,,2023-04-04,2023.0,4.0,4.0
3252542,sandwich,5.0,4.0,20.0,digital wallet,in-store,2023-09-22,2023.0,9.0,22.0
4775220,juice,3.0,3.0,9.0,,takeaway,2023-07-21,2023.0,7.0,21.0
4413197,tea,4.0,1.5,6.0,digital wallet,,2023-09-06,2023.0,9.0,6.0
1283149,salad,2.0,5.0,10.0,credit card,in-store,2023-01-23,2023.0,1.0,23.0
6822426,cake,5.0,3.0,15.0,digital wallet,in-store,2023-05-27,2023.0,5.0,27.0
8210816,salad,4.0,5.0,20.0,digital wallet,takeaway,2023-08-12,2023.0,8.0,12.0
5896728,juice,4.0,3.0,12.0,digital wallet,takeaway,2023-10-06,2023.0,10.0,6.0
4407308,tea,4.0,1.5,6.0,digital wallet,in-store,2023-09-19,2023.0,9.0,19.0
7710078,juice,2.0,3.0,6.0,credit card,takeaway,2023-12-05,2023.0,12.0,5.0
5206046,sandwich,3.0,4.0,12.0,,in-store,,,,
6016707,juice,1.0,3.0,3.0,cash,in-store,2023-06-27,2023.0,6.0,27.0
7895436,cake,3.0,3.0,9.0,,,2023-09-09,2023.0,9.0,9.0
3600632,,4.0,2.0,8.0,cash,takeaway,2023-12-09,2023.0,12.0,9.0
4565969,coffee,3.0,2.0,6.0,,takeaway,2023-03-16,2023.0,3.0,16.0
7821478,cake,4.0,,,cash,in-store,2023-05-24,2023.0,5.0,24.0
2971555,cake,1.0,3.0,3.0,cash,,2023-02-24,2023.0,2.0,24.0
1465364,tea,4.0,1.5,6.0,digital wallet,in-store,,,,
9664173,sandwich,1.0,4.0,4.0,,in-store,2023-03-20,2023.0,3.0,20.0
4049270,,5.0,2.0,10.0,digital wallet,in-store,2023-07-28,2023.0,7.0,28.0
4731715,coffee,5.0,2.0,10.0,,,2023-03-14,2023.0,3.0,14.0
3377626,cookie,5.0,1.0,5.0,cash,in-store,2023-07-23,2023.0,7.0,23.0
5753111,salad,1.0,5.0,5.0,credit card,,2023-04-25,2023.0,4.0,25.0
2054549,smoothie,,4.0,,,in-store,2023-04-07,2023.0,4.0,7.0
6996548,coffee,,2.0,,credit card,,2023-06-24,2023.0,6.0,24.0
6761402,,1.0,2.0,2.0,,takeaway,2023-08-31,2023.0,8.0,31.0
1983842,cake,5.0,3.0,15.0,digital wallet,,2023-03-16,2023.0,3.0,16.0
4982165,tea,1.0,1.5,1.5,credit card,takeaway,2023-04-12,2023.0,4.0,12.0
5679295,tea,5.0,,,,takeaway,2023-04-30,2023.0,4.0,30.0
9194266,salad,5.0,5.0,25.0,cash,,2023-10-30,2023.0,10.0,30.0
1141920,coffee,4.0,2.0,8.0,digital wallet,,2023-10-26,2023.0,10.0,26.0
8878500,salad,4.0,5.0,20.0,,,2023-02-24,2023.0,2.0,24.0
1012349,,4.0,3.0,12.0,cash,in-store,2023-07-08,2023.0,7.0,8.0
3811655,smoothie,2.0,4.0,8.0,,,,,,
1581562,coffee,2.0,2.0,4.0,cash,in-store,2023-01-01,2023.0,1.0,1.0
6762236,juice,4.0,3.0,12.0,,in-store,2023-01-17,2023.0,1.0,17.0
1041891,cookie,5.0,1.0,5.0,,,2023-08-09,2023.0,8.0,9.0
6467796,,5.0,2.0,10.0,credit card,takeaway,2023-10-25,2023.0,10.0,25.0
8701045,,2.0,3.0,6.0,cash,in-store,2023-06-07,2023.0,6.0,7.0
9656325,,2.0,2.0,4.0,credit card,takeaway,2023-03-31,2023.0,3.0,31.0
2716560,sandwich,4.0,4.0,16.0,credit card,takeaway,2023-08-29,2023.0,8.0,29.0
4141941,coffee,2.0,2.0,4.0,digital wallet,in-store,2023-05-18,2023.0,5.0,18.0
4633505,,3.0,1.5,4.5,digital wallet,takeaway,2023-08-25,2023.0,8.0,25.0
5283053,juice,4.0,3.0,12.0,digital wallet,,2023-04-30,2023.0,4.0,30.0
1054912,sandwich,3.0,4.0,12.0,cash,,2023-08-02,2023.0,8.0,2.0
9100081,juice,1.0,3.0,3.0,cash,,2023-08-18,2023.0,8.0,18.0
5129701,smoothie,2.0,4.0,8.0,credit card,takeaway,2023-11-09,2023.0,11.0,9.0
7021592,salad,4.0,5.0,20.0,credit card,in-store,2023-07-01,2023.0,7.0,1.0
8644119,sandwich,,4.0,,,,2023-10-01,2023.0,10.0,1.0
3041142,smoothie,3.0,4.0,12.0,digital wallet,,2023-12-22,2023.0,12.0,22.0
5618631,coffee,5.0,2.0,10.0,credit card,in-store,2023-12-21,2023.0,12.0,21.0
6496379,sandwich,1.0,4.0,4.0,cash,takeaway,2023-12-24,2023.0,12.0,24.0
1486119,cookie,4.0,1.0,4.0,,,2023-08-24,2023.0,8.0,24.0
2386202,salad,4.0,5.0,20.0,cash,in-store,2023-01-22,2023.0,1.0,22.0
6836109,coffee,4.0,2.0,8.0,,takeaway,2023-04-09,2023.0,4.0,9.0
9190061,salad,5.0,5.0,25.0,cash,takeaway,2023-06-14,2023.0,6.0,14.0
1691512,smoothie,1.0,4.0,4.0,,,2023-03-25,2023.0,3.0,25.0
1059293,,5.0,4.0,20.0,,,2023-12-04,2023.0,12.0,4.0
8813052,tea,4.0,1.5,6.0,,in-store,,,,
2495471,salad,3.0,5.0,15.0,credit card,takeaway,2023-10-22,2023.0,10.0,22.0
7708201,salad,3.0,5.0,15.0,cash,,2023-01-04,2023.0,1.0,4.0
2038871,tea,2.0,1.5,3.0,,takeaway,2023-07-15,2023.0,7.0,15.0
7195393,salad,2.0,5.0,10.0,credit card,in-store,2023-01-24,2023.0,1.0,24.0
8022892,sandwich,4.0,4.0,16.0,digital wallet,in-store,2023-08-07,2023.0,8.0,7.0
4298189,coffee,1.0,2.0,2.0,digital wallet,in-store,2023-10-13,2023.0,10.0,13.0
4967446,sandwich,1.0,4.0,4.0,,in-store,2023-07-11,2023.0,7.0,11.0
3368231,tea,3.0,1.5,4.5,,,2023-08-11,2023.0,8.0,11.0
7353699,tea,5.0,1.5,7.5,digital wallet,,2023-07-20,2023.0,7.0,20.0
6888998,coffee,5.0,2.0,10.0,,,2023-02-27,2023.0,2.0,27.0
3541304,sandwich,3.0,4.0,12.0,cash,in-store,2023-04-22,2023.0,4.0,22.0
8188818,tea,2.0,1.5,3.0,,,2023-10-07,2023.0,10.0,7.0
9431971,smoothie,1.0,4.0,4.0,credit card,,2023-07-17,2023.0,7.0,17.0
4543742,coffee,3.0,2.0,6.0,digital wallet,,2023-03-28,2023.0,3.0,28.0
5961027,cake,2.0,3.0,6.0,cash,in-store,,,,
1807140,salad,,5.0,,cash,,2023-03-22,2023.0,3.0,22.0
3007866,juice,4.0,3.0,12.0,credit card,in-store,2023-04-14,2023.0,4.0,14.0
6779377,smoothie,5.0,4.0,20.0,,in-store,2023-10-06,2023.0,10.0,6.0
7053830,coffee,3.0,2.0,6.0,digital wallet,,2023-02-14,2023.0,2.0,14.0
3660048,cake,1.0,,,credit card,,,,,
6522299,tea,2.0,1.5,3.0,cash,,2023-08-29,2023.0,8.0,29.0
5811766,cake,5.0,,,digital wallet,in-store,,,,
2848421,cookie,1.0,1.0,1.0,digital wallet,in-store,2023-08-07,2023.0,8.0,7.0
4935533,,1.0,4.0,4.0,,in-store,2023-06-12,2023.0,6.0,12.0
2389320,coffee,2.0,2.0,4.0,,takeaway,2023-07-26,2023.0,7.0,26.0
8423155,coffee,1.0,2.0,2.0,,takeaway,2023-07-03,2023.0,7.0,3.0
6053617,sandwich,2.0,4.0,8.0,credit card,,2023-11-25,2023.0,11.0,25.0
8384372,tea,4.0,1.5,6.0,digital wallet,,2023-08-07,2023.0,8.0,7.0
3426338,salad,1.0,5.0,5.0,cash,in-store,2023-07-31,2023.0,7.0,31.0
4581359,juice,2.0,3.0,6.0,credit card,,2023-03-22,2023.0,3.0,22.0
3561451,salad,4.0,5.0,20.0,credit card,,2023-05-31,2023.0,5.0,31.0
7768989,sandwich,2.0,4.0,8.0,cash,in-store,2023-10-02,2023.0,10.0,2.0
5963316,tea,2.0,1.5,3.0,credit card,takeaway,2023-06-25,2023.0,6.0,25.0
4265942,coffee,5.0,2.0,10.0,,,2023-04-24,2023.0,4.0,24.0
6014389,cookie,5.0,1.0,5.0,credit card,in-store,2023-07-21,2023.0,7.0,21.0
7358729,cookie,2.0,1.0,2.0,cash,takeaway,2023-02-25,2023.0,2.0,25.0
9815521,sandwich,3.0,4.0,12.0,credit card,in-store,2023-05-26,2023.0,5.0,26.0
8325221,,2.0,2.0,4.0,credit card,,2023-11-17,2023.0,11.0,17.0
8267031,cake,,3.0,,,takeaway,2023-03-28,2023.0,3.0,28.0
1950187,tea,2.0,1.5,3.0,credit card,takeaway,2023-04-13,2023.0,4.0,13.0
9518691,salad,2.0,5.0,10.0,credit card,,2023-03-30,2023.0,3.0,30.0
3612790,smoothie,1.0,,,,,2023-09-01,2023.0,9.0,1.0
5436816,salad,3.0,5.0,15.0,credit card,,2023-08-04,2023.0,8.0,4.0
7896586,sandwich,2.0,4.0,8.0,credit card,,2023-09-04,2023.0,9.0,4.0
5835004,smoothie,5.0,4.0,20.0,credit card,in-store,2023-04-14,2023.0,4.0,14.0
3774886,sandwich,3.0,4.0,12.0,,,2023-06-01,2023.0,6.0,1.0
5950951,salad,1.0,5.0,5.0,credit card,in-store,2023-04-10,2023.0,4.0,10.0
3918096,juice,4.0,3.0,12.0,,,2023-08-17,2023.0,8.0,17.0
2786231,juice,1.0,3.0,3.0,cash,takeaway,2023-08-17,2023.0,8.0,17.0
3803063,,4.0,,,credit card,takeaway,2023-11-23,2023.0,11.0,23.0
4262451,coffee,1.0,2.0,2.0,digital wallet,takeaway,2023-10-16,2023.0,10.0,16.0
4773210,coffee,1.0,2.0,2.0,credit card,,2023-11-29,2023.0,11.0,29.0
1231366,sandwich,3.0,4.0,12.0,digital wallet,takeaway,2023-11-28,2023.0,11.0,28.0
6596377,cookie,5.0,,,,,2023-08-02,2023.0,8.0,2.0
2713279,cookie,4.0,1.0,4.0,digital wallet,in-store,2023-02-12,2023.0,2.0,12.0
4247602,salad,5.0,5.0,25.0,credit card,takeaway,2023-07-13,2023.0,7.0,13.0
2446298,juice,,3.0,,,in-store,2023-05-21,2023.0,5.0,21.0
7258784,,4.0,2.0,8.0,cash,in-store,2023-09-21,2023.0,9.0,21.0
5164540,tea,2.0,1.5,3.0,,takeaway,2023-01-05,2023.0,1.0,5.0
6488040,salad,1.0,5.0,5.0,digital wallet,takeaway,2023-05-20,2023.0,5.0,20.0
9850842,tea,3.0,,,,,2023-01-23,2023.0,1.0,23.0
7269738,cookie,3.0,1.0,3.0,cash,,2023-05-26,2023.0,5.0,26.0
2638760,cake,5.0,3.0,15.0,cash,,2023-02-09,2023.0,2.0,9.0
3459152,cake,,3.0,,digital wallet,,2023-06-28,2023.0,6.0,28.0
8013818,tea,2.0,1.5,3.0,,,2023-07-24,2023.0,7.0,24.0
8077367,tea,,,,credit card,,2023-02-27,2023.0,2.0,27.0
6643922,coffee,5.0,2.0,10.0,digital wallet,in-store,2023-06-24,2023.0,6.0,24.0
8388056,salad,1.0,5.0,5.0,credit card,,2023-06-23,2023.0,6.0,23.0
4728936,juice,4.0,3.0,12.0,digital wallet,takeaway,2023-02-27,2023.0,2.0,27.0
6386388,tea,3.0,1.5,4.5,credit card,takeaway,2023-05-21,2023.0,5.0,21.0
9443285,cake,2.0,3.0,6.0,credit card,,2023-05-27,2023.0,5.0,27.0
6377838,cake,2.0,3.0,6.0,digital wallet,takeaway,2023-02-19,2023.0,2.0,19.0
7483986,salad,2.0,5.0,10.0,,takeaway,2023-03-24,2023.0,3.0,24.0
7719510,juice,3.0,3.0,9.0,credit card,takeaway,2023-08-14,2023.0,8.0,14.0
7908153,cookie,3.0,1.0,3.0,cash,in-store,2023-01-19,2023.0,1.0,19.0
3083412,coffee,5.0,,,credit card,in-store,,,,
8159649,,4.0,2.0,8.0,,in-store,2023-06-15,2023.0,6.0,15.0
5391160,juice,2.0,3.0,6.0,cash,in-store,2023-03-09,2023.0,3.0,9.0
8324715,sandwich,5.0,4.0,20.0,credit card,,2023-03-21,2023.0,3.0,21.0
7353685,sandwich,2.0,4.0,8.0,,in-store,,,,
1985223,smoothie,3.0,4.0,12.0,digital wallet,takeaway,2023-09-21,2023.0,9.0,21.0
2944460,salad,1.0,5.0,5.0,digital wallet,in-store,2023-04-16,2023.0,4.0,16.0
6957157,cake,1.0,3.0,3.0,,,2023-02-01,2023.0,2.0,1.0
5693294,,3.0,3.0,9.0,credit card,,2023-12-30,2023.0,12.0,30.0
2887257,cookie,3.0,1.0,3.0,credit card,in-store,2023-08-27,2023.0,8.0,27.0
3986876,cake,3.0,3.0,9.0,cash,takeaway,2023-11-06,2023.0,11.0,6.0
1066604,sandwich,5.0,4.0,20.0,credit card,,2023-05-18,2023.0,5.0,18.0
2494494,coffee,1.0,2.0,2.0,cash,,2023-06-13,2023.0,6.0,13.0
4464373,cookie,2.0,1.0,2.0,digital wallet,in-store,2023-04-22,2023.0,4.0,22.0
7844770,cake,2.0,3.0,6.0,digital wallet,,2023-01-31,2023.0,1.0,31.0
9968943,smoothie,1.0,4.0,4.0,digital wallet,,2023-07-25,2023.0,7.0,25.0
4051488,cookie,4.0,1.0,4.0,,takeaway,2023-06-09,2023.0,6.0,9.0
2668838,cake,4.0,3.0,12.0,,takeaway,2023-05-11,2023.0,5.0,11.0
8039752,,2.0,2.0,4.0,,takeaway,2023-11-28,2023.0,11.0,28.0
3388908,cookie,4.0,,,,takeaway,2023-11-22,2023.0,11.0,22.0
2096487,,5.0,4.0,20.0,digital wallet,takeaway,2023-08-09,2023.0,8.0,9.0
8795794,sandwich,3.0,4.0,12.0,cash,in-store,2023-02-13,2023.0,2.0,13.0
4627457,cake,3.0,3.0,9.0,,in-store,2023-12-13,2023.0,12.0,13.0
2352308,cookie,2.0,1.0,2.0,cash,,2023-11-10,2023.0,11.0,10.0
3980743,salad,1.0,5.0,5.0,,takeaway,2023-09-21,2023.0,9.0,21.0
6538210,smoothie,1.0,4.0,4.0,,in-store,2023-12-29,2023.0,12.0,29.0
3749051,,,4.0,,,takeaway,2023-04-19,2023.0,4.0,19.0
6683798,cookie,1.0,1.0,1.0,digital wallet,takeaway,2023-07-26,2023.0,7.0,26.0
7246683,smoothie,1.0,4.0,4.0,digital wallet,takeaway,2023-05-17,2023.0,5.0,17.0
6755348,,5.0,4.0,20.0,,,2023-06-23,2023.0,6.0,23.0
3691228,cake,3.0,3.0,9.0,cash,takeaway,2023-10-26,2023.0,10.0,26.0
7407946,salad,3.0,5.0,15.0,credit card,,2023-03-26,2023.0,3.0,26.0
8635803,tea,2.0,1.5,3.0,cash,,2023-03-17,2023.0,3.0,17.0
9550508,smoothie,5.0,,,,,2023-11-18,2023.0,11.0,18.0
8010562,sandwich,1.0,4.0,4.0,cash,,2023-07-23,2023.0,7.0,23.0
2501648,cake,2.0,3.0,6.0,credit card,,2023-12-05,2023.0,12.0,5.0
9455679,salad,5.0,5.0,25.0,,takeaway,2023-05-18,2023.0,5.0,18.0
8105705,juice,1.0,3.0,3.0,digital wallet,takeaway,2023-10-17,2023.0,10.0,17.0
9676096,cake,3.0,3.0,9.0,digital wallet,,2023-04-05,2023.0,4.0,5.0
8476828,,3.0,1.5,4.5,,takeaway,2023-10-25,2023.0,10.0,25.0
2126034,coffee,4.0,,,cash,in-store,2023-10-30,2023.0,10.0,30.0
2151258,cake,3.0,3.0,9.0,credit card,,2023-08-09,2023.0,8.0,9.0
3672345,tea,3.0,1.5,4.5,credit card,,2023-10-17,2023.0,10.0,17.0
6793298,tea,2.0,1.5,3.0,credit card,,2023-04-14,2023.0,4.0,14.0
3951329,sandwich,,4.0,,credit card,takeaway,2023-12-28,2023.0,12.0,28.0
7480853,smoothie,2.0,,,digital wallet,in-store,2023-10-07,2023.0,10.0,7.0
4944024,smoothie,2.0,4.0,8.0,,takeaway,2023-09-26,2023.0,9.0,26.0
6687528,juice,2.0,3.0,6.0,,,2023-05-06,2023.0,5.0,6.0
5531648,coffee,5.0,2.0,10.0,cash,takeaway,2023-01-23,2023.0,1.0,23.0
8789736,coffee,2.0,2.0,4.0,credit card,,2023-05-06,2023.0,5.0,6.0
9938977,cake,5.0,3.0,15.0,cash,in-store,2023-12-18,2023.0,12.0,18.0
2730798,tea,4.0,1.5,6.0,credit card,,2023-12-01,2023.0,12.0,1.0
3749801,cake,5.0,3.0,15.0,credit card,takeaway,2023-01-03,2023.0,1.0,3.0
3326626,cake,2.0,3.0,6.0,cash,takeaway,2023-09-26,2023.0,9.0,26.0
4843989,tea,4.0,1.5,6.0,digital wallet,takeaway,2023-09-30,2023.0,9.0,30.0
6606514,juice,1.0,3.0,3.0,credit card,in-store,2023-06-25,2023.0,6.0,25.0
6187752,smoothie,5.0,4.0,20.0,,takeaway,2023-12-24,2023.0,12.0,24.0
1666190,smoothie,4.0,4.0,16.0,,takeaway,2023-07-28,2023.0,7.0,28.0
9438576,cookie,1.0,1.0,1.0,credit card,in-store,2023-05-05,2023.0,5.0,5.0
1344947,cake,3.0,3.0,9.0,,takeaway,2023-02-16,2023.0,2.0,16.0
4978922,cookie,4.0,1.0,4.0,cash,,,,,
3951552,salad,2.0,,,cash,in-store,2023-03-25,2023.0,3.0,25.0
3916668,juice,2.0,3.0,6.0,digital wallet,,2023-05-14,2023.0,5.0,14.0
4789941,sandwich,3.0,4.0,12.0,credit card,,2023-04-17,2023.0,4.0,17.0
6957001,tea,4.0,1.5,6.0,,in-store,2023-08-08,2023.0,8.0,8.0
3536893,salad,2.0,5.0,10.0,,,2023-05-16,2023.0,5.0,16.0
4519915,smoothie,,4.0,,digital wallet,in-store,2023-05-15,2023.0,5.0,15.0
3269434,juice,1.0,3.0,3.0,cash,,2023-02-01,2023.0,2.0,1.0
3291988,juice,2.0,3.0,6.0,credit card,,2023-07-03,2023.0,7.0,3.0
7083611,cake,2.0,3.0,6.0,,,2023-05-15,2023.0,5.0,15.0
1875220,tea,3.0,1.5,4.5,cash,in-store,2023-03-07,2023.0,3.0,7.0
1926712,coffee,5.0,2.0,10.0,credit card,,2023-01-31,2023.0,1.0,31.0
5552114,sandwich,2.0,4.0,8.0,,in-store,2023-06-13,2023.0,6.0,13.0
5672583,juice,2.0,3.0,6.0,cash,takeaway,2023-04-09,2023.0,4.0,9.0
3717444,smoothie,3.0,4.0,12.0,,,2023-09-07,2023.0,9.0,7.0
1899114,tea,3.0,1.5,4.5,digital wallet,takeaway,2023-04-05,2023.0,4.0,5.0
2625388,coffee,5.0,2.0,10.0,digital wallet,in-store,2023-02-09,2023.0,2.0,9.0
7153665,salad,5.0,5.0,25.0,cash,in-store,2023-07-31,2023.0,7.0,31.0
9161256,smoothie,2.0,4.0,8.0,digital wallet,in-store,2023-01-01,2023.0,1.0,1.0
2010060,,1.0,3.0,3.0,cash,,2023-11-09,2023.0,11.0,9.0
9077843,tea,3.0,1.5,4.5,,,2023-03-28,2023.0,3.0,28.0
5611262,,2.0,5.0,10.0,digital wallet,in-store,2023-05-22,2023.0,5.0,22.0
3255254,juice,4.0,3.0,12.0,cash,,2023-03-23,2023.0,3.0,23.0
9275800,smoothie,3.0,4.0,12.0,cash,,2023-05-01,2023.0,5.0,1.0
2430215,,2.0,1.0,2.0,digital wallet,,2023-04-10,2023.0,4.0,10.0
1372003,tea,4.0,1.5,6.0,digital wallet,takeaway,2023-10-13,2023.0,10.0,13.0
7364110,coffee,5.0,2.0,10.0,cash,,,,,
7202644,smoothie,5.0,4.0,20.0,,takeaway,2023-08-01,2023.0,8.0,1.0
5330387,coffee,3.0,2.0,6.0,,,2023-10-21,2023.0,10.0,21.0
2119809,salad,5.0,5.0,25.0,digital wallet,in-store,2023-04-21,2023.0,4.0,21.0
5587224,salad,2.0,5.0,10.0,,in-store,2023-01-05,2023.0,1.0,5.0
6332132,juice,3.0,3.0,9.0,,takeaway,,,,
2185661,sandwich,4.0,4.0,16.0,cash,,2023-03-16,2023.0,3.0,16.0
2491186,salad,5.0,5.0,25.0,,,2023-11-28,2023.0,11.0,28.0
1891217,tea,5.0,1.5,7.5,,,2023-04-02,2023.0,4.0,2.0
8977555,cake,2.0,3.0,6.0,cash,,2023-07-21,2023.0,7.0,21.0
7179922,cake,2.0,3.0,6.0,,in-store,2023-09-05,2023.0,9.0,5.0
5114283,tea,1.0,1.5,1.5,digital wallet,in-store,2023-05-28,2023.0,5.0,28.0
1528454,coffee,2.0,2.0,4.0,,in-store,2023-03-22,2023.0,3.0,22.0
5615114,tea,4.0,1.5,6.0,digital wallet,,2023-10-31,2023.0,10.0,31.0
4968659,tea,5.0,1.5,7.5,credit card,,2023-03-18,2023.0,3.0,18.0
4858666,cake,3.0,3.0,9.0,credit card,,2023-03-18,2023.0,3.0,18.0
3502394,,3.0,2.0,6.0,credit card,in-store,2023-09-02,2023.0,9.0,2.0
4754723,coffee,2.0,2.0,4.0,credit card,,,,,
1902009,,2.0,3.0,6.0,credit card,,2023-04-12,2023.0,4.0,12.0
8492074,tea,3.0,1.5,4.5,digital wallet,in-store,2023-11-12,2023.0,11.0,12.0
6355908,sandwich,3.0,4.0,12.0,credit card,,2023-03-28,2023.0,3.0,28.0
6856530,smoothie,5.0,4.0,20.0,digital wallet,,2023-11-11,2023.0,11.0,11.0
1180397,smoothie,3.0,4.0,12.0,credit card,takeaway,2023-04-05,2023.0,4.0,5.0
4747863,cookie,2.0,1.0,2.0,digital wallet,in-store,2023-10-04,2023.0,10.0,4.0
3979966,smoothie,5.0,4.0,20.0,,takeaway,2023-08-23,2023.0,8.0,23.0
5127984,sandwich,3.0,4.0,12.0,cash,in-store,2023-11-12,2023.0,11.0,12.0
9904214,sandwich,5.0,4.0,20.0,,takeaway,2023-03-13,2023.0,3.0,13.0
9948753,tea,2.0,1.5,3.0,,takeaway,2023-05-09,2023.0,5.0,9.0
8263172,,2.0,3.0,6.0,,takeaway,2023-12-30,2023.0,12.0,30.0
1196223,juice,3.0,3.0,9.0,digital wallet,in-store,2023-10-14,2023.0,10.0,14.0
2401073,coffee,4.0,2.0,8.0,credit card,,2023-02-10,2023.0,2.0,10.0
9639089,juice,4.0,3.0,12.0,credit card,in-store,2023-05-14,2023.0,5.0,14.0
8654093,coffee,3.0,2.0,6.0,digital wallet,,2023-11-29,2023.0,11.0,29.0
1038397,cookie,3.0,1.0,3.0,,in-store,2023-05-20,2023.0,5.0,20.0
8872715,cookie,2.0,1.0,2.0,digital wallet,takeaway,,,,
4638979,salad,1.0,5.0,5.0,,,2023-06-28,2023.0,6.0,28.0
5506097,,5.0,4.0,20.0,cash,takeaway,2023-05-04,2023.0,5.0,4.0
9579984,salad,5.0,5.0,25.0,credit card,,2023-12-25,2023.0,12.0,25.0
6087578,tea,1.0,1.5,1.5,credit card,,2023-12-17,2023.0,12.0,17.0
5297299,coffee,5.0,2.0,10.0,,,2023-10-04,2023.0,10.0,4.0
7526174,juice,3.0,3.0,9.0,credit card,,2023-08-06,2023.0,8.0,6.0
5401244,salad,1.0,5.0,5.0,credit card,in-store,2023-07-08,2023.0,7.0,8.0
7470034,smoothie,5.0,4.0,20.0,digital wallet,takeaway,,,,
7775760,cake,4.0,3.0,12.0,,,2023-02-21,2023.0,2.0,21.0
5820892,juice,1.0,3.0,3.0,digital wallet,,2023-11-14,2023.0,11.0,14.0
3801338,sandwich,3.0,4.0,12.0,credit card,,2023-11-03,2023.0,11.0,3.0
1521861,,5.0,3.0,15.0,cash,in-store,2023-04-02,2023.0,4.0,2.0
8365857,smoothie,5.0,4.0,20.0,digital wallet,takeaway,2023-10-06,2023.0,10.0,6.0
9349657,cookie,2.0,1.0,2.0,credit card,in-store,2023-03-14,2023.0,3.0,14.0
4503716,cake,1.0,3.0,3.0,,,2023-11-12,2023.0,11.0,12.0
5679014,coffee,1.0,2.0,2.0,,in-store,2023-06-12,2023.0,6.0,12.0
1161606,sandwich,5.0,4.0,20.0,credit card,takeaway,2023-09-20,2023.0,9.0,20.0
5938359,cookie,2.0,1.0,2.0,credit card,,2023-06-02,2023.0,6.0,2.0
7565894,salad,1.0,5.0,5.0,cash,takeaway,2023-07-15,2023.0,7.0,15.0
1987311,smoothie,1.0,4.0,4.0,,in-store,2023-08-03,2023.0,8.0,3.0
4656387,cookie,2.0,1.0,2.0,digital wallet,,2023-07-25,2023.0,7.0,25.0
9277276,cake,4.0,3.0,12.0,credit card,takeaway,2023-09-15,2023.0,9.0,15.0
1576076,coffee,3.0,2.0,6.0,cash,takeaway,2023-10-07,2023.0,10.0,7.0
3676632,smoothie,4.0,4.0,16.0,credit card,,2023-12-11,2023.0,12.0,11.0
9945457,cookie,4.0,1.0,4.0,cash,,2023-06-28,2023.0,6.0,28.0
6508674,,2.0,3.0,6.0,,takeaway,2023-02-09,2023.0,2.0,9.0
4579086,cake,2.0,3.0,6.0,credit card,in-store,2023-07-20,2023.0,7.0,20.0
2421873,coffee,2.0,2.0,4.0,credit card,,2023-02-18,2023.0,2.0,18.0
3601382,salad,3.0,5.0,15.0,,,2023-02-12,2023.0,2.0,12.0
2323650,tea,4.0,1.5,6.0,digital wallet,,2023-10-09,2023.0,10.0,9.0
3587916,salad,3.0,5.0,15.0,cash,in-store,2023-07-09,2023.0,7.0,9.0
8914956,cookie,2.0,1.0,2.0,credit card,,2023-05-13,2023.0,5.0,13.0
9080521,coffee,2.0,2.0,4.0,credit card,in-store,2023-01-24,2023.0,1.0,24.0
1450705,cookie,5.0,1.0,5.0,,,2023-10-07,2023.0,10.0,7.0
9648941,coffee,2.0,2.0,4.0,cash,takeaway,2023-06-30,2023.0,6.0,30.0
9989719,smoothie,2.0,4.0,8.0,credit card,takeaway,2023-11-26,2023.0,11.0,26.0
8409154,cake,4.0,3.0,12.0,digital wallet,,2023-06-20,2023.0,6.0,20.0
4630633,sandwich,1.0,4.0,4.0,,takeaway,2023-10-22,2023.0,10.0,22.0
8332592,juice,,3.0,,,,2023-03-25,2023.0,3.0,25.0
5736595,coffee,3.0,2.0,6.0,credit card,,2023-08-14,2023.0,8.0,14.0
2264883,juice,2.0,3.0,6.0,credit card,takeaway,2023-12-24,2023.0,12.0,24.0
6137394,sandwich,1.0,4.0,4.0,,in-store,2023-11-22,2023.0,11.0,22.0
4127927,salad,5.0,5.0,25.0,,takeaway,2023-08-04,2023.0,8.0,4.0
7256205,juice,4.0,3.0,12.0,cash,,2023-04-08,2023.0,4.0,8.0
1766527,,4.0,5.0,20.0,digital wallet,,2023-02-07,2023.0,2.0,7.0
7591982,salad,1.0,5.0,5.0,cash,,2023-02-28,2023.0,2.0,28.0
5530273,cake,3.0,3.0,9.0,digital wallet,,2023-01-13,2023.0,1.0,13.0
2958213,,5.0,1.0,5.0,,,2023-08-15,2023.0,8.0,15.0
2057961,juice,2.0,3.0,6.0,,in-store,2023-10-04,2023.0,10.0,4.0
9705027,cookie,2.0,1.0,2.0,cash,,,,,
6367976,juice,1.0,3.0,3.0,digital wallet,,2023-10-16,2023.0,10.0,16.0
9921277,cake,,3.0,,,takeaway,2023-01-29,2023.0,1.0,29.0
4867316,sandwich,1.0,4.0,4.0,digital wallet,,2023-11-28,2023.0,11.0,28.0
6704173,smoothie,2.0,4.0,8.0,credit card,,2023-07-24,2023.0,7.0,24.0
9510130,salad,4.0,5.0,20.0,cash,,2023-03-06,2023.0,3.0,6.0
1192009,coffee,1.0,2.0,2.0,,,2023-05-18,2023.0,5.0,18.0
2899889,salad,2.0,5.0,10.0,,in-store,2023-12-09,2023.0,12.0,9.0
7172693,,5.0,5.0,25.0,credit card,in-store,2023-03-23,2023.0,3.0,23.0
6862603,salad,4.0,5.0,20.0,credit card,takeaway,2023-04-17,2023.0,4.0,17.0
5761207,smoothie,3.0,4.0,12.0,credit card,,2023-04-19,2023.0,4.0,19.0
9852820,salad,2.0,5.0,10.0,credit card,in-store,2023-08-27,2023.0,8.0,27.0
5939783,cookie,2.0,1.0,2.0,,takeaway,,,,
2062604,coffee,2.0,2.0,4.0,cash,in-store,,,,
9531812,sandwich,2.0,4.0,8.0,digital wallet,in-store,2023-02-04,2023.0,2.0,4.0
1423173,smoothie,5.0,4.0,20.0,credit card,,2023-10-02,2023.0,10.0,2.0
9811007,cookie,5.0,1.0,5.0,credit card,,2023-03-07,2023.0,3.0,7.0
4346813,salad,5.0,5.0,25.0,,,2023-07-07,2023.0,7.0,7.0
4383311,cake,2.0,,,,in-store,2023-09-23,2023.0,9.0,23.0
5935353,,2.0,,,credit card,,2023-05-01,2023.0,5.0,1.0
6778796,cake,5.0,3.0,15.0,cash,,2023-11-29,2023.0,11.0,29.0
2119373,salad,4.0,5.0,20.0,credit card,in-store,2023-06-30,2023.0,6.0,30.0
6803555,tea,2.0,1.5,3.0,digital wallet,takeaway,2023-05-31,2023.0,5.0,31.0
7010218,cookie,4.0,1.0,4.0,,takeaway,2023-04-29,2023.0,4.0,29.0
1707537,cake,3.0,3.0,9.0,digital wallet,takeaway,2023-10-17,2023.0,10.0,17.0
8470187,juice,3.0,3.0,9.0,,takeaway,2023-06-28,2023.0,6.0,28.0
6087604,sandwich,4.0,4.0,16.0,digital wallet,,2023-01-27,2023.0,1.0,27.0
9825905,coffee,1.0,2.0,2.0,digital wallet,,2023-01-04,2023.0,1.0,4.0
2086557,smoothie,2.0,4.0,8.0,cash,in-store,2023-01-13,2023.0,1.0,13.0
9077087,juice,1.0,3.0,3.0,,in-store,2023-05-08,2023.0,5.0,8.0
7714902,coffee,4.0,2.0,8.0,cash,,2023-09-10,2023.0,9.0,10.0
2154477,cake,4.0,3.0,12.0,,,2023-02-11,2023.0,2.0,11.0
5949199,tea,5.0,1.5,7.5,,in-store,2023-02-28,2023.0,2.0,28.0
8209124,coffee,2.0,2.0,4.0,cash,,2023-10-05,2023.0,10.0,5.0
7519611,,4.0,1.5,6.0,credit card,in-store,2023-10-08,2023.0,10.0,8.0
1318943,,2.0,2.0,4.0,cash,in-store,2023-06-13,2023.0,6.0,13.0
4502922,,1.0,4.0,4.0,credit card,takeaway,2023-06-23,2023.0,6.0,23.0
4554194,smoothie,3.0,,,credit card,takeaway,2023-10-04,2023.0,10.0,4.0
3418612,tea,3.0,1.5,4.5,digital wallet,,2023-01-31,2023.0,1.0,31.0
2539469,cake,2.0,3.0,6.0,credit card,takeaway,2023-09-24,2023.0,9.0,24.0
2764544,juice,4.0,3.0,12.0,cash,in-store,2023-04-02,2023.0,4.0,2.0
8672939,smoothie,1.0,4.0,4.0,,,2023-11-02,2023.0,11.0,2.0
1499346,cake,5.0,3.0,15.0,,,2023-12-09,2023.0,12.0,9.0
9930357,juice,1.0,3.0,3.0,credit card,,,,,
7631216,juice,5.0,3.0,15.0,credit card,,2023-02-16,2023.0,2.0,16.0
3116803,coffee,1.0,2.0,2.0,credit card,in-store,2023-09-10,2023.0,9.0,10.0
6050844,tea,2.0,1.5,3.0,,,2023-03-12,2023.0,3.0,12.0
7403963,sandwich,4.0,4.0,16.0,cash,in-store,2023-07-27,2023.0,7.0,27.0
2708387,tea,4.0,1.5,6.0,credit card,,2023-11-12,2023.0,11.0,12.0
7916758,smoothie,1.0,4.0,4.0,,takeaway,2023-10-14,2023.0,10.0,14.0
2944717,cookie,2.0,1.0,2.0,cash,,2023-12-11,2023.0,12.0,11.0
7571571,sandwich,2.0,4.0,8.0,credit card,,2023-04-09,2023.0,4.0,9.0
7250085,coffee,4.0,2.0,8.0,,takeaway,2023-09-19,2023.0,9.0,19.0
1892102,,3.0,4.0,12.0,cash,,2023-03-23,2023.0,3.0,23.0
7039529,cookie,3.0,1.0,3.0,digital wallet,in-store,2023-01-19,2023.0,1.0,19.0
1452931,tea,1.0,1.5,1.5,digital wallet,,2023-07-08,2023.0,7.0,8.0
5148201,smoothie,5.0,4.0,20.0,,,2023-11-18,2023.0,11.0,18.0
7322317,tea,1.0,,,,,2023-03-16,2023.0,3.0,16.0
4648214,salad,1.0,5.0,5.0,,,2023-02-15,2023.0,2.0,15.0
7902691,juice,,3.0,,digital wallet,takeaway,2023-10-13,2023.0,10.0,13.0
4966750,cookie,3.0,1.0,3.0,digital wallet,in-store,2023-12-24,2023.0,12.0,24.0
7740239,tea,2.0,1.5,3.0,,,2023-01-26,2023.0,1.0,26.0
6901162,,3.0,4.0,12.0,digital wallet,in-store,,,,
3689579,,2.0,4.0,8.0,digital wallet,takeaway,2023-12-02,2023.0,12.0,2.0
7770188,juice,5.0,3.0,15.0,digital wallet,in-store,2023-10-28,2023.0,10.0,28.0
5088167,coffee,5.0,2.0,10.0,credit card,,2023-09-02,2023.0,9.0,2.0
1865302,cookie,5.0,1.0,5.0,credit card,in-store,2023-08-16,2023.0,8.0,16.0
4224423,juice,3.0,3.0,9.0,cash,takeaway,2023-08-27,2023.0,8.0,27.0
8269956,smoothie,,4.0,,,takeaway,2023-08-02,2023.0,8.0,2.0
9263959,cookie,,1.0,,cash,,,,,
3879052,coffee,3.0,2.0,6.0,credit card,,2023-12-14,2023.0,12.0,14.0
7340284,,5.0,1.0,5.0,,takeaway,2023-09-05,2023.0,9.0,5.0
9809696,smoothie,1.0,4.0,4.0,,takeaway,2023-01-05,2023.0,1.0,5.0
5719592,coffee,1.0,2.0,2.0,credit card,in-store,2023-08-07,2023.0,8.0,7.0
6121301,smoothie,5.0,4.0,20.0,digital wallet,takeaway,2023-01-07,2023.0,1.0,7.0
2097987,sandwich,2.0,4.0,8.0,digital wallet,in-store,,,,
7514279,salad,1.0,5.0,5.0,credit card,in-store,2023-02-04,2023.0,2.0,4.0
5153408,smoothie,1.0,4.0,4.0,credit card,takeaway,2023-08-22,2023.0,8.0,22.0
4678948,juice,3.0,3.0,9.0,,takeaway,2023-07-02,2023.0,7.0,2.0
8918253,,3.0,,,digital wallet,,2023-09-07,2023.0,9.0,7.0
7292662,sandwich,1.0,4.0,4.0,,in-store,,,,
1209852,cookie,2.0,1.0,2.0,credit card,in-store,2023-11-18,2023.0,11.0,18.0
4367311,coffee,5.0,2.0,10.0,,in-store,2023-02-26,2023.0,2.0,26.0
5985513,,,4.0,,credit card,,2023-08-02,2023.0,8.0,2.0
2086325,coffee,2.0,2.0,4.0,credit card,,2023-08-14,2023.0,8.0,14.0
4062032,tea,5.0,1.5,7.5,digital wallet,,2023-10-28,2023.0,10.0,28.0
4329558,,4.0,2.0,8.0,,,2023-04-22,2023.0,4.0,22.0
2029301,tea,5.0,1.5,7.5,digital wallet,,2023-08-06,2023.0,8.0,6.0
4508067,smoothie,5.0,4.0,20.0,credit card,takeaway,2023-03-19,2023.0,3.0,19.0
6637315,cake,3.0,3.0,9.0,cash,,2023-12-02,2023.0,12.0,2.0
3660347,smoothie,5.0,4.0,20.0,,in-store,,,,
4251500,cookie,4.0,1.0,4.0,digital wallet,takeaway,2023-11-11,2023.0,11.0,11.0
1516961,sandwich,3.0,4.0,12.0,credit card,takeaway,2023-11-01,2023.0,11.0,1.0
5033660,coffee,2.0,2.0,4.0,,,2023-09-12,2023.0,9.0,12.0
9506595,,3.0,1.5,4.5,cash,in-store,2023-07-10,2023.0,7.0,10.0
6646684,cookie,3.0,1.0,3.0,cash,,2023-06-01,2023.0,6.0,1.0
6866644,sandwich,1.0,4.0,4.0,,,2023-07-22,2023.0,7.0,22.0
7228322,cookie,1.0,1.0,1.0,credit card,,2023-02-18,2023.0,2.0,18.0
3595118,juice,2.0,3.0,6.0,cash,in-store,2023-02-03,2023.0,2.0,3.0
4040941,cookie,1.0,1.0,1.0,cash,in-store,2023-02-20,2023.0,2.0,20.0
7753584,coffee,4.0,2.0,8.0,,takeaway,,,,
4738349,smoothie,2.0,4.0,8.0,digital wallet,,2023-02-06,2023.0,2.0,6.0
9436284,coffee,3.0,2.0,6.0,credit card,,2023-03-28,2023.0,3.0,28.0
1221801,smoothie,2.0,4.0,8.0,,,2023-06-17,2023.0,6.0,17.0
3185929,salad,3.0,5.0,15.0,,takeaway,2023-07-27,2023.0,7.0,27.0
2332609,,5.0,4.0,20.0,credit card,in-store,2023-05-17,2023.0,5.0,17.0
4183705,tea,2.0,1.5,3.0,credit card,in-store,2023-11-23,2023.0,11.0,23.0
5459138,smoothie,2.0,4.0,8.0,digital wallet,in-store,,,,
7435096,,4.0,1.5,6.0,,in-store,2023-10-21,2023.0,10.0,21.0
2561471,sandwich,1.0,4.0,4.0,,in-store,2023-07-12,2023.0,7.0,12.0
3098503,salad,1.0,5.0,5.0,credit card,takeaway,2023-05-31,2023.0,5.0,31.0
1148060,cookie,5.0,1.0,5.0,cash,,2023-10-12,2023.0,10.0,12.0
5151780,salad,4.0,5.0,20.0,cash,takeaway,2023-06-24,2023.0,6.0,24.0
3398955,cookie,3.0,1.0,3.0,cash,,2023-10-19,2023.0,10.0,19.0
8140360,coffee,4.0,2.0,8.0,digital wallet,takeaway,2023-05-05,2023.0,5.0,5.0
4448318,coffee,4.0,2.0,8.0,digital wallet,,2023-08-07,2023.0,8.0,7.0
8341520,sandwich,3.0,4.0,12.0,,takeaway,2023-06-24,2023.0,6.0,24.0
9883214,juice,3.0,3.0,9.0,,,2023-04-04,2023.0,4.0,4.0
2912934,cookie,5.0,1.0,5.0,credit card,,2023-04-01,2023.0,4.0,1.0
7694996,salad,4.0,5.0,20.0,,in-store,2023-03-11,2023.0,3.0,11.0
5660244,cake,5.0,3.0,15.0,digital wallet,,2023-10-04,2023.0,10.0,4.0
7873479,cookie,1.0,1.0,1.0,credit card,takeaway,2023-03-18,2023.0,3.0,18.0
7771516,sandwich,3.0,4.0,12.0,,,2023-05-26,2023.0,5.0,26.0
1166001,,,3.0,,cash,,,,,
6775304,tea,4.0,1.5,6.0,cash,in-store,2023-03-08,2023.0,3.0,8.0
3801966,sandwich,4.0,4.0,16.0,digital wallet,in-store,2023-01-14,2023.0,1.0,14.0
2849095,,3.0,2.0,6.0,digital wallet,in-store,2023-07-13,2023.0,7.0,13.0
1749930,salad,5.0,5.0,25.0,,in-store,2023-07-01,2023.0,7.0,1.0
2210925,juice,4.0,3.0,12.0,cash,in-store,2023-07-06,2023.0,7.0,6.0
6810969,,1.0,4.0,4.0,,in-store,2023-03-08,2023.0,3.0,8.0
2651789,cookie,1.0,1.0,1.0,,takeaway,2023-02-10,2023.0,2.0,10.0
7750963,tea,4.0,1.5,6.0,credit card,in-store,2023-06-09,2023.0,6.0,9.0
8134280,cookie,1.0,1.0,1.0,digital wallet,takeaway,2023-01-29,2023.0,1.0,29.0
2231082,cake,,3.0,,cash,in-store,2023-05-03,2023.0,5.0,3.0
2014042,cookie,4.0,1.0,4.0,digital wallet,takeaway,2023-10-27,2023.0,10.0,27.0
1132293,tea,4.0,1.5,6.0,,,2023-07-05,2023.0,7.0,5.0
3550177,salad,5.0,5.0,25.0,cash,,2023-09-13,2023.0,9.0,13.0
5326795,cookie,2.0,1.0,2.0,,,2023-04-05,2023.0,4.0,5.0
1993503,cookie,4.0,1.0,4.0,credit card,,2023-08-16,2023.0,8.0,16.0
4097922,salad,3.0,5.0,15.0,cash,,2023-01-16,2023.0,1.0,16.0
2317041,tea,3.0,,,cash,in-store,2023-01-15,2023.0,1.0,15.0
4648031,tea,4.0,1.5,6.0,digital wallet,,2023-09-04,2023.0,9.0,4.0
4942960,juice,1.0,3.0,3.0,,takeaway,2023-04-12,2023.0,4.0,12.0
8740501,salad,5.0,5.0,25.0,,,2023-02-05,2023.0,2.0,5.0
4523273,cake,4.0,,,digital wallet,,2023-10-17,2023.0,10.0,17.0
7276478,sandwich,5.0,4.0,20.0,cash,takeaway,2023-09-07,2023.0,9.0,7.0
6036240,cake,4.0,3.0,12.0,credit card,in-store,2023-10-30,2023.0,10.0,30.0
1449866,salad,4.0,5.0,20.0,cash,,2023-09-21,2023.0,9.0,21.0
2882871,salad,3.0,5.0,15.0,credit card,takeaway,2023-08-30,2023.0,8.0,30.0
1047450,coffee,2.0,2.0,4.0,cash,in-store,2023-11-19,2023.0,11.0,19.0
9673685,salad,1.0,5.0,5.0,cash,in-store,2023-12-11,2023.0,12.0,11.0
3547569,smoothie,4.0,4.0,16.0,digital wallet,in-store,2023-08-04,2023.0,8.0,4.0
2866587,sandwich,3.0,4.0,12.0,credit card,,2023-09-16,2023.0,9.0,16.0
1629218,coffee,,2.0,,digital wallet,,2023-06-27,2023.0,6.0,27.0
2964982,sandwich,1.0,4.0,4.0,digital wallet,in-store,2023-04-15,2023.0,4.0,15.0
5974791,cookie,2.0,1.0,2.0,cash,,2023-10-22,2023.0,10.0,22.0
1005472,coffee,4.0,2.0,8.0,credit card,,2023-04-21,2023.0,4.0,21.0
7202898,cookie,4.0,1.0,4.0,,,2023-07-18,2023.0,7.0,18.0
4511996,,3.0,3.0,9.0,digital wallet,,2023-09-18,2023.0,9.0,18.0
9896694,sandwich,4.0,4.0,16.0,cash,,2023-02-16,2023.0,2.0,16.0
9881555,,5.0,3.0,15.0,cash,in-store,2023-04-09,2023.0,4.0,9.0
9853220,cookie,,1.0,,credit card,in-store,2023-04-02,2023.0,4.0,2.0
2354774,coffee,5.0,2.0,10.0,,in-store,,,,
5723229,juice,5.0,3.0,15.0,digital wallet,takeaway,2023-06-23,2023.0,6.0,23.0
1065721,sandwich,4.0,4.0,16.0,cash,takeaway,2023-12-06,2023.0,12.0,6.0
4921791,salad,4.0,5.0,20.0,credit card,,,,,
3692789,sandwich,,4.0,,credit card,,,,,
8155446,salad,3.0,5.0,15.0,digital wallet,takeaway,2023-12-20,2023.0,12.0,20.0
2253852,cookie,2.0,1.0,2.0,credit card,takeaway,2023-08-26,2023.0,8.0,26.0
2810187,coffee,,2.0,,,in-store,2023-10-17,2023.0,10.0,17.0
4962500,juice,5.0,3.0,15.0,,takeaway,,,,
6994752,juice,4.0,3.0,12.0,cash,takeaway,2023-06-17,2023.0,6.0,17.0
7598654,coffee,3.0,2.0,6.0,credit card,,2023-11-26,2023.0,11.0,26.0
8039560,,5.0,2.0,10.0,digital wallet,,2023-03-29,2023.0,3.0,29.0
6785331,cake,1.0,3.0,3.0,,,2023-04-12,2023.0,4.0,12.0
8260297,salad,2.0,5.0,10.0,cash,in-store,2023-07-04,2023.0,7.0,4.0
7152012,sandwich,3.0,4.0,12.0,digital wallet,in-store,2023-04-02,2023.0,4.0,2.0
7907366,coffee,4.0,2.0,8.0,digital wallet,,2023-01-13,2023.0,1.0,13.0
3830888,coffee,4.0,2.0,8.0,,in-store,2023-02-20,2023.0,2.0,20.0
1565027,,3.0,1.5,4.5,,,2023-03-16,2023.0,3.0,16.0
5618377,sandwich,2.0,4.0,8.0,,in-store,2023-04-02,2023.0,4.0,2.0
3645674,tea,4.0,1.5,6.0,cash,takeaway,2023-07-18,2023.0,7.0,18.0
2464236,cookie,5.0,1.0,5.0,digital wallet,,2023-04-02,2023.0,4.0,2.0
4543793,sandwich,2.0,4.0,8.0,cash,in-store,2023-10-12,2023.0,10.0,12.0
5745921,sandwich,2.0,4.0,8.0,,in-store,2023-03-01,2023.0,3.0,1.0
7229419,salad,2.0,5.0,10.0,,takeaway,2023-05-15,2023.0,5.0,15.0
9247075,salad,3.0,5.0,15.0,,in-store,2023-07-05,2023.0,7.0,5.0
6960459,coffee,1.0,2.0,2.0,credit card,in-store,2023-07-24,2023.0,7.0,24.0
4679083,cake,5.0,3.0,15.0,,takeaway,2023-12-25,2023.0,12.0,25.0
3313534,cookie,2.0,1.0,2.0,digital wallet,in-store,2023-01-05,2023.0,1.0,5.0
4969431,salad,4.0,5.0,20.0,credit card,takeaway,2023-04-11,2023.0,4.0,11.0
2977905,smoothie,3.0,4.0,12.0,,,2023-06-23,2023.0,6.0,23.0
5341204,coffee,,2.0,,,,2023-07-24,2023.0,7.0,24.0
2147706,juice,5.0,3.0,15.0,,,2023-03-23,2023.0,3.0,23.0
3663592,smoothie,2.0,4.0,8.0,,takeaway,2023-08-26,2023.0,8.0,26.0
4459351,smoothie,5.0,4.0,20.0,credit card,,2023-12-08,2023.0,12.0,8.0
2976052,cookie,5.0,1.0,5.0,,takeaway,2023-11-01,2023.0,11.0,1.0
1373048,salad,5.0,5.0,25.0,,in-store,2023-08-31,2023.0,8.0,31.0
2575331,cookie,5.0,1.0,5.0,cash,in-store,2023-03-20,2023.0,3.0,20.0
4764236,juice,1.0,3.0,3.0,digital wallet,,2023-05-29,2023.0,5.0,29.0
3544380,juice,1.0,3.0,3.0,credit card,in-store,2023-09-13,2023.0,9.0,13.0
2104473,cake,3.0,3.0,9.0,digital wallet,takeaway,2023-01-01,2023.0,1.0,1.0
3819405,juice,4.0,3.0,12.0,digital wallet,in-store,2023-02-16,2023.0,2.0,16.0
3512665,salad,5.0,5.0,25.0,credit card,,2023-10-16,2023.0,10.0,16.0
1696813,cookie,3.0,1.0,3.0,cash,in-store,2023-04-02,2023.0,4.0,2.0
4631228,,1.0,3.0,3.0,digital wallet,,2023-10-07,2023.0,10.0,7.0
2084232,,4.0,1.5,6.0,digital wallet,takeaway,2023-10-11,2023.0,10.0,11.0
5399303,coffee,2.0,2.0,4.0,,,2023-11-02,2023.0,11.0,2.0
1251960,sandwich,5.0,,,digital wallet,takeaway,2023-11-20,2023.0,11.0,20.0
1984774,tea,3.0,1.5,4.5,cash,takeaway,2023-11-13,2023.0,11.0,13.0
9886794,cake,1.0,3.0,3.0,cash,,2023-06-06,2023.0,6.0,6.0
3821298,,5.0,4.0,20.0,credit card,,2023-04-26,2023.0,4.0,26.0
1057760,juice,4.0,3.0,12.0,credit card,takeaway,2023-02-20,2023.0,2.0,20.0
2294778,cookie,,1.0,,digital wallet,,2023-05-29,2023.0,5.0,29.0
6091431,tea,3.0,1.5,4.5,credit card,,2023-11-16,2023.0,11.0,16.0
1728644,coffee,1.0,2.0,2.0,cash,takeaway,2023-04-07,2023.0,4.0,7.0
6993624,cake,4.0,3.0,12.0,cash,,2023-05-09,2023.0,5.0,9.0
4003831,cookie,1.0,1.0,1.0,credit card,,,,,
9018366,juice,5.0,,,cash,,2023-03-31,2023.0,3.0,31.0
7708810,smoothie,1.0,4.0,4.0,cash,,2023-06-09,2023.0,6.0,9.0
8726874,sandwich,2.0,4.0,8.0,,takeaway,2023-09-30,2023.0,9.0,30.0
4190431,tea,3.0,1.5,4.5,digital wallet,,2023-09-23,2023.0,9.0,23.0
5201123,salad,2.0,5.0,10.0,digital wallet,takeaway,2023-07-12,2023.0,7.0,12.0
6172528,smoothie,3.0,4.0,12.0,credit card,in-store,2023-05-18,2023.0,5.0,18.0
1193551,cookie,1.0,1.0,1.0,,takeaway,2023-01-07,2023.0,1.0,7.0
9877722,sandwich,5.0,4.0,20.0,digital wallet,in-store,,,,
2702861,cookie,4.0,,,digital wallet,takeaway,2023-06-02,2023.0,6.0,2.0
4255580,,1.0,,,cash,,,,,
1256851,sandwich,4.0,4.0,16.0,,in-store,2023-07-29,2023.0,7.0,29.0
4146795,tea,5.0,1.5,7.5,cash,in-store,2023-10-29,2023.0,10.0,29.0
2203873,tea,3.0,1.5,4.5,digital wallet,,2023-01-26,2023.0,1.0,26.0
5018462,smoothie,5.0,4.0,20.0,cash,in-store,2023-11-28,2023.0,11.0,28.0
6133971,smoothie,5.0,4.0,20.0,credit card,,2023-04-18,2023.0,4.0,18.0
1417400,cookie,2.0,1.0,2.0,cash,in-store,2023-03-20,2023.0,3.0,20.0
4239859,juice,1.0,,,,,2023-02-03,2023.0,2.0,3.0
5369010,,4.0,5.0,20.0,cash,takeaway,2023-04-23,2023.0,4.0,23.0
4877436,juice,4.0,3.0,12.0,,,2023-10-08,2023.0,10.0,8.0
9697670,,3.0,3.0,9.0,cash,takeaway,2023-12-29,2023.0,12.0,29.0
8643596,coffee,5.0,2.0,10.0,credit card,,2023-03-29,2023.0,3.0,29.0
1654784,cookie,5.0,1.0,5.0,,in-store,2023-12-31,2023.0,12.0,31.0
4422898,salad,2.0,5.0,10.0,credit card,in-store,2023-04-20,2023.0,4.0,20.0
4175191,sandwich,2.0,4.0,8.0,cash,,2023-11-20,2023.0,11.0,20.0
3196388,salad,3.0,5.0,15.0,cash,in-store,2023-03-04,2023.0,3.0,4.0
6960031,sandwich,5.0,4.0,20.0,digital wallet,takeaway,2023-04-25,2023.0,4.0,25.0
8963106,coffee,5.0,2.0,10.0,cash,in-store,2023-04-01,2023.0,4.0,1.0
7167980,smoothie,3.0,4.0,12.0,,,2023-10-05,2023.0,10.0,5.0
8732716,tea,3.0,1.5,4.5,,,2023-12-29,2023.0,12.0,29.0
3530118,cake,5.0,3.0,15.0,digital wallet,,2023-11-14,2023.0,11.0,14.0
7875743,cake,5.0,3.0,15.0,cash,takeaway,2023-04-17,2023.0,4.0,17.0
1526920,sandwich,5.0,4.0,20.0,digital wallet,takeaway,,,,
1933315,juice,2.0,3.0,6.0,digital wallet,in-store,2023-09-29,2023.0,9.0,29.0
5674503,cake,3.0,3.0,9.0,,takeaway,2023-12-14,2023.0,12.0,14.0
5252187,sandwich,1.0,4.0,4.0,cash,,2023-01-20,2023.0,1.0,20.0
4668931,juice,3.0,3.0,9.0,cash,in-store,2023-07-09,2023.0,7.0,9.0
2504703,smoothie,5.0,4.0,20.0,digital wallet,takeaway,2023-01-09,2023.0,1.0,9.0
3113428,juice,2.0,3.0,6.0,cash,in-store,2023-10-30,2023.0,10.0,30.0
9663941,juice,4.0,3.0,12.0,cash,in-store,,,,
7595115,sandwich,2.0,4.0,8.0,,takeaway,2023-04-17,2023.0,4.0,17.0
9034955,cookie,1.0,1.0,1.0,credit card,in-store,2023-09-07,2023.0,9.0,7.0
7856009,cake,2.0,3.0,6.0,,,2023-05-27,2023.0,5.0,27.0
2375919,sandwich,3.0,4.0,12.0,,,2023-11-23,2023.0,11.0,23.0
9344399,cookie,2.0,1.0,2.0,,,2023-12-04,2023.0,12.0,4.0
1091243,sandwich,2.0,4.0,8.0,,in-store,2023-01-06,2023.0,1.0,6.0
8800741,coffee,4.0,,,,,2023-06-26,2023.0,6.0,26.0
3546303,tea,2.0,1.5,3.0,digital wallet,takeaway,2023-09-11,2023.0,9.0,11.0
7595096,juice,1.0,3.0,3.0,,,2023-11-02,2023.0,11.0,2.0
4788849,cookie,1.0,,,,takeaway,2023-03-13,2023.0,3.0,13.0
7838802,cookie,2.0,1.0,2.0,credit card,takeaway,2023-11-20,2023.0,11.0,20.0
6736326,salad,2.0,5.0,10.0,credit card,in-store,2023-04-14,2023.0,4.0,14.0
2536021,cookie,5.0,1.0,5.0,,takeaway,2023-10-02,2023.0,10.0,2.0
2065683,,3.0,,,,,2023-09-21,2023.0,9.0,21.0
5538696,coffee,2.0,2.0,4.0,,in-store,2023-08-30,2023.0,8.0,30.0
8434651,,4.0,3.0,12.0,digital wallet,,2023-01-27,2023.0,1.0,27.0
4635386,tea,1.0,1.5,1.5,credit card,takeaway,,,,
5466291,salad,1.0,5.0,5.0,credit card,,2023-09-19,2023.0,9.0,19.0
2643389,sandwich,2.0,4.0,8.0,credit card,,2023-08-24,2023.0,8.0,24.0
9817135,salad,1.0,5.0,5.0,digital wallet,,2023-03-25,2023.0,3.0,25.0
7426086,coffee,4.0,2.0,8.0,,,2023-01-13,2023.0,1.0,13.0
9327861,tea,5.0,1.5,7.5,credit card,in-store,2023-07-17,2023.0,7.0,17.0
3971440,cake,4.0,3.0,12.0,digital wallet,takeaway,2023-10-22,2023.0,10.0,22.0
8494583,cookie,5.0,1.0,5.0,credit card,in-store,2023-11-29,2023.0,11.0,29.0
8083377,tea,4.0,1.5,6.0,digital wallet,in-store,2023-01-06,2023.0,1.0,6.0
6883187,juice,2.0,,,,,2023-11-16,2023.0,11.0,16.0
8340038,tea,1.0,1.5,1.5,digital wallet,in-store,2023-07-15,2023.0,7.0,15.0
2275799,sandwich,3.0,4.0,12.0,digital wallet,in-store,2023-10-04,2023.0,10.0,4.0
3497691,smoothie,4.0,4.0,16.0,credit card,,2023-09-06,2023.0,9.0,6.0
5881237,cookie,2.0,1.0,2.0,,,2023-08-14,2023.0,8.0,14.0
2271705,tea,5.0,1.5,7.5,,,2023-07-20,2023.0,7.0,20.0
1640172,salad,,5.0,,,,2023-04-13,2023.0,4.0,13.0
4618211,smoothie,4.0,4.0,16.0,cash,,2023-09-12,2023.0,9.0,12.0
9618563,smoothie,1.0,4.0,4.0,,takeaway,2023-02-24,2023.0,2.0,24.0
4374260,cookie,1.0,1.0,1.0,cash,,2023-04-20,2023.0,4.0,20.0
1946773,sandwich,4.0,4.0,16.0,cash,,2023-08-28,2023.0,8.0,28.0
4387523,cake,3.0,3.0,9.0,,,2023-02-07,2023.0,2.0,7.0
7661094,salad,4.0,5.0,20.0,cash,,2023-07-21,2023.0,7.0,21.0
6766664,coffee,3.0,2.0,6.0,,,2023-05-21,2023.0,5.0,21.0
9055374,sandwich,1.0,4.0,4.0,,takeaway,,,,
1861717,tea,2.0,1.5,3.0,cash,in-store,2023-11-10,2023.0,11.0,10.0
3421079,smoothie,1.0,4.0,4.0,credit card,in-store,2023-12-18,2023.0,12.0,18.0
1637131,,4.0,,,cash,,,,,
7636536,cookie,2.0,1.0,2.0,cash,,2023-05-06,2023.0,5.0,6.0
4971607,smoothie,5.0,4.0,20.0,cash,in-store,2023-03-30,2023.0,3.0,30.0
1852436,juice,4.0,,,,,,,,
9701622,cookie,5.0,1.0,5.0,digital wallet,,2023-09-24,2023.0,9.0,24.0
6966241,juice,2.0,3.0,6.0,digital wallet,in-store,2023-04-13,2023.0,4.0,13.0
9252700,,3.0,3.0,9.0,credit card,,2023-08-24,2023.0,8.0,24.0
1124900,,4.0,4.0,16.0,credit card,in-store,2023-09-08,2023.0,9.0,8.0
3964624,tea,3.0,1.5,4.5,,in-store,2023-09-20,2023.0,9.0,20.0
2226371,cake,1.0,3.0,3.0,cash,,2023-11-18,2023.0,11.0,18.0
5744797,cake,,,,cash,in-store,2023-12-20,2023.0,12.0,20.0
5777164,smoothie,1.0,4.0,4.0,credit card,takeaway,2023-02-07,2023.0,2.0,7.0
5817802,coffee,5.0,2.0,10.0,,in-store,2023-02-13,2023.0,2.0,13.0
3787234,tea,2.0,1.5,3.0,digital wallet,in-store,2023-03-15,2023.0,3.0,15.0
4525646,cake,3.0,3.0,9.0,credit card,,2023-07-07,2023.0,7.0,7.0
7004303,,3.0,4.0,12.0,cash,in-store,2023-10-06,2023.0,10.0,6.0
8649416,cake,5.0,3.0,15.0,credit card,takeaway,2023-09-21,2023.0,9.0,21.0
3219599,,2.0,3.0,6.0,,,2023-08-22,2023.0,8.0,22.0
1394131,juice,4.0,3.0,12.0,,takeaway,2023-06-13,2023.0,6.0,13.0
9237291,juice,2.0,3.0,6.0,credit card,,2023-09-22,2023.0,9.0,22.0
9520855,cake,4.0,3.0,12.0,,,2023-01-11,2023.0,1.0,11.0
4565080,smoothie,4.0,4.0,16.0,digital wallet,in-store,2023-09-28,2023.0,9.0,28.0
8348710,coffee,1.0,2.0,2.0,cash,in-store,2023-12-27,2023.0,12.0,27.0
5127819,juice,3.0,3.0,9.0,,,2023-04-03,2023.0,4.0,3.0
7496394,smoothie,4.0,4.0,16.0,,,2023-06-12,2023.0,6.0,12.0
8495889,cake,1.0,3.0,3.0,cash,takeaway,2023-06-26,2023.0,6.0,26.0
5064188,sandwich,4.0,4.0,16.0,credit card,,2023-12-08,2023.0,12.0,8.0
6104335,smoothie,2.0,4.0,8.0,credit card,,2023-11-13,2023.0,11.0,13.0
5313435,salad,4.0,5.0,20.0,cash,,2023-02-18,2023.0,2.0,18.0
6700745,juice,3.0,3.0,9.0,,in-store,2023-04-23,2023.0,4.0,23.0
9897215,cake,3.0,3.0,9.0,credit card,,2023-11-22,2023.0,11.0,22.0
7764175,salad,3.0,5.0,15.0,cash,in-store,2023-09-02,2023.0,9.0,2.0
3027490,cookie,3.0,1.0,3.0,,takeaway,2023-02-25,2023.0,2.0,25.0
5368297,smoothie,2.0,4.0,8.0,,takeaway,2023-10-04,2023.0,10.0,4.0
2053125,salad,1.0,5.0,5.0,digital wallet,,2023-07-26,2023.0,7.0,26.0
2522828,smoothie,4.0,4.0,16.0,credit card,,2023-01-15,2023.0,1.0,15.0
6616787,,2.0,3.0,6.0,,in-store,2023-09-29,2023.0,9.0,29.0
6419317,sandwich,4.0,4.0,16.0,credit card,,2023-02-25,2023.0,2.0,25.0
5939950,sandwich,2.0,4.0,8.0,cash,,2023-06-16,2023.0,6.0,16.0
4607296,cake,5.0,3.0,15.0,,in-store,2023-04-02,2023.0,4.0,2.0
8316135,salad,3.0,5.0,15.0,digital wallet,takeaway,2023-11-06,2023.0,11.0,6.0
7910956,coffee,5.0,2.0,10.0,digital wallet,in-store,2023-07-21,2023.0,7.0,21.0
1142233,tea,5.0,1.5,7.5,digital wallet,takeaway,2023-09-01,2023.0,9.0,1.0
9810581,,1.0,3.0,3.0,cash,,2023-11-20,2023.0,11.0,20.0
2588566,,3.0,5.0,15.0,,takeaway,2023-01-10,2023.0,1.0,10.0
3786518,salad,1.0,5.0,5.0,credit card,in-store,2023-09-16,2023.0,9.0,16.0
2009407,juice,5.0,,,cash,takeaway,2023-05-05,2023.0,5.0,5.0
9163155,,4.0,2.0,8.0,credit card,takeaway,2023-04-23,2023.0,4.0,23.0
8272750,salad,5.0,,,,,2023-05-18,2023.0,5.0,18.0
2532563,salad,4.0,5.0,20.0,,takeaway,,,,
8532735,coffee,2.0,2.0,4.0,cash,takeaway,2023-07-28,2023.0,7.0,28.0
1697299,smoothie,3.0,4.0,12.0,cash,in-store,2023-10-08,2023.0,10.0,8.0
5785639,salad,1.0,5.0,5.0,credit card,,2023-04-10,2023.0,4.0,10.0
8445753,tea,4.0,1.5,6.0,cash,takeaway,2023-04-07,2023.0,4.0,7.0
3641519,,5.0,1.0,5.0,digital wallet,in-store,2023-06-08,2023.0,6.0,8.0
1985278,sandwich,3.0,4.0,12.0,,in-store,2023-02-13,2023.0,2.0,13.0
6612143,tea,5.0,1.5,7.5,cash,in-store,2023-11-07,2023.0,11.0,7.0
8352416,salad,1.0,5.0,5.0,digital wallet,in-store,2023-07-26,2023.0,7.0,26.0
5498693,cake,4.0,3.0,12.0,,,2023-05-13,2023.0,5.0,13.0
2644561,,4.0,4.0,16.0,digital wallet,,2023-09-13,2023.0,9.0,13.0
8912001,cookie,,1.0,,credit card,,2023-03-27,2023.0,3.0,27.0
8330837,juice,3.0,3.0,9.0,digital wallet,,2023-10-13,2023.0,10.0,13.0
3703482,cake,4.0,3.0,12.0,,,2023-01-08,2023.0,1.0,8.0
3455103,salad,1.0,5.0,5.0,digital wallet,takeaway,2023-04-22,2023.0,4.0,22.0
1496962,smoothie,5.0,4.0,20.0,,in-store,2023-12-17,2023.0,12.0,17.0
4216294,tea,4.0,1.5,6.0,cash,in-store,2023-10-19,2023.0,10.0,19.0
3002889,coffee,3.0,2.0,6.0,digital wallet,,2023-10-22,2023.0,10.0,22.0
4275827,,2.0,1.5,3.0,cash,takeaway,2023-04-21,2023.0,4.0,21.0
6044312,cake,2.0,3.0,6.0,,in-store,2023-01-03,2023.0,1.0,3.0
4008135,cookie,5.0,1.0,5.0,cash,takeaway,2023-11-25,2023.0,11.0,25.0
5336876,smoothie,,4.0,,credit card,,2023-07-07,2023.0,7.0,7.0
8990020,sandwich,4.0,4.0,16.0,,in-store,2023-09-09,2023.0,9.0,9.0
5654331,coffee,4.0,2.0,8.0,cash,in-store,2023-07-31,2023.0,7.0,31.0
1213938,salad,5.0,5.0,25.0,digital wallet,takeaway,2023-07-06,2023.0,7.0,6.0
2522182,salad,2.0,5.0,10.0,digital wallet,in-store,2023-11-11,2023.0,11.0,11.0
5329431,sandwich,3.0,4.0,12.0,credit card,in-store,2023-10-03,2023.0,10.0,3.0
9647494,,2.0,4.0,8.0,credit card,,2023-10-21,2023.0,10.0,21.0
8482887,salad,1.0,5.0,5.0,digital wallet,takeaway,2023-10-29,2023.0,10.0,29.0
3883425,smoothie,5.0,4.0,20.0,digital wallet,,2023-07-09,2023.0,7.0,9.0
4434185,smoothie,5.0,,,credit card,takeaway,2023-04-30,2023.0,4.0,30.0
7388851,smoothie,1.0,4.0,4.0,digital wallet,,2023-09-30,2023.0,9.0,30.0
8460225,smoothie,5.0,4.0,20.0,,in-store,2023-02-23,2023.0,2.0,23.0
5471175,cookie,4.0,1.0,4.0,cash,,2023-04-16,2023.0,4.0,16.0
1874601,coffee,4.0,2.0,8.0,,,2023-12-10,2023.0,12.0,10.0
3641001,smoothie,3.0,4.0,12.0,digital wallet,,2023-11-10,2023.0,11.0,10.0
6446441,salad,3.0,5.0,15.0,digital wallet,,2023-02-18,2023.0,2.0,18.0
9718216,juice,4.0,3.0,12.0,,,2023-07-07,2023.0,7.0,7.0
7391138,tea,5.0,1.5,7.5,cash,,2023-08-23,2023.0,8.0,23.0
9548077,tea,2.0,1.5,3.0,cash,in-store,2023-07-05,2023.0,7.0,5.0
9185022,sandwich,3.0,4.0,12.0,digital wallet,in-store,2023-06-19,2023.0,6.0,19.0
6841993,juice,3.0,3.0,9.0,cash,takeaway,2023-09-15,2023.0,9.0,15.0
1701766,cake,4.0,3.0,12.0,,,2023-11-22,2023.0,11.0,22.0
9541057,juice,4.0,3.0,12.0,cash,in-store,2023-04-24,2023.0,4.0,24.0
4699706,coffee,5.0,2.0,10.0,,in-store,2023-12-04,2023.0,12.0,4.0
2451247,tea,4.0,1.5,6.0,digital wallet,takeaway,2023-02-14,2023.0,2.0,14.0
6272908,juice,3.0,3.0,9.0,cash,takeaway,2023-12-01,2023.0,12.0,1.0
9093708,sandwich,3.0,,,credit card,in-store,2023-12-08,2023.0,12.0,8.0
7785034,smoothie,4.0,4.0,16.0,,takeaway,2023-11-09,2023.0,11.0,9.0
4048690,cake,3.0,3.0,9.0,cash,in-store,2023-09-06,2023.0,9.0,6.0
4971992,cake,2.0,3.0,6.0,,,2023-09-24,2023.0,9.0,24.0
6738516,sandwich,,4.0,,cash,,2023-10-07,2023.0,10.0,7.0
3919995,tea,3.0,1.5,4.5,cash,takeaway,2023-01-26,2023.0,1.0,26.0
3522385,smoothie,4.0,4.0,16.0,credit card,takeaway,2023-03-19,2023.0,3.0,19.0
3140020,juice,5.0,3.0,15.0,,in-store,2023-06-19,2023.0,6.0,19.0
9756401,salad,3.0,5.0,15.0,cash,in-store,2023-02-04,2023.0,2.0,4.0
1937081,cake,2.0,3.0,6.0,credit card,,2023-06-07,2023.0,6.0,7.0
9668584,cookie,2.0,,,digital wallet,,2023-12-13,2023.0,12.0,13.0
2544072,cookie,1.0,1.0,1.0,,in-store,2023-08-17,2023.0,8.0,17.0
7260110,salad,5.0,5.0,25.0,credit card,in-store,2023-03-07,2023.0,3.0,7.0
1588687,coffee,2.0,2.0,4.0,digital wallet,takeaway,2023-08-22,2023.0,8.0,22.0
2886505,tea,3.0,1.5,4.5,,,2023-09-05,2023.0,9.0,5.0
3864453,cookie,5.0,1.0,5.0,digital wallet,,2023-11-15,2023.0,11.0,15.0
5346027,sandwich,2.0,4.0,8.0,,,2023-12-19,2023.0,12.0,19.0
3674876,smoothie,5.0,4.0,20.0,cash,takeaway,,,,
8690361,smoothie,3.0,4.0,12.0,,,2023-07-12,2023.0,7.0,12.0
8419805,cake,5.0,3.0,15.0,,in-store,2023-07-24,2023.0,7.0,24.0
3125699,juice,1.0,3.0,3.0,credit card,takeaway,2023-02-05,2023.0,2.0,5.0
5106316,sandwich,5.0,4.0,20.0,digital wallet,takeaway,2023-01-23,2023.0,1.0,23.0
5666369,juice,2.0,3.0,6.0,digital wallet,in-store,2023-07-17,2023.0,7.0,17.0
7712807,smoothie,4.0,4.0,16.0,credit card,,2023-02-17,2023.0,2.0,17.0
8199561,cookie,4.0,1.0,4.0,,,2023-07-31,2023.0,7.0,31.0
4334932,coffee,2.0,2.0,4.0,,in-store,2023-12-27,2023.0,12.0,27.0
4082099,juice,2.0,3.0,6.0,credit card,in-store,2023-06-01,2023.0,6.0,1.0
9191700,tea,5.0,1.5,7.5,,in-store,2023-10-01,2023.0,10.0,1.0
2249212,cake,2.0,3.0,6.0,,,,,,
9921392,coffee,5.0,2.0,10.0,,,2023-06-28,2023.0,6.0,28.0
7125395,salad,1.0,,,cash,takeaway,2023-07-23,2023.0,7.0,23.0
4521701,cake,4.0,3.0,12.0,,in-store,2023-10-08,2023.0,10.0,8.0
4243930,,5.0,4.0,20.0,cash,in-store,2023-06-07,2023.0,6.0,7.0
1418829,smoothie,1.0,4.0,4.0,,takeaway,2023-09-19,2023.0,9.0,19.0
8955306,coffee,3.0,2.0,6.0,credit card,in-store,2023-10-14,2023.0,10.0,14.0
7851403,coffee,5.0,2.0,10.0,credit card,takeaway,2023-03-06,2023.0,3.0,6.0
5288715,juice,3.0,3.0,9.0,digital wallet,,2023-04-19,2023.0,4.0,19.0
7108056,juice,3.0,3.0,9.0,credit card,,2023-01-25,2023.0,1.0,25.0
9950775,,4.0,5.0,20.0,credit card,takeaway,2023-02-20,2023.0,2.0,20.0
9688601,juice,1.0,3.0,3.0,,in-store,2023-10-16,2023.0,10.0,16.0
9924732,sandwich,,4.0,,credit card,in-store,2023-01-18,2023.0,1.0,18.0
8807429,cookie,4.0,1.0,4.0,digital wallet,,2023-07-21,2023.0,7.0,21.0
3340550,juice,2.0,3.0,6.0,digital wallet,,2023-05-02,2023.0,5.0,2.0
4380808,juice,4.0,3.0,12.0,,in-store,2023-04-30,2023.0,4.0,30.0
6403012,juice,5.0,3.0,15.0,cash,in-store,2023-07-23,2023.0,7.0,23.0
4176272,coffee,1.0,2.0,2.0,digital wallet,,2023-06-06,2023.0,6.0,6.0
9293877,juice,,3.0,,digital wallet,,2023-08-24,2023.0,8.0,24.0
8609510,,5.0,3.0,15.0,,takeaway,2023-05-08,2023.0,5.0,8.0
2294776,juice,4.0,3.0,12.0,credit card,takeaway,2023-04-10,2023.0,4.0,10.0
8068515,cookie,1.0,1.0,1.0,cash,takeaway,2023-06-16,2023.0,6.0,16.0
7915173,,3.0,1.0,3.0,cash,takeaway,,,,
2556999,tea,1.0,1.5,1.5,credit card,takeaway,2023-08-14,2023.0,8.0,14.0
3816131,juice,3.0,3.0,9.0,,,2023-01-23,2023.0,1.0,23.0
6564856,tea,5.0,1.5,7.5,digital wallet,takeaway,2023-02-16,2023.0,2.0,16.0
4822256,smoothie,1.0,4.0,4.0,credit card,,2023-11-11,2023.0,11.0,11.0
9397870,cake,2.0,,,,,2023-05-23,2023.0,5.0,23.0
4976485,salad,5.0,5.0,25.0,,takeaway,2023-07-10,2023.0,7.0,10.0
4856060,juice,1.0,3.0,3.0,cash,,2023-07-29,2023.0,7.0,29.0
3967103,coffee,5.0,2.0,10.0,cash,,2023-11-14,2023.0,11.0,14.0
8746881,cake,2.0,3.0,6.0,,,2023-11-07,2023.0,11.0,7.0
4569448,,1.0,3.0,3.0,,,,,,
8732682,salad,5.0,5.0,25.0,credit card,in-store,2023-04-07,2023.0,4.0,7.0
3687257,tea,4.0,1.5,6.0,credit card,takeaway,2023-03-27,2023.0,3.0,27.0
3616839,cake,4.0,3.0,12.0,digital wallet,,2023-04-01,2023.0,4.0,1.0
2875074,cake,4.0,3.0,12.0,credit card,takeaway,2023-02-06,2023.0,2.0,6.0
5470909,cookie,4.0,1.0,4.0,credit card,in-store,2023-10-21,2023.0,10.0,21.0
5680657,,5.0,3.0,15.0,cash,in-store,2023-05-16,2023.0,5.0,16.0
3587915,salad,2.0,5.0,10.0,digital wallet,takeaway,2023-06-24,2023.0,6.0,24.0
9406938,salad,1.0,5.0,5.0,,,2023-10-09,2023.0,10.0,9.0
9342366,smoothie,3.0,4.0,12.0,credit card,,2023-02-18,2023.0,2.0,18.0
3101697,,3.0,5.0,15.0,cash,in-store,2023-05-29,2023.0,5.0,29.0
6146889,juice,,3.0,,,takeaway,2023-09-01,2023.0,9.0,1.0
7226052,sandwich,3.0,4.0,12.0,cash,in-store,2023-02-21,2023.0,2.0,21.0
3422336,tea,,1.5,,,takeaway,2023-08-02,2023.0,8.0,2.0
8644398,sandwich,4.0,4.0,16.0,,takeaway,2023-02-08,2023.0,2.0,8.0
8112788,smoothie,1.0,4.0,4.0,credit card,takeaway,2023-08-07,2023.0,8.0,7.0
4179583,smoothie,3.0,4.0,12.0,digital wallet,takeaway,2023-06-13,2023.0,6.0,13.0
3787265,salad,1.0,5.0,5.0,credit card,in-store,2023-12-16,2023.0,12.0,16.0
3577683,cookie,2.0,1.0,2.0,digital wallet,in-store,2023-09-17,2023.0,9.0,17.0
1310741,sandwich,3.0,4.0,12.0,,takeaway,2023-07-25,2023.0,7.0,25.0
2862856,cake,5.0,3.0,15.0,,takeaway,2023-02-01,2023.0,2.0,1.0
4940237,cake,2.0,3.0,6.0,cash,takeaway,2023-08-03,2023.0,8.0,3.0
8765822,cake,1.0,3.0,3.0,credit card,takeaway,2023-03-22,2023.0,3.0,22.0
3205813,juice,3.0,3.0,9.0,cash,in-store,2023-04-25,2023.0,4.0,25.0
8436045,cake,,3.0,,credit card,,2023-08-08,2023.0,8.0,8.0
5751040,tea,5.0,1.5,7.5,cash,,2023-02-27,2023.0,2.0,27.0
4657291,coffee,,2.0,,,takeaway,2023-05-05,2023.0,5.0,5.0
8018572,cookie,5.0,1.0,5.0,,in-store,2023-10-09,2023.0,10.0,9.0
3454877,sandwich,5.0,4.0,20.0,credit card,,2023-04-19,2023.0,4.0,19.0
1837764,tea,3.0,1.5,4.5,cash,in-store,2023-07-30,2023.0,7.0,30.0
4120124,coffee,1.0,2.0,2.0,,,2023-06-08,2023.0,6.0,8.0
1661682,,5.0,4.0,20.0,digital wallet,,2023-07-13,2023.0,7.0,13.0
1927404,juice,1.0,3.0,3.0,digital wallet,,2023-12-22,2023.0,12.0,22.0
9147596,coffee,2.0,,,digital wallet,takeaway,2023-10-08,2023.0,10.0,8.0
5012988,salad,3.0,5.0,15.0,credit card,,2023-08-17,2023.0,8.0,17.0
1534763,cookie,2.0,1.0,2.0,cash,takeaway,2023-09-17,2023.0,9.0,17.0
4485458,sandwich,4.0,4.0,16.0,cash,takeaway,2023-12-08,2023.0,12.0,8.0
9288882,sandwich,3.0,4.0,12.0,,in-store,2023-04-23,2023.0,4.0,23.0
3964550,tea,3.0,1.5,4.5,credit card,takeaway,2023-06-09,2023.0,6.0,9.0
2509803,coffee,1.0,,,,,2023-02-22,2023.0,2.0,22.0
3769567,,1.0,1.0,1.0,digital wallet,in-store,2023-02-10,2023.0,2.0,10.0
4529101,cookie,2.0,1.0,2.0,digital wallet,in-store,2023-09-17,2023.0,9.0,17.0
2391534,cookie,3.0,1.0,3.0,credit card,,2023-05-06,2023.0,5.0,6.0
8379919,cookie,3.0,1.0,3.0,digital wallet,,2023-12-04,2023.0,12.0,4.0
6474636,,3.0,1.5,4.5,,in-store,2023-10-25,2023.0,10.0,25.0
6219977,cookie,2.0,1.0,2.0,credit card,,2023-12-17,2023.0,12.0,17.0
5731238,cake,2.0,3.0,6.0,credit card,,2023-03-27,2023.0,3.0,27.0
7825796,tea,2.0,1.5,3.0,,,2023-04-03,2023.0,4.0,3.0
2375667,salad,1.0,5.0,5.0,cash,,2023-12-28,2023.0,12.0,28.0
5213761,coffee,3.0,2.0,6.0,digital wallet,takeaway,2023-08-18,2023.0,8.0,18.0
1427485,coffee,3.0,2.0,6.0,credit card,,2023-07-19,2023.0,7.0,19.0
5954991,sandwich,3.0,4.0,12.0,,takeaway,2023-08-07,2023.0,8.0,7.0
8860270,,1.0,4.0,4.0,cash,takeaway,2023-11-06,2023.0,11.0,6.0
6482416,coffee,1.0,2.0,2.0,,,2023-07-20,2023.0,7.0,20.0
4916611,juice,5.0,3.0,15.0,,takeaway,2023-05-21,2023.0,5.0,21.0
4814244,smoothie,3.0,4.0,12.0,,in-store,2023-06-01,2023.0,6.0,1.0
7968892,tea,2.0,1.5,3.0,,in-store,2023-10-02,2023.0,10.0,2.0
9535721,cake,5.0,3.0,15.0,digital wallet,in-store,2023-08-03,2023.0,8.0,3.0
2161372,juice,1.0,3.0,3.0,credit card,takeaway,2023-12-17,2023.0,12.0,17.0
8877714,juice,5.0,3.0,15.0,,,2023-03-28,2023.0,3.0,28.0
5478129,juice,4.0,3.0,12.0,credit card,,2023-01-22,2023.0,1.0,22.0
7267366,sandwich,3.0,4.0,12.0,digital wallet,takeaway,2023-06-02,2023.0,6.0,2.0
4696403,,3.0,1.0,3.0,cash,,2023-08-19,2023.0,8.0,19.0
2480808,,1.0,,,credit card,,2023-03-30,2023.0,3.0,30.0
8688603,coffee,2.0,2.0,4.0,cash,,2023-05-05,2023.0,5.0,5.0
6148811,tea,5.0,1.5,7.5,credit card,takeaway,2023-06-18,2023.0,6.0,18.0
2827259,tea,3.0,1.5,4.5,credit card,takeaway,,,,
4382406,coffee,5.0,2.0,10.0,,takeaway,2023-09-26,2023.0,9.0,26.0
5426507,juice,2.0,3.0,6.0,cash,takeaway,2023-06-13,2023.0,6.0,13.0
3855408,cookie,1.0,1.0,1.0,cash,takeaway,2023-06-02,2023.0,6.0,2.0
6992783,tea,1.0,1.5,1.5,digital wallet,takeaway,2023-01-29,2023.0,1.0,29.0
8801160,salad,2.0,5.0,10.0,cash,in-store,,,,
2638810,tea,2.0,1.5,3.0,,takeaway,2023-11-16,2023.0,11.0,16.0
9158251,salad,2.0,5.0,10.0,credit card,,2023-03-24,2023.0,3.0,24.0
3390610,sandwich,2.0,4.0,8.0,,,2023-02-01,2023.0,2.0,1.0
6498876,sandwich,3.0,4.0,12.0,,takeaway,2023-08-20,2023.0,8.0,20.0
1627038,juice,4.0,3.0,12.0,,takeaway,2023-12-25,2023.0,12.0,25.0
2785262,salad,3.0,5.0,15.0,cash,takeaway,2023-08-30,2023.0,8.0,30.0
9944730,tea,1.0,1.5,1.5,digital wallet,,2023-04-10,2023.0,4.0,10.0
7002929,cookie,1.0,1.0,1.0,,in-store,2023-01-30,2023.0,1.0,30.0
7484886,smoothie,3.0,4.0,12.0,,,2023-04-17,2023.0,4.0,17.0
7316790,coffee,1.0,2.0,2.0,credit card,in-store,2023-11-07,2023.0,11.0,7.0
4663529,sandwich,5.0,4.0,20.0,digital wallet,,2023-12-24,2023.0,12.0,24.0
2675174,salad,2.0,5.0,10.0,,takeaway,2023-12-04,2023.0,12.0,4.0
4350798,,1.0,5.0,5.0,credit card,in-store,2023-11-23,2023.0,11.0,23.0
7229543,cake,1.0,3.0,3.0,credit card,,2023-07-10,2023.0,7.0,10.0
4330643,cookie,3.0,1.0,3.0,cash,takeaway,2023-05-15,2023.0,5.0,15.0
2003488,juice,3.0,3.0,9.0,,takeaway,2023-09-25,2023.0,9.0,25.0
2206884,,5.0,5.0,25.0,credit card,,2023-06-22,2023.0,6.0,22.0
3492393,coffee,1.0,2.0,2.0,,in-store,2023-05-29,2023.0,5.0,29.0
3894660,juice,2.0,3.0,6.0,,,2023-02-09,2023.0,2.0,9.0
5766532,smoothie,5.0,4.0,20.0,cash,in-store,2023-06-23,2023.0,6.0,23.0
5476485,juice,2.0,3.0,6.0,cash,in-store,2023-01-07,2023.0,1.0,7.0
9335226,sandwich,5.0,4.0,20.0,,,2023-05-08,2023.0,5.0,8.0
2581559,sandwich,1.0,4.0,4.0,credit card,takeaway,2023-03-25,2023.0,3.0,25.0
9146123,coffee,2.0,2.0,4.0,digital wallet,,2023-12-12,2023.0,12.0,12.0
1335256,coffee,5.0,2.0,10.0,,takeaway,2023-08-04,2023.0,8.0,4.0
5968921,salad,5.0,5.0,25.0,credit card,takeaway,2023-10-10,2023.0,10.0,10.0
6895558,coffee,2.0,2.0,4.0,credit card,,2023-04-10,2023.0,4.0,10.0
6428404,salad,2.0,5.0,10.0,digital wallet,in-store,2023-02-06,2023.0,2.0,6.0
6762311,juice,1.0,3.0,3.0,credit card,takeaway,,,,
1190402,cake,1.0,3.0,3.0,credit card,takeaway,2023-12-01,2023.0,12.0,1.0
9607633,,2.0,1.0,2.0,digital wallet,,2023-08-25,2023.0,8.0,25.0
3787941,tea,2.0,1.5,3.0,,,,,,
6349424,sandwich,5.0,4.0,20.0,cash,takeaway,2023-02-24,2023.0,2.0,24.0
1401771,sandwich,2.0,4.0,8.0,cash,,2023-12-08,2023.0,12.0,8.0
9188733,salad,,5.0,,,in-store,2023-08-19,2023.0,8.0,19.0
3334632,,1.0,,,credit card,takeaway,2023-11-20,2023.0,11.0,20.0
3851928,juice,3.0,3.0,9.0,credit card,in-store,2023-02-07,2023.0,2.0,7.0
8267915,sandwich,2.0,4.0,8.0,,takeaway,2023-03-22,2023.0,3.0,22.0
3726397,salad,5.0,5.0,25.0,,takeaway,2023-01-30,2023.0,1.0,30.0
1210058,tea,5.0,1.5,7.5,,,2023-11-25,2023.0,11.0,25.0
7791293,salad,3.0,5.0,15.0,credit card,takeaway,2023-04-08,2023.0,4.0,8.0
6343367,juice,2.0,3.0,6.0,,in-store,2023-09-17,2023.0,9.0,17.0
2653224,juice,3.0,3.0,9.0,digital wallet,,2023-03-27,2023.0,3.0,27.0
6300001,tea,,1.5,,digital wallet,,2023-06-07,2023.0,6.0,7.0
4693942,sandwich,4.0,4.0,16.0,cash,takeaway,2023-12-16,2023.0,12.0,16.0
3562418,,2.0,4.0,8.0,digital wallet,,2023-08-13,2023.0,8.0,13.0
7963324,coffee,3.0,2.0,6.0,,takeaway,2023-12-09,2023.0,12.0,9.0
5563486,juice,5.0,3.0,15.0,digital wallet,in-store,2023-03-13,2023.0,3.0,13.0
3679582,,5.0,2.0,10.0,credit card,in-store,2023-04-11,2023.0,4.0,11.0
6932752,smoothie,5.0,4.0,20.0,,,2023-09-20,2023.0,9.0,20.0
5697414,cake,5.0,3.0,15.0,credit card,in-store,2023-02-16,2023.0,2.0,16.0
5434310,smoothie,3.0,4.0,12.0,cash,,2023-11-21,2023.0,11.0,21.0
8435360,,3.0,1.5,4.5,credit card,in-store,2023-07-03,2023.0,7.0,3.0
5422843,sandwich,2.0,4.0,8.0,cash,in-store,2023-07-21,2023.0,7.0,21.0
1704041,coffee,4.0,2.0,8.0,credit card,,2023-05-21,2023.0,5.0,21.0
9729178,coffee,3.0,2.0,6.0,credit card,,2023-05-28,2023.0,5.0,28.0
4663964,cookie,4.0,,,digital wallet,in-store,2023-06-29,2023.0,6.0,29.0
6805057,cookie,4.0,1.0,4.0,credit card,,2023-10-15,2023.0,10.0,15.0
8162690,salad,2.0,5.0,10.0,digital wallet,,2023-05-08,2023.0,5.0,8.0
7089712,cake,5.0,3.0,15.0,cash,,2023-08-13,2023.0,8.0,13.0
8077812,salad,5.0,,,cash,in-store,2023-01-16,2023.0,1.0,16.0
4834450,cake,2.0,3.0,6.0,cash,,2023-06-26,2023.0,6.0,26.0
9081686,cookie,5.0,1.0,5.0,,,2023-06-11,2023.0,6.0,11.0
6650875,cookie,5.0,1.0,5.0,credit card,takeaway,2023-01-29,2023.0,1.0,29.0
2133223,cake,3.0,3.0,9.0,cash,,2023-11-17,2023.0,11.0,17.0
5879154,salad,2.0,5.0,10.0,,takeaway,2023-06-28,2023.0,6.0,28.0
9575926,sandwich,3.0,4.0,12.0,credit card,,2023-12-12,2023.0,12.0,12.0
5425911,smoothie,1.0,4.0,4.0,digital wallet,,2023-11-30,2023.0,11.0,30.0
5604021,sandwich,,4.0,,cash,takeaway,2023-09-10,2023.0,9.0,10.0
9860308,smoothie,2.0,4.0,8.0,digital wallet,,2023-02-20,2023.0,2.0,20.0
5908078,,1.0,2.0,2.0,,in-store,2023-03-23,2023.0,3.0,23.0
3507013,juice,1.0,,,digital wallet,in-store,2023-01-16,2023.0,1.0,16.0
7896733,cake,4.0,3.0,12.0,digital wallet,,2023-06-03,2023.0,6.0,3.0
3092390,sandwich,3.0,,,,in-store,2023-07-24,2023.0,7.0,24.0
8131570,salad,4.0,5.0,20.0,,in-store,2023-12-02,2023.0,12.0,2.0
3898445,sandwich,3.0,4.0,12.0,cash,takeaway,2023-06-17,2023.0,6.0,17.0
8588758,sandwich,4.0,4.0,16.0,credit card,in-store,,,,
7641606,coffee,3.0,2.0,6.0,credit card,takeaway,2023-12-26,2023.0,12.0,26.0
1414039,juice,4.0,3.0,12.0,,,2023-02-13,2023.0,2.0,13.0
2322162,,5.0,3.0,15.0,digital wallet,,2023-11-12,2023.0,11.0,12.0
6190857,tea,1.0,1.5,1.5,,in-store,2023-10-14,2023.0,10.0,14.0
7652830,,2.0,3.0,6.0,,,2023-08-15,2023.0,8.0,15.0
1688292,,3.0,,,credit card,in-store,,,,
1805937,juice,3.0,3.0,9.0,credit card,,2023-06-12,2023.0,6.0,12.0
7390866,tea,5.0,1.5,7.5,,takeaway,,,,
4717715,sandwich,3.0,4.0,12.0,digital wallet,,2023-07-27,2023.0,7.0,27.0
1237674,,3.0,1.5,4.5,credit card,,2023-10-04,2023.0,10.0,4.0
9686177,cake,3.0,3.0,9.0,,in-store,,,,
2672972,sandwich,1.0,4.0,4.0,digital wallet,takeaway,2023-06-15,2023.0,6.0,15.0
9582818,,1.0,4.0,4.0,cash,in-store,2023-10-27,2023.0,10.0,27.0
6970542,sandwich,4.0,4.0,16.0,credit card,,2023-08-04,2023.0,8.0,4.0
6091542,juice,5.0,3.0,15.0,digital wallet,takeaway,2023-01-17,2023.0,1.0,17.0
4184461,salad,2.0,5.0,10.0,digital wallet,in-store,2023-02-22,2023.0,2.0,22.0
3224397,cookie,4.0,1.0,4.0,digital wallet,takeaway,2023-05-15,2023.0,5.0,15.0
2772639,tea,4.0,1.5,6.0,credit card,in-store,2023-08-30,2023.0,8.0,30.0
4385826,,2.0,1.5,3.0,credit card,takeaway,2023-08-02,2023.0,8.0,2.0
5109348,cake,4.0,3.0,12.0,digital wallet,in-store,2023-02-10,2023.0,2.0,10.0
6137985,coffee,5.0,2.0,10.0,credit card,in-store,2023-03-15,2023.0,3.0,15.0
3895871,,1.0,1.0,1.0,,in-store,2023-05-30,2023.0,5.0,30.0
3526255,smoothie,4.0,4.0,16.0,,takeaway,2023-06-23,2023.0,6.0,23.0
7310356,juice,4.0,3.0,12.0,digital wallet,,2023-10-20,2023.0,10.0,20.0
9054074,cake,1.0,3.0,3.0,credit card,takeaway,2023-10-15,2023.0,10.0,15.0
7538724,sandwich,1.0,4.0,4.0,,in-store,2023-05-17,2023.0,5.0,17.0
6715991,juice,1.0,3.0,3.0,cash,,2023-06-18,2023.0,6.0,18.0
2271725,smoothie,5.0,4.0,20.0,cash,,2023-12-21,2023.0,12.0,21.0
1488481,coffee,4.0,2.0,8.0,credit card,takeaway,2023-07-28,2023.0,7.0,28.0
4600894,,5.0,5.0,25.0,digital wallet,,2023-09-17,2023.0,9.0,17.0
3494652,coffee,1.0,2.0,2.0,,,2023-05-23,2023.0,5.0,23.0
2860281,smoothie,4.0,4.0,16.0,cash,,2023-09-19,2023.0,9.0,19.0
1232346,salad,5.0,5.0,25.0,digital wallet,in-store,2023-01-04,2023.0,1.0,4.0
1911093,tea,2.0,1.5,3.0,digital wallet,in-store,2023-10-07,2023.0,10.0,7.0
1672229,cookie,2.0,1.0,2.0,cash,,2023-11-12,2023.0,11.0,12.0
7056162,smoothie,3.0,4.0,12.0,digital wallet,in-store,2023-03-04,2023.0,3.0,4.0
2064049,salad,4.0,5.0,20.0,credit card,takeaway,2023-09-21,2023.0,9.0,21.0
8191202,cookie,2.0,,,digital wallet,in-store,2023-01-14,2023.0,1.0,14.0
4518505,tea,,1.5,,cash,,2023-05-09,2023.0,5.0,9.0
2823220,salad,4.0,5.0,20.0,,in-store,2023-05-17,2023.0,5.0,17.0
6826409,sandwich,1.0,4.0,4.0,credit card,takeaway,2023-10-21,2023.0,10.0,21.0
2954833,coffee,1.0,2.0,2.0,,,2023-01-29,2023.0,1.0,29.0
5309677,coffee,4.0,2.0,8.0,cash,in-store,2023-08-09,2023.0,8.0,9.0
6011106,juice,2.0,3.0,6.0,digital wallet,,2023-09-07,2023.0,9.0,7.0
4714592,tea,1.0,1.5,1.5,cash,,2023-06-02,2023.0,6.0,2.0
6704284,salad,2.0,5.0,10.0,credit card,takeaway,2023-08-31,2023.0,8.0,31.0
9506076,salad,5.0,5.0,25.0,,,2023-01-17,2023.0,1.0,17.0
2354394,tea,4.0,1.5,6.0,cash,in-store,2023-04-17,2023.0,4.0,17.0
3436344,smoothie,2.0,4.0,8.0,,,2023-02-28,2023.0,2.0,28.0
7826516,cake,4.0,3.0,12.0,credit card,,2023-06-21,2023.0,6.0,21.0
2699745,coffee,4.0,2.0,8.0,,in-store,2023-12-30,2023.0,12.0,30.0
6097664,salad,4.0,5.0,20.0,digital wallet,in-store,2023-11-27,2023.0,11.0,27.0
3858288,tea,2.0,1.5,3.0,,,2023-04-12,2023.0,4.0,12.0
1272815,juice,4.0,3.0,12.0,credit card,,2023-08-07,2023.0,8.0,7.0
4755623,juice,3.0,3.0,9.0,cash,,2023-11-23,2023.0,11.0,23.0
8261045,tea,3.0,1.5,4.5,cash,,2023-01-21,2023.0,1.0,21.0
2217015,coffee,3.0,2.0,6.0,,takeaway,2023-04-17,2023.0,4.0,17.0
1660104,smoothie,2.0,4.0,8.0,credit card,takeaway,2023-02-04,2023.0,2.0,4.0
6589078,tea,3.0,1.5,4.5,digital wallet,,2023-08-03,2023.0,8.0,3.0
6306555,smoothie,1.0,4.0,4.0,digital wallet,takeaway,2023-04-12,2023.0,4.0,12.0
1208561,,,,,credit card,,2023-08-19,2023.0,8.0,19.0
8751702,,5.0,,,cash,,2023-02-13,2023.0,2.0,13.0
2079029,cake,5.0,3.0,15.0,cash,in-store,2023-05-11,2023.0,5.0,11.0
5737641,cookie,1.0,1.0,1.0,,,2023-02-16,2023.0,2.0,16.0
2845506,tea,2.0,1.5,3.0,digital wallet,takeaway,2023-12-30,2023.0,12.0,30.0
8565799,smoothie,4.0,4.0,16.0,credit card,in-store,2023-04-22,2023.0,4.0,22.0
3052584,salad,1.0,5.0,5.0,cash,in-store,2023-01-21,2023.0,1.0,21.0
1530892,juice,2.0,3.0,6.0,digital wallet,,2023-09-09,2023.0,9.0,9.0
3392953,coffee,1.0,2.0,2.0,digital wallet,takeaway,2023-01-06,2023.0,1.0,6.0
4606893,juice,5.0,3.0,15.0,digital wallet,in-store,2023-05-24,2023.0,5.0,24.0
7300653,cookie,5.0,1.0,5.0,,,2023-04-24,2023.0,4.0,24.0
1759063,cookie,2.0,1.0,2.0,digital wallet,takeaway,2023-09-09,2023.0,9.0,9.0
1706896,smoothie,3.0,4.0,12.0,cash,,2023-07-15,2023.0,7.0,15.0
3325234,tea,,1.5,,,in-store,2023-08-26,2023.0,8.0,26.0
5536245,smoothie,4.0,4.0,16.0,cash,,,,,
1976619,coffee,2.0,2.0,4.0,digital wallet,,2023-08-02,2023.0,8.0,2.0
7953750,sandwich,5.0,4.0,20.0,cash,in-store,2023-06-16,2023.0,6.0,16.0
9162296,,3.0,4.0,12.0,cash,in-store,2023-05-10,2023.0,5.0,10.0
8367194,juice,1.0,3.0,3.0,digital wallet,takeaway,2023-02-04,2023.0,2.0,4.0
6744733,sandwich,1.0,4.0,4.0,cash,takeaway,,,,
4959078,cake,2.0,3.0,6.0,digital wallet,takeaway,2023-09-13,2023.0,9.0,13.0
4552137,tea,2.0,1.5,3.0,,in-store,2023-04-05,2023.0,4.0,5.0
1748121,cake,2.0,3.0,6.0,,in-store,2023-12-07,2023.0,12.0,7.0
7922350,coffee,2.0,2.0,4.0,,takeaway,2023-05-09,2023.0,5.0,9.0
1944293,coffee,3.0,2.0,6.0,,in-store,2023-02-25,2023.0,2.0,25.0
4528914,salad,,5.0,,,in-store,2023-08-06,2023.0,8.0,6.0
1928401,sandwich,5.0,4.0,20.0,digital wallet,in-store,2023-06-15,2023.0,6.0,15.0
7621213,coffee,,2.0,,,in-store,2023-03-07,2023.0,3.0,7.0
7861799,cookie,2.0,1.0,2.0,cash,takeaway,2023-05-23,2023.0,5.0,23.0
5244674,cake,5.0,3.0,15.0,,,2023-04-27,2023.0,4.0,27.0
9679675,coffee,1.0,2.0,2.0,cash,,2023-07-07,2023.0,7.0,7.0
2562041,cake,5.0,3.0,15.0,cash,takeaway,2023-12-24,2023.0,12.0,24.0
2738904,smoothie,4.0,4.0,16.0,digital wallet,,2023-11-23,2023.0,11.0,23.0
7359190,salad,,5.0,,,,2023-12-19,2023.0,12.0,19.0
9266499,cake,1.0,3.0,3.0,digital wallet,,2023-02-16,2023.0,2.0,16.0
9196229,sandwich,5.0,4.0,20.0,credit card,,2023-12-08,2023.0,12.0,8.0
3740505,,2.0,1.5,3.0,,,2023-11-21,2023.0,11.0,21.0
4308634,coffee,3.0,2.0,6.0,cash,in-store,2023-02-14,2023.0,2.0,14.0
3450880,tea,3.0,1.5,4.5,,in-store,2023-05-29,2023.0,5.0,29.0
6838411,coffee,1.0,2.0,2.0,cash,,2023-07-04,2023.0,7.0,4.0
7548396,tea,2.0,1.5,3.0,digital wallet,,2023-04-06,2023.0,4.0,6.0
8786286,sandwich,5.0,4.0,20.0,digital wallet,,2023-05-28,2023.0,5.0,28.0
7439400,salad,3.0,5.0,15.0,,takeaway,2023-06-28,2023.0,6.0,28.0
7461658,coffee,3.0,2.0,6.0,credit card,,2023-08-13,2023.0,8.0,13.0
6017034,cake,4.0,3.0,12.0,,,2023-10-06,2023.0,10.0,6.0
3649492,salad,4.0,5.0,20.0,digital wallet,,2023-12-01,2023.0,12.0,1.0
4071743,,5.0,2.0,10.0,,takeaway,2023-07-06,2023.0,7.0,6.0
8150967,smoothie,3.0,4.0,12.0,cash,,2023-01-08,2023.0,1.0,8.0
3792683,salad,4.0,5.0,20.0,digital wallet,in-store,2023-08-06,2023.0,8.0,6.0
4006067,juice,4.0,3.0,12.0,cash,takeaway,2023-01-30,2023.0,1.0,30.0
1975184,coffee,,2.0,,digital wallet,,2023-01-15,2023.0,1.0,15.0
3456242,sandwich,5.0,4.0,20.0,credit card,,2023-04-28,2023.0,4.0,28.0
1928131,smoothie,1.0,4.0,4.0,credit card,takeaway,2023-04-17,2023.0,4.0,17.0
8318388,cake,5.0,3.0,15.0,,,2023-11-26,2023.0,11.0,26.0
8270768,juice,5.0,3.0,15.0,digital wallet,takeaway,2023-02-28,2023.0,2.0,28.0
4157300,tea,4.0,1.5,6.0,cash,takeaway,2023-09-23,2023.0,9.0,23.0
3224156,cookie,1.0,1.0,1.0,credit card,in-store,2023-03-16,2023.0,3.0,16.0
3105633,,1.0,2.0,2.0,,in-store,2023-03-30,2023.0,3.0,30.0
1964893,smoothie,1.0,4.0,4.0,,,,,,
7936851,sandwich,3.0,4.0,12.0,,,2023-10-07,2023.0,10.0,7.0
6393305,salad,5.0,5.0,25.0,digital wallet,in-store,2023-10-19,2023.0,10.0,19.0
7326720,cake,2.0,3.0,6.0,,in-store,2023-12-08,2023.0,12.0,8.0
3069563,sandwich,2.0,4.0,8.0,cash,,2023-04-25,2023.0,4.0,25.0
1728427,coffee,5.0,2.0,10.0,cash,,2023-02-11,2023.0,2.0,11.0
9176288,tea,2.0,1.5,3.0,digital wallet,in-store,2023-02-08,2023.0,2.0,8.0
9071439,juice,3.0,3.0,9.0,credit card,,2023-02-05,2023.0,2.0,5.0
4659954,,3.0,4.0,12.0,credit card,in-store,,,,
1841204,salad,3.0,5.0,15.0,digital wallet,in-store,2023-04-18,2023.0,4.0,18.0
8963470,salad,,5.0,,,in-store,2023-06-01,2023.0,6.0,1.0
8330240,sandwich,4.0,4.0,16.0,digital wallet,,2023-06-06,2023.0,6.0,6.0
3534588,salad,1.0,5.0,5.0,cash,,2023-07-05,2023.0,7.0,5.0
2749289,smoothie,2.0,4.0,8.0,digital wallet,takeaway,2023-05-05,2023.0,5.0,5.0
6587628,coffee,5.0,2.0,10.0,,in-store,2023-05-09,2023.0,5.0,9.0
1711872,juice,1.0,3.0,3.0,,takeaway,2023-01-27,2023.0,1.0,27.0
3809533,juice,2.0,,,digital wallet,takeaway,2023-02-02,2023.0,2.0,2.0
4339925,cookie,1.0,1.0,1.0,cash,takeaway,2023-11-23,2023.0,11.0,23.0
1183208,smoothie,5.0,4.0,20.0,,,2023-08-26,2023.0,8.0,26.0
9089045,coffee,,2.0,,cash,in-store,2023-03-12,2023.0,3.0,12.0
9503145,juice,5.0,3.0,15.0,digital wallet,,2023-09-21,2023.0,9.0,21.0
8999360,juice,3.0,3.0,9.0,cash,takeaway,2023-09-27,2023.0,9.0,27.0
6188262,juice,1.0,3.0,3.0,cash,takeaway,2023-10-24,2023.0,10.0,24.0
5967452,juice,5.0,3.0,15.0,credit card,,2023-03-07,2023.0,3.0,7.0
9053365,cookie,1.0,1.0,1.0,digital wallet,in-store,2023-07-15,2023.0,7.0,15.0
3706457,tea,5.0,1.5,7.5,credit card,takeaway,2023-07-18,2023.0,7.0,18.0
9612533,cake,2.0,3.0,6.0,digital wallet,in-store,2023-01-26,2023.0,1.0,26.0
4948026,tea,4.0,1.5,6.0,digital wallet,in-store,2023-07-02,2023.0,7.0,2.0
8741663,smoothie,1.0,4.0,4.0,credit card,takeaway,2023-01-21,2023.0,1.0,21.0
7249396,cake,1.0,3.0,3.0,cash,,2023-09-26,2023.0,9.0,26.0
8104914,cookie,1.0,1.0,1.0,,takeaway,,,,
8922585,salad,5.0,5.0,25.0,credit card,,2023-06-22,2023.0,6.0,22.0
2112522,sandwich,5.0,4.0,20.0,digital wallet,takeaway,2023-04-30,2023.0,4.0,30.0
2338617,,2.0,3.0,6.0,digital wallet,,2023-01-12,2023.0,1.0,12.0
2464054,coffee,,2.0,,,takeaway,2023-08-18,2023.0,8.0,18.0
6133115,smoothie,5.0,4.0,20.0,,in-store,2023-12-08,2023.0,12.0,8.0
8408353,tea,1.0,1.5,1.5,credit card,,2023-12-13,2023.0,12.0,13.0
6420902,cake,3.0,3.0,9.0,credit card,takeaway,2023-11-22,2023.0,11.0,22.0
9400245,salad,1.0,5.0,5.0,,in-store,2023-02-24,2023.0,2.0,24.0
4767609,coffee,3.0,2.0,6.0,digital wallet,in-store,2023-10-15,2023.0,10.0,15.0
1425591,smoothie,1.0,4.0,4.0,cash,,2023-09-10,2023.0,9.0,10.0
2292088,,1.0,4.0,4.0,digital wallet,takeaway,2023-03-04,2023.0,3.0,4.0
6706599,cake,1.0,3.0,3.0,,takeaway,2023-09-20,2023.0,9.0,20.0
4365321,salad,4.0,5.0,20.0,cash,in-store,2023-03-09,2023.0,3.0,9.0
4457299,smoothie,3.0,4.0,12.0,credit card,in-store,2023-09-19,2023.0,9.0,19.0
4671375,tea,1.0,1.5,1.5,,,2023-06-28,2023.0,6.0,28.0
1184715,cake,2.0,3.0,6.0,,,2023-09-10,2023.0,9.0,10.0
5981429,juice,2.0,,,digital wallet,,2023-12-24,2023.0,12.0,24.0
9036527,smoothie,4.0,4.0,16.0,digital wallet,,2023-06-27,2023.0,6.0,27.0
2464706,cake,4.0,,,digital wallet,takeaway,2023-11-09,2023.0,11.0,9.0
8844497,sandwich,3.0,4.0,12.0,,takeaway,2023-11-18,2023.0,11.0,18.0
5171519,salad,3.0,5.0,15.0,,in-store,2023-04-06,2023.0,4.0,6.0
6049240,juice,1.0,3.0,3.0,cash,,2023-05-31,2023.0,5.0,31.0
4428252,sandwich,3.0,4.0,12.0,,takeaway,2023-10-31,2023.0,10.0,31.0
8344810,smoothie,2.0,4.0,8.0,,,,,,
8502079,tea,,1.5,,cash,,2023-04-20,2023.0,4.0,20.0
9460419,cake,1.0,3.0,3.0,,takeaway,,,,
1169615,smoothie,5.0,4.0,20.0,digital wallet,in-store,2023-03-16,2023.0,3.0,16.0
9778251,tea,,1.5,,,takeaway,2023-11-09,2023.0,11.0,9.0
1949093,smoothie,2.0,4.0,8.0,cash,,2023-02-05,2023.0,2.0,5.0
8253472,cake,1.0,3.0,3.0,,,,,,
9357808,sandwich,4.0,4.0,16.0,cash,,2023-05-20,2023.0,5.0,20.0
9026468,sandwich,2.0,4.0,8.0,credit card,,2023-08-23,2023.0,8.0,23.0
8273780,salad,2.0,5.0,10.0,digital wallet,takeaway,2023-10-15,2023.0,10.0,15.0
4224427,juice,4.0,3.0,12.0,cash,takeaway,2023-01-23,2023.0,1.0,23.0
5344848,salad,1.0,5.0,5.0,digital wallet,takeaway,2023-09-27,2023.0,9.0,27.0
6411708,coffee,4.0,2.0,8.0,credit card,in-store,2023-05-20,2023.0,5.0,20.0
7495283,cake,,3.0,,credit card,takeaway,2023-04-14,2023.0,4.0,14.0
8153550,cookie,2.0,1.0,2.0,cash,takeaway,2023-10-12,2023.0,10.0,12.0
8807600,,1.0,4.0,4.0,cash,takeaway,2023-09-24,2023.0,9.0,24.0
5921442,smoothie,4.0,4.0,16.0,cash,takeaway,2023-02-04,2023.0,2.0,4.0
9496697,tea,1.0,1.5,1.5,,in-store,2023-09-27,2023.0,9.0,27.0
3130865,juice,3.0,3.0,9.0,,in-store,,,,
2818204,cake,1.0,3.0,3.0,digital wallet,,2023-03-09,2023.0,3.0,9.0
4122925,,4.0,1.0,4.0,,takeaway,2023-10-20,2023.0,10.0,20.0
9407169,sandwich,1.0,4.0,4.0,digital wallet,,2023-01-28,2023.0,1.0,28.0
8966400,cake,5.0,3.0,15.0,credit card,takeaway,2023-11-29,2023.0,11.0,29.0
1191659,coffee,4.0,2.0,8.0,credit card,in-store,2023-11-21,2023.0,11.0,21.0
9187008,tea,4.0,1.5,6.0,,,2023-09-16,2023.0,9.0,16.0
1958525,cookie,3.0,1.0,3.0,,takeaway,2023-10-08,2023.0,10.0,8.0
6487003,coffee,,2.0,,credit card,takeaway,2023-11-15,2023.0,11.0,15.0
4125474,,2.0,5.0,10.0,credit card,in-store,2023-08-02,2023.0,8.0,2.0
4556831,juice,2.0,3.0,6.0,digital wallet,in-store,2023-05-28,2023.0,5.0,28.0
3546629,juice,5.0,3.0,15.0,,in-store,2023-03-04,2023.0,3.0,4.0
2153100,tea,2.0,,,cash,,2023-12-29,2023.0,12.0,29.0
4723089,sandwich,4.0,4.0,16.0,cash,in-store,2023-05-23,2023.0,5.0,23.0
8545707,cake,5.0,3.0,15.0,,takeaway,2023-02-14,2023.0,2.0,14.0
8938445,cake,3.0,3.0,9.0,,in-store,2023-11-07,2023.0,11.0,7.0
5846013,tea,2.0,1.5,3.0,digital wallet,,2023-12-20,2023.0,12.0,20.0
6494265,coffee,2.0,2.0,4.0,,,2023-05-24,2023.0,5.0,24.0
8563793,juice,4.0,3.0,12.0,,in-store,2023-03-26,2023.0,3.0,26.0
8866974,smoothie,3.0,4.0,12.0,digital wallet,takeaway,2023-03-14,2023.0,3.0,14.0
9954652,coffee,2.0,2.0,4.0,cash,in-store,2023-09-12,2023.0,9.0,12.0
5762440,sandwich,5.0,4.0,20.0,cash,in-store,2023-03-05,2023.0,3.0,5.0
6120851,salad,5.0,5.0,25.0,cash,takeaway,2023-02-04,2023.0,2.0,4.0
3124078,cake,4.0,3.0,12.0,,in-store,2023-08-06,2023.0,8.0,6.0
7936002,salad,2.0,5.0,10.0,digital wallet,,2023-01-26,2023.0,1.0,26.0
8076061,tea,4.0,1.5,6.0,cash,in-store,2023-04-01,2023.0,4.0,1.0
9668108,cake,1.0,3.0,3.0,cash,in-store,2023-01-20,2023.0,1.0,20.0
3528020,cookie,1.0,1.0,1.0,,takeaway,2023-08-26,2023.0,8.0,26.0
5548914,juice,2.0,3.0,6.0,digital wallet,in-store,2023-11-04,2023.0,11.0,4.0
4302199,tea,3.0,1.5,4.5,,,2023-02-16,2023.0,2.0,16.0
9933628,smoothie,5.0,4.0,20.0,cash,in-store,2023-07-20,2023.0,7.0,20.0
6796890,tea,4.0,1.5,6.0,,,2023-08-24,2023.0,8.0,24.0
4583012,,5.0,4.0,20.0,digital wallet,,2023-02-27,2023.0,2.0,27.0
8567525,cookie,2.0,1.0,2.0,,takeaway,2023-12-30,2023.0,12.0,30.0
9226047,smoothie,3.0,4.0,12.0,cash,,,,,
3142496,smoothie,,4.0,,cash,takeaway,2023-07-27,2023.0,7.0,27.0
3297457,cake,2.0,3.0,6.0,,,2023-01-03,2023.0,1.0,3.0
2858441,sandwich,2.0,4.0,8.0,credit card,in-store,2023-12-14,2023.0,12.0,14.0
1784478,juice,5.0,3.0,15.0,cash,,2023-07-31,2023.0,7.0,31.0
9594133,cake,5.0,3.0,15.0,,,,,,
1741685,juice,5.0,3.0,15.0,cash,,2023-08-18,2023.0,8.0,18.0
1538510,coffee,5.0,2.0,10.0,digital wallet,,2023-05-22,2023.0,5.0,22.0
3897619,sandwich,3.0,4.0,12.0,cash,takeaway,2023-02-24,2023.0,2.0,24.0
2739140,smoothie,4.0,4.0,16.0,,in-store,2023-07-05,2023.0,7.0,5.0
4766549,smoothie,2.0,4.0,8.0,cash,,2023-10-20,2023.0,10.0,20.0
7851634,,4.0,4.0,16.0,,,2023-01-08,2023.0,1.0,8.0
7672686,coffee,2.0,2.0,4.0,,,2023-08-30,2023.0,8.0,30.0
9659401,,3.0,,,digital wallet,,2023-06-02,2023.0,6.0,2.0
5255387,coffee,4.0,2.0,8.0,digital wallet,,2023-03-02,2023.0,3.0,2.0
7695629,cookie,3.0,,,digital wallet,,2023-12-02,2023.0,12.0,2.0
6170729,sandwich,3.0,4.0,12.0,cash,in-store,2023-11-07,2023.0,11.0,7.0
